recommendationid,language,review,timestamp_created,timestamp_updated,voted_up,votes_up,votes_funny,weighted_vote_score,written_during_early_access,comment_count,steam_purchase,received_for_free,cleaned_review,vader_score,label
221615264,english,"This game is amazing!

I first played this game with family, and it ended up being one of the most interesting and unique gaming experiences that i have ever had. i swear, every time someone picked up some new piece of awesome loot our cats would run and hide because we would all start screaming at each other because everyone wanted the special gear for our builds. its just so much fun when, as a family, you slaughter an entire group of enemies with the most disgusting and evil blood magic, and then suck out their very souls afterwards! ahh good times.

the necromancy in this game is AMAZING!!! definitely the coolest necromancy/blood magic that has ever existed. and there is nothing more satisfying than having your little sibling steal that awesome new wand that would go perfectly on YOUR character, and then use them as a conductor for chain lightning just out of spite!

the story is flat out amazing, the soundtracks are beautiful, the artwork is stunning, the characters can be both sinister and adorable, the humor is top-notch, and the best part (to me at least): every single ability feels both powerful and unique.

all in all, this is one of the best games that i have ever played and probably ever will play and it only gets better when you play with people you know. 100/10 i cannot recommend this game enough!",1774390413,1774390413,True,32,4,0.746376633644104,False,0,True,False,game amazing first played game family ended one interesting unique gaming experience ever swear every time someone picked new piece awesome loot cat would run hide would start screaming everyone wanted special gear build much fun family slaughter entire group enemy disgusting evil blood magic suck soul afterwards ahh good time necromancy game amazing definitely coolest necromancyblood magic ever existed nothing satisfying little sibling steal awesome new wand would go perfectly character use conductor chain lightning spite story flat amazing soundtrack beautiful artwork stunning character sinister adorable humor topnotch best part least every single ability feel powerful unique one best game ever played probably ever play get better play people know recommend game enough,0.9925,1
221501381,english,Good game. Fun campaign. Not too long. Just about right. It is fun and has good combat.,1774283382,1774283451,True,9,5,0.6283783912658691,False,1,True,False,good game fun campaign long right fun good combat,0.875,1
221974475,english,"Finished it with a friend. I played with a tank and melee dps, she played with a mage and a healer. We had also played and completed the first game, so we knew what we were getting into. The game fulfilled AND surpassed our expectations:

- great character customization and very interesting pre-made ones, with their own stories and quests
- we loved the new races, classes and skills added
- so many different playstyles you could never get bored
- beautifully designed and written quests and main storyline
- good itemization system

One of the best RPG games I've ever played.
",1774749665,1774749665,True,12,0,0.6439682841300964,False,0,True,False,finished friend played tank melee dp played mage healer also played completed first game knew getting game fulfilled surpassed expectation great character customization interesting premade one story quest loved new race class skill added many different playstyles could never get bored beautifully designed written quest main storyline good itemization system one best rpg game ive ever played,0.9842,1
222890822,english,"This is one of the best games that i have played, The story and lore is amazing. 
The game mechanics are extremely fun. 
Its just so DAMN good!!!
I hope Larian will make Divinity Original Sin 3, god please! :D",1775756702,1775756702,True,7,0,0.5870206356048583,False,0,True,False,one best game played story lore amazing game mechanic extremely fun damn good hope larian make divinity original sin god please,0.9797,1
223199328,english,"Best game ever, recommended to everyone who loves standing in cursed fire \ water \ poison \ gas clouds \ shock etc in all fights",1776109051,1776109051,True,3,2,0.5338982939720153,False,0,True,False,best game ever recommended everyone love standing cursed fire water poison gas cloud shock etc fight,-0.128,1
221477556,english,Another classic. So much to do! Years down the line this game will still be amazing.,1774263862,1774263862,True,3,0,0.5507487654685974,False,0,True,False,another classic much year line game still amazing,0.6239,1
223247369,english,"Amazing i am having so much fun 

Larian do exploration the best in my opinion 

Combat Excellent 

Writing Great

Highly recommend",1776179365,1776179365,True,2,0,0.5454545617103576,False,0,True,False,amazing much fun larian exploration best opinion combat excellent writing great highly recommend,0.9708,1
222227788,english,"One of the best RPG, All though it is hard to get into but it's well worth the struggle.",1775016651,1775016651,True,3,1,0.5454545617103576,False,1,True,False,one best rpg though hard get well worth struggle,0.5346,1
223628328,english,"I bought this game after playing Baldur's Gate 3 hoping that I would enjoy the same Larian Studio's magic but I just can't get into it, I have tried 3 times and sunk in almost 10 hours and it feels like I'm literally going nowhere. this is a really difficult game and if you really love RPGS with a lot of depth I think you'll dig it. I do not have the time to try and master the combat in this game. The system is very complex and I'm sure once you spend some serious time with it I'm sure the game gets really good. For those of us with less patience it's probably a good idea to pass on this title.",1776608925,1776608925,False,1,1,0.5238095521926879,False,2,True,False,bought game playing baldurs gate hoping would enjoy larian studio magic cant get tried time sunk almost hour feel like im literally going nowhere really difficult game really love rpgs lot depth think youll dig time try master combat game system complex im sure spend serious time im sure game get really good u less patience probably good idea pas title,0.9688,0
223588193,english,"This is a classic RPG, DOS and DOS2 both set the standard for RPG games moving forward.  I have played this game periodically over the years on several different platforms.   This time is a new playthrough with my kids who asked me what my favorite RPG games were.",1776568563,1776568563,True,1,0,0.5238095521926879,False,0,True,False,classic rpg do do set standard rpg game moving forward played game periodically year several different platform time new playthrough kid asked favorite rpg game,0.6597,1
222699586,english,"So, I've been wanted to play this for years. I played Divinity Original Sin and enjoyed that. I got Baldur's Gate 3 for Christmas and loved that. The natural thing to do after playing those was to get DOS2. 100% recommend. I really like Larian's game system--the controls and crafting are very intuitive. The only real issue I have with their games is that figuring out the progression of some of the quests isn't as intuitive. That aside, I can look these things up if I get stuck, so it's not deal breaker for me.

The game runs smoothly, looks good, and is fun to play. Another solid Larian game.",1775512083,1775512083,True,1,0,0.5238095521926879,False,0,True,False,ive wanted play year played divinity original sin enjoyed got baldurs gate christmas loved natural thing playing get do recommend really like larians game systemthe control crafting intuitive real issue game figuring progression quest isnt intuitive aside look thing get stuck deal breaker game run smoothly look good fun play another solid larian game,0.9821,1
222690134,english,"I actually liked DOS2 more than Baldur’s Gate 3, probably an unpopular opinion, maybe because it was the first Larian game I played.
Amazing story, engaging combat, especially the elemental reactions, beautiful graphics, overall a very polished game.",1775502757,1775502757,True,1,0,0.5238095521926879,False,0,True,False,actually liked do baldurs gate probably unpopular opinion maybe first larian game played amazing story engaging combat especially elemental reaction beautiful graphic overall polished game,0.9169,1
222661232,english,I never finished this game. Wanted to go back and play it but the game itself doesn't even launch.,1775477174,1775477174,False,1,0,0.5238095521926879,False,0,True,False,never finished game wanted go back play game doesnt even launch,0.1779,0
222467608,english,"Awesome RPG, great characters and storylines, varied and it's able to be replayed over and over which is absolutely awesome!",1775281664,1775281664,True,1,0,0.5238095521926879,False,0,True,False,awesome rpg great character storyline varied able replayed absolutely awesome,0.9311,1
222315601,english,"On my way to basically becoming a God, got a mission from bunch of distressed chickens to find and return their eggs. Because no task is small enough for the chosen one.

Also, you would think Larian studios is based on USA from the amount of oil barrels in Rivellon.

EDIT: Gave up after reaching and venturing Arx for awhile. It was a major red flag only 20% of players even reach Arx according to Steam achievements and the warning signs were already visible in previous area:

The endless gank fights where enemies just have advantage because game script says so. Over and over again you end in situations where enemies are around you and they have tactically superior positions. And they are ALWAYS higher level than you, so you do so little damage to them while they get massive damage bonuses.

It is just so unfair. I guess plenty of people like unfair and cheesing the game to get to same level of unfair.

It becames painfully obvious why BG3 is liked by so many people who aren't hardcore CRPG players and divinity games are not.",1775124101,1776618626,True,1,1,0.5238095521926879,False,0,True,False,way basically becoming god got mission bunch distressed chicken find return egg task small enough chosen one also would think larian studio based usa amount oil barrel rivellon edit gave reaching venturing arx awhile major red flag player even reach arx according steam achievement warning sign already visible previous area endless gank fight enemy advantage game script say end situation enemy around tactically superior position always higher level little damage get massive damage bonus unfair guess plenty people like unfair cheesing game get level unfair becames painfully obvious bg liked many people arent hardcore crpg player divinity game,-0.9527,1
222267539,english,"TLDR: If you enjoyed Divinity or any of the other games like it, this is a home run and despite some changes to the mechanics, manages to be a bright, shining light among the crowd.

After thoroughly enjoying the first Divinity game as a two-player experience at home, it was time to expand things online with all my friends. Larian Studios have really shined with Divinity and it continues with Divinity II, which is pretty much bigger and better in about ever sense of the word - and not just in size, but in quality. And while some of the changes may not necessarily be for the better - nothing was broken along the way and the scope of the story, characters and the world has been greatly expanded making up for any questionable mechanics in my eyes.

Looks and Stuff: It's not that the first game looked bad - it was just a bit rough around the edges. Divinity II smooths all those edges out and presents a truly and fully fleshed-out game, both in environments, enemies and characters. But the visuals aren't the only thing improved, with a truly impressive vocal cast and a sweeping score to go along with the action. If you want an immersive experience, this is the perfect game to get lost in - even moreso than something like Witcher 3 or Skyrim - and that in of itself is an impressive result.

Story: Epic in every sense of the world - the game takes place in the same world, Rivellon, as the first, but we fast forward quite a bit. In this future time, our Divine Order finds itself rather adrift after the death of Lucian the Divine (kind of like the pope - but with more direct contact with the gods) and the rather underwhelming replacement who is trying to hold things together. To make matters worse, it seems that people who can harness Source (aka magic) are suddenly attracting creatures known as Voidwoken - who tend to kill everyone in sight when they appear. Thus sourcerers of all stripes are being rounded up and taken to Fort Joy (aka magic prison island), fitted with source-cancelling collars and kept under a tight watch by the Magisters. The rather robust introduction lets you take on the role of one of the six origin characters (each with their own in-depth story) or you can create your own from a variety of options including races and whether or not you want to be undead or not. Then it throws you on a ship bound for Fort Joy and lets you explore the myriad mechanics of the game you will be spending the better part of a year playing.

Fort Joy itself is really just an extension of the introduction - and it can be a bit overwhelming at first to realize this huge starting area is just a really long tutorial. You soon learn that your (chosen) characters is one of a handful of Godwoken - that is, an analog to one of the gods in the Rivellon pantheon and can ascend to the Divine if they so choose. Of course, this means escaping Fort Joy, figuring out the issue with the Voidwoken, confronting the current Divine Order and all manner of side quests along the way. In addition, the six origin characters each have their own stories - from dealing with a demonic entity in their head to confronting many shadows of their past - and while you don't have to play as each of the characters to explore their stories (single player can control up to four - if they don't royally piss them off), it provides plenty of incentive for replay.

Gameplay: As in the first game, the large world is presented in a top-down perspective with the ability to wander as you will - talk to every person (and animal, if you have the right perk), take everything in sight (though stealing will get you in trouble) and kill anyone you feel like. Many characters will give you various side-quests and it is advisable to do as many as you can because, as in the first game, enemies are finite and if you will need every drop of XP you can get to improve your stats or you can get in a pickle with later battles. Speaking of stats, you have many - base stats like strength (tank's favorite), finesse (archer's delight), constitution (hp for the win) intelligence (better magics), memory (learn more skills across the board) and wits (spotting secrets, going first in battle and hitting harder). You can also choose from a wide variety of preset classes that let you really dig deep into how you want to play the game. On top of that, civic points let you be a thief, a persuasion machine or identify items. Usually you want to focus on just a couple of these for the best results. Finally you have the rarer talents - including the likes of Pet Pal (talk to animals), Opportunist (attacks of opportunity) and Leech (heal while standing in blood). Talents can both affect combat and the game in general and offer a wide array of combinations to try out.

If you played the first game, combat is going to feel a lot different this time around. That is because the game has decided Physical and Magic armor are now separate things - you have to whittle one or the other down (using physical or magical attacks) before actually doing any real damage. In addition until that bar is consumed, your physical and magic abilities will also not take affect (thus things like knockdown or elemental affects are null and voided). This mechanic does take getting used to and it also seems to nerf some of the best attacks from the first game. Likewise, your own character has their own bar based on the equipment they have on and often you must balance things out because going full physical or magic is recipe for disaster in the long run. That also means your character builds must be taken into account as you must strike a balance with magic, unfortunately, proving somewhat underwhelming compared to a full-on physical assault.

Replay value: Off the charts, provided you want to sink several hundred hours into this world more than once.

Presentation: 5/5
Story: 5/5
Gameplay: 4/5
Replay: 5/5
Overall (not an average): 4.5/5",1775065349,1775065349,True,2,0,0.5238095521926879,False,0,True,False,tldr enjoyed divinity game like home run despite change mechanic manages bright shining light among crowd thoroughly enjoying first divinity game twoplayer experience home time expand thing online friend larian studio really shined divinity continues divinity ii pretty much bigger better ever sense word size quality change may necessarily better nothing broken along way scope story character world greatly expanded making questionable mechanic eye look stuff first game looked bad bit rough around edge divinity ii smooth edge present truly fully fleshedout game environment enemy character visuals arent thing improved truly impressive vocal cast sweeping score go along action want immersive experience perfect game get lost even moreso something like witcher skyrim impressive result story epic every sense world game take place world rivellon first fast forward quite bit future time divine order find rather adrift death lucian divine kind like pope direct contact god rather underwhelming replacement trying hold thing together make matter worse seems people harness source aka magic suddenly attracting creature known voidwoken tend kill everyone sight appear thus sourcerers stripe rounded taken fort joy aka magic prison island fitted sourcecancelling collar kept tight watch magisters rather robust introduction let take role one six origin character indepth story create variety option including race whether want undead throw ship bound fort joy let explore myriad mechanic game spending better part year playing fort joy really extension introduction bit overwhelming first realize huge starting area really long tutorial soon learn chosen character one handful godwoken analog one god rivellon pantheon ascend divine choose course mean escaping fort joy figuring issue voidwoken confronting current divine order manner side quest along way addition six origin character story dealing demonic entity head confronting many shadow past dont play character explore story single player control four dont royally piss provides plenty incentive replay gameplay first game large world presented topdown perspective ability wander talk every person animal right perk take everything sight though stealing get trouble kill anyone feel like many character give various sidequests advisable many first game enemy finite need every drop xp get improve stats get pickle later battle speaking stats many base stats like strength tank favorite finesse archer delight constitution hp win intelligence better magic memory learn skill across board wit spotting secret going first battle hitting harder also choose wide variety preset class let really dig deep want play game top civic point let thief persuasion machine identify item usually want focus couple best result finally rarer talent including like pet pal talk animal opportunist attack opportunity leech heal standing blood talent affect combat game general offer wide array combination try played first game combat going feel lot different time around game decided physical magic armor separate thing whittle one using physical magical attack actually real damage addition bar consumed physical magic ability also take affect thus thing like knockdown elemental affect null voided mechanic take getting used also seems nerf best attack first game likewise character bar based equipment often must balance thing going full physical magic recipe disaster long run also mean character build must taken account must strike balance magic unfortunately proving somewhat underwhelming compared fullon physical assault replay value chart provided want sink several hundred hour world presentation story gameplay replay overall average,0.9984,1
222093925,english,"I love turn based games, and this is one of the better ones. I'd happily play this again.",1774870041,1774870041,True,1,0,0.52173912525177,False,0,True,False,love turn based game one better one id happily play,0.9201,1
221589673,english,"Bought this after the new divinity game was announced. Not disappointed in the purchase at all, especially when available on massive discounts. Great game if you're into turn based RPGs focused on story and worldbuilding.",1774369773,1774369773,True,1,0,0.52173912525177,False,0,True,False,bought new divinity game announced disappointed purchase especially available massive discount great game youre turn based rpgs focused story worldbuilding,0.9178,1
222880891,english,"I'm an oldschool RPG nerd and this hit Every checkbox for me.  The writing is great, the combat is fun and engaging, Larian have built a gorgeous world to explore.  If you are an RPG fan or getting into them, Please play this, you won't regret it.",1775747073,1775747073,True,1,0,0.5172414183616638,False,0,True,False,im oldschool rpg nerd hit every checkbox writing great combat fun engaging larian built gorgeous world explore rpg fan getting please play wont regret,0.9554,1
221948673,english,"This is a game I thought I was going to love, but honestly, I think it is pure garbage. After 6 hours, I've already dropped it after reading that it won't really get any better after Fort Joy. I know I've played it for a very short time, but I can't take it anymore.

1. The tone is super weird for an RPG - quirky, sarcastic, and humorous while trying to have a serious background. It wouldn't be a problem if these quirks were sporadic, but almost every character talks like they were written by a stupid Millennial. It makes me not want to take the story seriously AT ALL, and a compelling story and world are what make me want to keep playing an RPG. What are the stakes? What happens if I fail? What happens if I succeed? Do I care if everyone in this world dies or not? This is a rare breed of game where I don't even care about causing havoc because I think the setting itself is dull.

2. It is a game with tons of (usually pointless) dialogue, but once I realized that the walls of text are just white noise, I stopped caring. In games like Mass Effect and New Vegas, for instance, what you say actually makes a difference, and you can avoid combat or provoke mass killings based solely on what you choose and your roleplaying, which seems to be the total opposite in Original Sin 2, where you'll always be dragged to a combat situation, whether you like it or not.

3. Despite being the most praised aspect of the game, the combat is boring as all hell, and this comes from a guy who enjoys turn-based combat. The system fails to explain how to properly engage in its mechanics, so you'll have to do a lot of trial-and-error and look it up online to learn how to properly play the damn thing. I am not the type of guy who'll invest my time trying to understand a complex game that I don't care about.

Overall, I think this is either a) an extremely overrated game, or b) a product that's designed for someone radically different than me. Either way, I don't think it is a compelling game, and definitely not worth the money.",1774726144,1774726144,False,8,2,0.5248122215270996,False,0,True,False,game thought going love honestly think pure garbage hour ive already dropped reading wont really get better fort joy know ive played short time cant take anymore tone super weird rpg quirky sarcastic humorous trying serious background wouldnt problem quirk sporadic almost every character talk like written stupid millennial make want take story seriously compelling story world make want keep playing rpg stake happens fail happens succeed care everyone world dy rare breed game dont even care causing havoc think setting dull game ton usually pointless dialogue realized wall text white noise stopped caring game like mass effect new vega instance say actually make difference avoid combat provoke mass killing based solely choose roleplaying seems total opposite original sin youll always dragged combat situation whether like despite praised aspect game combat boring hell come guy enjoys turnbased combat system fails explain properly engage mechanic youll lot trialanderror look online learn properly play damn thing type guy wholl invest time trying understand complex game dont care overall think either extremely overrated game b product thats designed someone radically different either way dont think compelling game definitely worth money,0.94,0
223150334,english,"The story is mediocre and it’s gameplay is highly questionable. First if you’re not min maxing the game you’re playing it wrong since all fights will take forever and you’ll die too often. You practically have to go in already knowing what build and how your going to build into it before you even start playing. Constitution being a trap stat is idiotic as all it does is up health, but once your shields are gone enemies just keep knocking you down or freezing you as the game is purely built around this armor/stunlock gimmick. Levels become quickly too few and far between as by the end of act 1 you should be about level 9, act 2 about 17 and by the end of the game around 21 despite being 4 acts and the last civil point is at 34. If your level 17 by the end of act 2 you should at least be level 34 by the end of act 4. Archers are way to strong in general as in 1 turn you will lose all your armor and half your health while your teammate kills enemies on the first turn. When I chose battlemage I expected, from the character model when choosing it, something like a mixture between fighter and wizard, but it’s not and what you choose is to go battle or mage pretty much just int based fighter or wizard at that point. If you aren’t going to actually DO anything with these classes then you might as well get rid of them as the three base classes should be fighter, archer and mage and everything else is just a form of mixture of them or unique. In my play through with friends, what I found is that splitting my points between both strength and int it caused me to be wildly under powered by fairly early act 2 and I quickly had to full path on int with enough strength to have good armor and unless I was gonna start going range I had to dump dual wield for two hand staff as only wands and staffs use int and staffs are the only melee int, while finesse has knives and javelins alongside bows and strength only has melee weapons where in DnD there are strength range and magic based melee and maybe maces, as a cleric’s iconic weapon is a mace, or a rapier could have been an answer for one handed int melee. Here me and one of my friends are dying as due to me dual wielding swords and him wanting to go full summoner meanwhile our other friend who went archer was killing guys in single turns. The summoner had to go wand and shield to survive and we found summoner isn’t that great later in the game as it kinda falls off, but theirs no way, besides selling random stuff or just stealing everything, to get back that money spent on those books and I really don’t want to play the STUPID STEAL EVERYTHING META. I WANT TO PLAY AS A NORMAL PERSON ACTUALLY TRYING TO OBTAIN THESE THINGS THROUGH PURCHASE, BUT NO THE GAME FEELS LIKE IT ACTIVELY DISCOURAGES SUCH PLAY FOR META GAMING GARBAGE. AT THAT POINT I MAY AS WELL JUST BE A MURDER HOBO. I want to enjoy this game, the first act was pretty good and I want a game that actually wants me to try things out, experiment and this almost gets there, but it drops it past allowing respecing your character as you have to purchase or steal books for those skills and this could have added respecing for the skill books. Add a point system that allows you to chose what skills you want, have memory be a cost per spell it’d be same thing anyways. If you really want you can even keep buying the book in the game, but everyone gets the skill as it makes no sense that a skill book disappears after use, again memory just becomes a point system for what skills you want. I know this would bog down the current skill book so my answer would be to have skills attached to a stat and then have stats tabbed in the skill book, I.E. necromancer tab or pyromancer or warfare. The answer for mixed ones would be a mixed/misc tab. You don’t just lose a recipe book when used and, while you can probably still make it without the book, you can still sell a recipe book after learning it and everyone learns the recipe so the same could be done to skill books. Act 2 has no sense of direction and lets you go until you hit a wall as enemies are too strong so you go a different path until again too strong and you keep doing that, feeling like you’re stumbling your way through the whole act. Don’t know what caused it, but I feel that nothing should cost durability as it’s just not a good system. Who ever programmed enemies to prioritize the rando person tied up and can’t move over the party is a brain dead idiot. Persuasion is highly confusing as I’ve read that all it does is lower the required amount of attribute to pass, but it doesn’t seem to actually do that and you just have to put points into persuade, also if it wouldn’t change the event outcome or that choice always fails no matter what then there is no point of that choice to exist. I feel that a few skills could just be folded into each other like bartering and persuasion or thievery and sneaking. Telekinesis is worthless unless you’re running a stupid, but kinda funny, build and if your running lucky charm you have to have lore master, unless you want to spend money on identifying items. Items that become your sole means of upgrading your character as it’s better than most you can buy or find, if your not building into special armor sets. Sets that are missable as most start in act 1 and if you don’t get it then you can’t complete it and thus it’s worthless beyond a short upgrade to what you had at the time. Same with character quests like the red prince's didn't continue past fort joy because we either missed a dreamer or it just bugged out when interacting with the princess. Persuasion is required on at least one character and you have to keep people away from things that may auto talk as it’ll chose whomever is closest and if it’s not your max persuasion then you’ll rarely be able to get through the dialogue, unless you have the specific backgrounds for other choices. I go in to a conversation and my persuasions are strength, finesse and con, but I build int so I can’t do any of them so we reload as we lost the fight anyway and my friend who went finesse goes in and they get strength, wits and int as theirs instead, even if this might be a race thing it’s annoying that it changed between us to have what we don’t build. The questing/journal sucks as the red flag barley indicates anything or don’t tell anything and the journal is of no help and some cases the flag stays despite quest completion or some are just bugged like checking the 4 heroes graves is supposed to start a fight, but it just didn’t. If you don’t realize you can just click your icon when stacking buffs then you might accidentally buff an enemy just because their large model overlaps yours or your allies. Also can you highlight the character when I hover over them on the turn bar? I want to know where they are over needing to hover over the character to know when their turn is. My friends have this issue where if they try to do spells too fast it’ll just have them move instead when they click. provoke is a coin flip on if it even works for you, but against you and you lose control of your character. The fight on bloodmoon island against the demon that can just suddenly possess someone is the epitome of what is wrong with the game and was what killed the game for me and my friends. Not even modding could save this game and I had to drop it. Even installing unleashed had issues like no mod settings so we could change things that were causing issues for us. Ultimately these problems compound and make a game that has some flaws, but could be fun into an aggravating and annoying mess as I can’t play how I want to, combat’s practically useless once you understand the gimmick, and most other aspects are poorly designed. I know that bad builds exist, but the way I tried to build is how I expect my class to be built and if I want to continue I have to play the meta as anything else just sucks and I just can’t recommend this game.",1776041299,1776043037,False,5,6,0.5343024730682373,False,0,True,False,story mediocre gameplay highly questionable first youre min maxing game youre playing wrong since fight take forever youll die often practically go already knowing build going build even start playing constitution trap stat idiotic health shield gone enemy keep knocking freezing game purely built around armorstunlock gimmick level become quickly far end act level act end game around despite act last civil point level end act least level end act archer way strong general turn lose armor half health teammate kill enemy first turn chose battlemage expected character model choosing something like mixture fighter wizard choose go battle mage pretty much int based fighter wizard point arent going actually anything class might well get rid three base class fighter archer mage everything else form mixture unique play friend found splitting point strength int caused wildly powered fairly early act quickly full path int enough strength good armor unless gon na start going range dump dual wield two hand staff wand staff use int staff melee int finesse knife javelin alongside bow strength melee weapon dnd strength range magic based melee maybe mace cleric iconic weapon mace rapier could answer one handed int melee one friend dying due dual wielding sword wanting go full summoner meanwhile friend went archer killing guy single turn summoner go wand shield survive found summoner isnt great later game kinda fall way besides selling random stuff stealing everything get back money spent book really dont want play stupid steal everything meta want play normal person actually trying obtain thing purchase game feel like actively discourages play meta gaming garbage point may well murder hobo want enjoy game first act pretty good want game actually want try thing experiment almost get drop past allowing respecing character purchase steal book skill could added respecing skill book add point system allows chose skill want memory cost per spell itd thing anyways really want even keep buying book game everyone get skill make sense skill book disappears use memory becomes point system skill want know would bog current skill book answer would skill attached stat stats tabbed skill book ie necromancer tab pyromancer warfare answer mixed one would mixedmisc tab dont lose recipe book used probably still make without book still sell recipe book learning everyone learns recipe could done skill book act sense direction let go hit wall enemy strong go different path strong keep feeling like youre stumbling way whole act dont know caused feel nothing cost durability good system ever programmed enemy prioritize rando person tied cant move party brain dead idiot persuasion highly confusing ive read lower required amount attribute pas doesnt seem actually put point persuade also wouldnt change event outcome choice always fails matter point choice exist feel skill could folded like bartering persuasion thievery sneaking telekinesis worthless unless youre running stupid kinda funny build running lucky charm lore master unless want spend money identifying item item become sole mean upgrading character better buy find building special armor set set missable start act dont get cant complete thus worthless beyond short upgrade time character quest like red prince didnt continue past fort joy either missed dreamer bugged interacting princess persuasion required least one character keep people away thing may auto talk itll chose whomever closest max persuasion youll rarely able get dialogue unless specific background choice go conversation persuasion strength finesse con build int cant reload lost fight anyway friend went finesse go get strength wit int instead even might race thing annoying changed u dont build questingjournal suck red flag barley indicates anything dont tell anything journal help case flag stay despite quest completion bugged like checking hero graf supposed start fight didnt dont realize click icon stacking buff might accidentally buff enemy large model overlap ally also highlight character hover turn bar want know needing hover character know turn friend issue try spell fast itll move instead click provoke coin flip even work lose control character fight bloodmoon island demon suddenly possess someone epitome wrong game killed game friend even modding could save game drop even installing unleashed issue like mod setting could change thing causing issue u ultimately problem compound make game flaw could fun aggravating annoying mess cant play want combat practically useless understand gimmick aspect poorly designed know bad build exist way tried build expect class built want continue play meta anything else suck cant recommend game,-0.9445,0
223801866,english,"Fantastic system to play, very comfortable for a beginner with a large learning curve that makes the game (seemingly) fun for veterans.",1776804072,1776804072,True,0,0,0.5,False,0,True,False,fantastic system play comfortable beginner large learning curve make game seemingly fun veteran,0.9168,1
223790214,english,"- Note: While I do recommend this game, there are many caveats.

- Pros: In my 34hrs that was basically only Act 1, was I slow per say? yes to an extent, however there is plenty of content on the starting Act to fill that time.

The characters are very interesting and the story is as well, far superior to BG3 in many ways regarding the player character and the intrigue of your companions as well as content you interact with.

The gear and ""classes"" in this game are very fun, but it will take a ton of trial and error to figure out the ""optimal"" way to go about your class, the combat is VERY different from BG3 and being able to just bonk really hard usually won't work.

- Cons: This game is really hard. Even on classic you will die ALOT. Trust me, do not rush, level up as much as possible, steal what you can (I didn't do that) and do as much side content as possible to level. SKILL BOOKS are EVERYTHING! Read them, buy them or steal them, you won't get skills/abilities from leveling up, they come from scrolls, books, items. While this makes the game more interesting, it also makes it super hard or a slog most of the time, if you thought the long fights in BG3 were bad, these are worse.

QoL Markers. The quests in the game don't really explain anything, you have to pay attention to what NPCs are saying and godforbid you look away or get side tracked and don't remember, you will wander for a long time around the quest markers that don't elaborate.

Other than that, I really like and dislike the game, if you're not into unforgiving CRPGs like this or Pillars, stay FAR away. If you are into getting your nads smacked for fun, then this will be great.",1776793414,1776793414,True,0,0,0.5,False,0,True,False,note recommend game many caveat pro hr basically act slow per say yes extent however plenty content starting act fill time character interesting story well far superior bg many way regarding player character intrigue companion well content interact gear class game fun take ton trial error figure optimal way go class combat different bg able bonk really hard usually wont work con game really hard even classic die alot trust rush level much possible steal didnt much side content possible level skill book everything read buy steal wont get skillsabilities leveling come scroll book item make game interesting also make super hard slog time thought long fight bg bad worse qol marker quest game dont really explain anything pay attention npc saying godforbid look away get side tracked dont remember wander long time around quest marker dont elaborate really like dislike game youre unforgiving crpgs like pillar stay far away getting nad smacked fun great,-0.2276,1
223759496,english,"Such an amazing game, it's a shame about the game randomly exiting/closing during battles though...
Apart from that it's one of my fave all timers! :)",1776759636,1776759636,True,0,0,0.5,False,0,True,False,amazing game shame game randomly exitingclosing battle though apart one fave timer,0.6476,1
223756344,english,"A great DnD esque game, it is a unique world with 6 main species types to play. Highly recommend playing the base characters for the story, but you can play custom characters (though you can play the story characters with character customization). It's combat system is quite unique and still holds up quite well to their other titles like Balder's Gate 3. I've yet to finish my first playthrough as I'm currently playing through with a friend, which is luckily quite easy to do with drop in/drop out multiplayer. The game is long, and on the higher difficulties, quite intense and can be frustrating. All the different enemies and attack types can make most engagements deadly, and the levels most the time are a hard cap and not a recommendation of a challenge. All-in-all, my favorite role-play fantasy that I've played that has nothing to do with Wizards of the Coast or being a physical TTRPG.",1776753957,1776753957,True,0,0,0.5,False,0,True,False,great dnd esque game unique world main specie type play highly recommend playing base character story play custom character though play story character character customization combat system quite unique still hold quite well title like balder gate ive yet finish first playthrough im currently playing friend luckily quite easy drop indrop multiplayer game long higher difficulty quite intense frustrating different enemy attack type make engagement deadly level time hard cap recommendation challenge allinall favorite roleplay fantasy ive played nothing wizard coast physical ttrpg,0.9699,1
223751179,english,"Game is of the cats azz. It’s fun but janky combat sometimes and frustrating as a mof but there’s something in me that’s going to still leave it a recommendation. The talking lizard perhaps. The fire and poison perhaps. The boat and all that stuff. Hmm I like the wizard chick. It’s a great story. Great game. Thanks larian studios…even though I should have been at work, not my computer.",1776744793,1776744793,True,0,0,0.5,False,0,True,False,game cat azz fun janky combat sometimes frustrating mof there something thats going still leave recommendation talking lizard perhaps fire poison perhaps boat stuff hmm like wizard chick great story great game thanks larian studioseven though work computer,0.7543,1
223726061,english,"If you enjoy turn-based games like Balder Gate, you'll like this game a lot! As always it's way better with friends!",1776713401,1776713401,True,0,0,0.5,False,0,True,False,enjoy turnbased game like balder gate youll like game lot always way better friend,0.9298,1
223599167,english,You can sell the first chapter as a separate game and It would still feel as a complete and worthy experience.,1776581778,1776581778,True,0,0,0.5,False,0,True,False,sell first chapter separate game would still feel complete worthy experience,0.4404,1
223577207,english,"As a lover of BG3, this game is a great alternative. It took a little while to get used to the game play but it's still an excellent game.",1776555408,1776555408,True,0,0,0.5,False,0,True,False,lover bg game great alternative took little get used game play still excellent game,0.8934,1
223568435,english,"Steam is asking me to write a review, but honestly it's been years since I've played this game. All I know is that when I finally understood how combat worked, I absolutely loved it. And I enjoyed it way more than BG3. Absolutely zero memories about the story though, lol. But I'm installing it again now and maybe I'll edit this review to be more meaningful once I've played it again some time.",1776546369,1776546369,True,0,0,0.5,False,0,True,False,steam asking write review honestly year since ive played game know finally understood combat worked absolutely loved enjoyed way bg absolutely zero memory story though lol im installing maybe ill edit review meaningful ive played time,0.9786,1
223532866,english,One of the most well-crafted games ever made. It’s easily the best single-player experience I’ve had in any game.,1776518875,1776518875,True,0,0,0.5,False,0,True,False,one wellcrafted game ever made easily best singleplayer experience ive game,0.765,1
223447055,english,"Overall it was good, of course it was. But, some personal grudges: 

I much preferred the beginning of this game to the end. The end felt rushed and some story lines poorly written. I understand that this was one of the things they tried to correct with the definitive edition, so I imagine it was even more rushed before. I feel like the character’s perspectives on certain plot points change too unexpectedly. For example, the game goes from people not even knowing of the God King’s existence, to assuming its common knowledge. Other smaller plot points are done very oddly as well, and I feel like the game significantly falls off in writing quality in the final Act. It doesn’t take away from the overall lore, which is great, just some of the late game writing around things was poor. 

The whole gimmick of using source as a recourse to cast spells and abilities, was really just a way to waste time. Because in each act you can set up teleporter Pyramids where there is a source fountain, and have max Source for each fight. It just means a 2 minute excursion after every fight fidgeting around the source fountain, trying to get all my characters in the right place. 

Only being allowed to take 4 characters with you off Fort Joy is a cheap way to increase replayability. 

Some of the Level design, all throughout the game, was odd. I was rarely level matched with enemies. Either over or under levelled. There was certainly a place I could go to and where the enemies would be appropriately levelled, but I don’t know which direction I should go in for the optimal level matched route. I just went wherever felt most natural, which for me meant being underlevelled at the beginning of every act and overlevelled at the end. Except for the final act where I never got the level 20, despite doing every quest available. Which is odd because at times the game seems to presume that most players will only see one part of the game, and move on. That the average player will not try to see everything before moving on, but only do the things necessary to progress. In Fort Joy for example, even if you’ve already found an exit, you can still talk to people and ask them if they know a way out. In Reaper’s Coast, once you’ve got the 3 source points, you don’t get much from pursuing the other people, and the dialogue around that seems underdeveloped even. Which is strange considering it seems like you do need to do almost everything to be appropriately leveled. Also why wouldn’t you want to do as much as you can anyway? 

I felt like half way through the game I had basically every spell unlocked. 

It’s too easy to accidentally do the wrong thing in combat. 

Inventory management is a joke. 

Despite everything, it’s still very good. 
",1776433964,1776433964,True,0,0,0.5,False,0,True,False,overall good course personal grudge much preferred beginning game end end felt rushed story line poorly written understand one thing tried correct definitive edition imagine even rushed feel like character perspective certain plot point change unexpectedly example game go people even knowing god king existence assuming common knowledge smaller plot point done oddly well feel like game significantly fall writing quality final act doesnt take away overall lore great late game writing around thing poor whole gimmick using source recourse cast spell ability really way waste time act set teleporter pyramid source fountain max source fight mean minute excursion every fight fidgeting around source fountain trying get character right place allowed take character fort joy cheap way increase replayability level design throughout game odd rarely level matched enemy either levelled certainly place could go enemy would appropriately levelled dont know direction go optimal level matched route went wherever felt natural meant underlevelled beginning every act overlevelled end except final act never got level despite every quest available odd time game seems presume player see one part game move average player try see everything moving thing necessary progress fort joy example even youve already found exit still talk people ask know way reaper coast youve got source point dont get much pursuing people dialogue around seems underdeveloped even strange considering seems like need almost everything appropriately leveled also wouldnt want much anyway felt like half way game basically every spell unlocked easy accidentally wrong thing combat inventory management joke despite everything still good,0.9814,1
223444354,english,I've played through this game multiple times on PS5 and am finally playing through it here on Steam; can't believe I've never reviewed this.  D:OS2 is easily my favorite game of all time.  I can't get enough of it and the new Divinity coming out eventually will be the only thing to surpass this.  Do yourself a favor and lock in for the greatest 100+ hours of your life.,1776431727,1776431727,True,0,0,0.5,False,0,True,False,ive played game multiple time p finally playing steam cant believe ive never reviewed do easily favorite game time cant get enough new divinity coming eventually thing surpass favor lock greatest hour life,0.9595,1
223420645,english,"In comparison to bg3, the story / character development isn't as good, but the combat system is much more enjoyable. It is more complicated though and the in game does not teach you the systems quite as well as bg3, but if you spend the time to look up some builds and understand some of the systems, the gameplay is significantly more satisfying.",1776403448,1776403448,True,0,0,0.5,False,0,True,False,comparison bg story character development isnt good combat system much enjoyable complicated though game teach system quite well bg spend time look build understand system gameplay significantly satisfying,0.8399,1
223392242,english,"The story is good and complex. Just like real choices, it comes with consequences. But if you play the first time like me, it takes a long time because there's much dialogue choices and action choices. Even the side quests is totally connected to the main quest. It's like ""You help someone from back then? Guess you can get the help from me.""",1776366544,1776366544,True,0,0,0.5,False,0,True,False,story good complex like real choice come consequence play first time like take long time there much dialogue choice action choice even side quest totally connected main quest like help someone back guess get help,0.9607,1
223362478,english,"solid game, a little overwhel,ing by all the options",1776333470,1776333470,True,0,0,0.5,False,0,True,False,solid game little overwheling option,0.1531,1
223352148,english,"I have DRAMATICLY more hours than it says I do, as i played this on my laptop, and ROG ALLY with no internet access and offline does not track hours. 
This is one my favorite games of all time. Great starter CRPG in my opinion as well
If you liked baldurs gate 3, you'll like this game as well.",1776315275,1776315275,True,0,0,0.5,False,0,True,False,dramaticly hour say played laptop rog ally internet access offline track hour one favorite game time great starter crpg opinion well liked baldurs gate youll like game well,0.936,1
223297917,english,"Another Masterpiece by Larian
The devotion put into the story and game is admirable & nowadays I truly value developers who don't care about microtransactions or expasions, just focus on the game and story, the things that truly matter",1776247137,1776247137,True,0,0,0.5,False,0,True,False,another masterpiece larian devotion put story game admirable nowadays truly value developer dont care microtransactions expasions focus game story thing truly matter,0.9466,1
223242183,english,"Needed a Larian Studios fix after beating baldurs gate 3, three times, and this surely did it. 

the mechanics are not as good as they're latest installment, but its light years ahead of everyone else.",1776173978,1776173978,True,0,0,0.5,False,0,True,False,needed larian studio fix beating baldurs gate three time surely mechanic good theyre latest installment light year ahead everyone else,-0.1319,1
223232866,english,"While not at cinematic as BG3, I feel like the combat was more tactical. Split-Screen Coop worked really well. Can only recommend this game, especially if you enjoyed BG3.

After playing this, I was very excited that their upcoming game will be set in the same universe.

Since I am playing DOS1 via Steam Family Library, I can't post a review there, but in highnsight I can say that DOS1 is also worth playing, as the gameplay is very similar to DOS2 and doesn't feel outdated compared to DOS2. Just in case someone is wondering wheather to play DOS1 first. So consider picking up both in a bundle.
DOS1 runs on highest settings in FullHD (on my 4K TV) on Steam Deck, and Split-Screen Coop works really well.",1776161580,1776162827,True,0,0,0.5,False,0,True,False,cinematic bg feel like combat tactical splitscreen coop worked really well recommend game especially enjoyed bg playing excited upcoming game set universe since playing do via steam family library cant post review highnsight say do also worth playing gameplay similar do doesnt feel outdated compared do case someone wondering wheather play do first consider picking bundle do run highest setting fullhd k tv steam deck splitscreen coop work really well,0.9448,1
223220490,english,"A perfect game, with a smooth and innovative RPG system. Lohse has one of the best character arcs I’ve seen in a video game in a long time.",1776138412,1776138412,True,0,0,0.5,False,0,True,False,perfect game smooth innovative rpg system lohse one best character arc ive seen video game long time,0.8957,1
223199003,english,"Is good, both for serious play and silly nonsense you can do, like barrelmancy",1776108735,1776108735,True,0,0,0.5,False,0,True,False,good serious play silly nonsense like barrelmancy,0.5994,1
223185837,english,"I can’t believe how good this game is. It’s literally one of the best games I’ve ever played. The story is immense, rich, and powerful, with meaningful choices that truly impact the experience. The strategic turn-based combat and freedom in character development make every playthrough unique. A must-play for any RPG fan.",1776095214,1776095214,True,0,0,0.5,False,0,True,False,cant believe good game literally one best game ive ever played story immense rich powerful meaningful choice truly impact experience strategic turnbased combat freedom character development make every playthrough unique mustplay rpg fan,0.9756,1
223117844,english,"Lots of problem solving. It's interesting to see that sometimes I get an answer that I was looking for when I was doing something entirely different.

One downside is that I tend to sit for a long time, don't want to get up, and now my back hurts. Although, to be fair I sit at work too and it may have started there.",1776009984,1776009984,True,0,1,0.5,False,0,True,False,lot problem solving interesting see sometimes get answer looking something entirely different one downside tend sit long time dont want get back hurt although fair sit work may started,-0.2229,1
223054078,english,"Great game, but it is quite clear that it is a predecessor to BG3 as you will notice how some game mechanics weren't as fleshed out as in the later release (if you're like me and played BG3 first).

Great game though.",1775941289,1775941289,True,0,0,0.5,False,0,True,False,great game quite clear predecessor bg notice game mechanic werent fleshed later release youre like played bg first great game though,0.9606,1
223042611,english,"118 hours into this game and only got 1/2 through the game is fun.  I played a lot of RPG's and this one is one of my favorites.  It does have a learning curve, but it makes the game more fun.  A nice story plot with a lot of different items and spells in the game to make it fun.  You will run into some fights and battles which you will die a lot during the beginning, but as you level up and learn the mechanics of using environmental effect with weapons and surfaces you will begin to master the art of war with this game.

The turn based system is nice, you will have to master your skills with picking the right attributes to choose when leveling up to avoid wasting your turns and getting more AP to help win difficult battles.  I'm still having fun, and you can pick up this game and leave it without worrying about taking up too much of your time.  Take it slow, read all the books and enjoy the storyline.

One of the few 10/10 games out there, worth the money and time invested with DOS 2.  Have fun!",1775931489,1775931489,True,0,0,0.5,False,0,True,False,hour game got game fun played lot rpgs one one favorite learning curve make game fun nice story plot lot different item spell game make fun run fight battle die lot beginning level learn mechanic using environmental effect weapon surface begin master art war game turn based system nice master skill picking right attribute choose leveling avoid wasting turn getting ap help win difficult battle im still fun pick game leave without worrying taking much time take slow read book enjoy storyline one game worth money time invested do fun,0.9395,1
222995391,english,"Larian never hesitates to put 100% into their projects. Coming from BG3, this story is pretty dark, and I love it for not hesitating to be gut-wrenchingly horrifying at times. The world is very interesting and brings out a wide variety of emotions.",1775883965,1775883965,True,0,0,0.5,False,0,True,False,larian never hesitates put project coming bg story pretty dark love hesitating gutwrenchingly horrifying time world interesting brings wide variety emotion,0.8678,1
222994909,english,"Yo, I forgot to leave a review... played on release and its extraordinary...

Although BG3 ends up improving the formula in basically every way, there is something to be said about the combat/status/abilities in this game, which i found to be more fun than the adapted 5e of the latter.",1775883391,1775883671,True,0,0,0.5,False,0,True,False,yo forgot leave review played release extraordinary although bg end improving formula basically every way something said combatstatusabilities game found fun adapted e latter,0.8221,1
222987291,english,"it is good game i got lost to many times so i drop it  
i wish at if the logs hints what to do next or something like it 
same  for original sin 1",1775873640,1775873640,True,0,0,0.5,False,0,True,False,good game got lost many time drop wish log hint next something like original sin,0.2553,1
222918453,english,"BG3 converted me to CRPGs so I wanted to go back and try DOS2. I really enjoyed it and will definitely play again to try out different story/companion outcomes which I think speaks well of it as a game nearly a decade old.  As I expected the companion characters and story choices are engaging, complex and sometimes tricky to navigate, just as i hoped for.  I found I didn't connect on an emotional level quite as much - I suspect that's down to the lack of cinematics/animated cutscenes.  That's not a criticism of this game - it's just a reflection of the age & budget - but it's something to be aware of if you're thinking of picking it up in 2026, it's not going to look/feel like BG3.  But i still loved the art style and the writing and I can't wait to see what Larian will be able to create for Divinity.

I found the different skills/combat system to have both pros & cons compared to BG3s adaptation of 5E.  The freedom of a classless system is really fun and I found that I preferred an AP/cooldown system, rather than having spell slots and Actions/Bonus Actions - it made me think differently about how I built my party and approached combat.  I'm in the minority that likes the Physical/Magical Armour system, I think it adds something to have to plan around that.  
What I was less keen on was the buying skillbooks and the memory points system.  Having to traipse around vendors trying to find the skillbook I'd decided I wanted felt like a chore and the memory point system felt a bit too restrictive.  I felt like if the selling point is flexibility it should be easier to just try things out - not a complete free-for-all but a bit less restriction on where you can pick up skills and how many you can have equipped.  I also wasn't a huge fan of the way initiative works (although I'm still not sure I properly understand how initiative works).  The combat in this game is not easy, even on Balanced, and it can get pretty demoralising to sit there while a dozen enemies set your whole party (and most of the surrounding scenery) on fire, killing 3 of them, meaning the 4th spends their turn resurrecting people/trying to not be on fire.  I'd prefer having more scope to use character builds/abilities/equipment to manipulate turn order or action economy so I could make that happen less.

Overall though I really loved the game and I'm looking forward to getting better at it :)",1775789776,1775789776,True,0,0,0.5,False,0,True,False,bg converted crpgs wanted go back try do really enjoyed definitely play try different storycompanion outcome think speaks well game nearly decade old expected companion character story choice engaging complex sometimes tricky navigate hoped found didnt connect emotional level quite much suspect thats lack cinematicsanimated cutscenes thats criticism game reflection age budget something aware youre thinking picking going lookfeel like bg still loved art style writing cant wait see larian able create divinity found different skillscombat system pro con compared bgs adaptation e freedom classless system really fun found preferred apcooldown system rather spell slot actionsbonus action made think differently built party approached combat im minority like physicalmagical armour system think add something plan around less keen buying skillbooks memory point system traipse around vendor trying find skillbook id decided wanted felt like chore memory point system felt bit restrictive felt like selling point flexibility easier try thing complete freeforall bit less restriction pick skill many equipped also wasnt huge fan way initiative work although im still sure properly understand initiative work combat game easy even balanced get pretty demoralising sit dozen enemy set whole party surrounding scenery fire killing meaning th spends turn resurrecting peopletrying fire id prefer scope use character buildsabilitiesequipment manipulate turn order action economy could make happen less overall though really loved game im looking forward getting better,0.9933,1
222891421,english,"So much fun and frustration while playing this game, good game to kill time",1775757273,1775757273,True,0,0,0.5,False,0,True,False,much fun frustration playing game good game kill time,-0.1335,1
222847728,english,"Excellent game, great story and mentally demanding!",1775698728,1775698728,True,0,0,0.5,False,0,True,False,excellent game great story mentally demanding,0.8016,1
222836646,english,"This has been a very enjoyable game  im not  going to lie i struggled through it and im sure i missed alot of things but it is definetly replayable
",1775683722,1775683722,True,0,0,0.5,False,0,True,False,enjoyable game im going lie struggled im sure missed alot thing definetly replayable,0.1145,1
222835295,english,"I'm just barely out of Fort Joy (I like to really comb over everything carefully lol), but this game has already proven that it's exceptional. If you enjoyed BG3, you'll definitely enjoy this.

At first, I wasn't certain how I'd feel about the art style (of the characters in particular) and the lack of cutscenes (particularly since I'm so used to BG3); any doubts I had were, in hindsight, for nothing lol. Despite still being early in the game, the characters themselves are just as engaging and interesting as I had hoped. That, and the gameplay itself is awesome. Turn-based combat is what I tend to favour, so that's an easy win imo. The freedom (as in, the ability to get creative with how a player handles quests, NPCs, enemies, etc.) this game offers is something I truly adore/appreciate. I'm already considering what I can do differently in the next playthrough, how I can mess with things, and curious to experience the different kinds of results/outcomes it'll yield. And lastly, the music is wonderful, though I feel that almost goes without saying (yet I'm gonna say it anyway, apparently lol). Borislav Slavov is an incredible composer. Literal god tier lol.

In short, this is an excellent game. I would highly recommend it.",1775682197,1775682197,True,0,0,0.5,False,0,True,False,im barely fort joy like really comb everything carefully lol game already proven exceptional enjoyed bg youll definitely enjoy first wasnt certain id feel art style character particular lack cutscenes particularly since im used bg doubt hindsight nothing lol despite still early game character engaging interesting hoped gameplay awesome turnbased combat tend favour thats easy win imo freedom ability get creative player handle quest npc enemy etc game offer something truly adoreappreciate im already considering differently next playthrough mess thing curious experience different kind resultsoutcomes itll yield lastly music wonderful though feel almost go without saying yet im gon na say anyway apparently lol borislav slavov incredible composer literal god tier lol short excellent game would highly recommend,0.9961,1
222787793,english,"Solid Fantasy RPG game. Great story, character builds and NPCS.",1775624658,1775624658,True,0,0,0.5,False,0,True,False,solid fantasy rpg game great story character build npc,0.6908,1
222786836,english,"A classic RPG.  If you're thinking about it, buy it.  You may not finish the main plot, but you'll still get a ton of fun playtime out of it (the game is massive).",1775622875,1775622875,True,0,0,0.5,False,0,True,False,classic rpg youre thinking buy may finish main plot youll still get ton fun playtime game massive,0.6652,1
222763530,english,"A great game, it's kinda slow in the beginning but by the end of it you'll realize that there's just too much going on, get used to fight under ground effects, its very normal here
Well, it has a big L being forced to fight against the characters i put so much effort into making, having then die and it be just like that, it's even worse considering my MC was an archer and one of my characters was a very scary tanker with lots of health, armor and 70% of dmg return in retribution, 3k of dmg on his shield throw plus everything else, i had to cheat so i could kill my own tanker, he was that strong, yet i still lost once
I didn't really care at all about the lore at the end of the game, the choices you get are kinda bland cuz you barely get to see anything relevant, they probably wanted to leave it all open for another game i guess

Final Rating: 8/10, an awesome journey with its weak point, but an awesome game still",1775591970,1775591970,True,0,0,0.5,False,0,True,False,great game kinda slow beginning end youll realize there much going get used fight ground effect normal well big l forced fight character put much effort making die like even worse considering mc archer one character scary tanker lot health armor dmg return retribution k dmg shield throw plus everything else cheat could kill tanker strong yet still lost didnt really care lore end game choice get kinda bland cuz barely get see anything relevant probably wanted leave open another game guess final rating awesome journey weak point awesome game still,-0.9758,1
222695393,english,"From start to finish this game let's you interact with the world in whatever manner you see fit , well for the most part.

Combat encounters can be tackled in so many ways, and once you start to get a feel for it, some very creative things are possible.

The world and characters are fun and intresting, even the animals have alot to share .

if you like crpgs and havent gotten around to it yet, give this game a shot, i promise its worth your time",1775507629,1775507629,True,0,0,0.5,False,0,True,False,start finish game let interact world whatever manner see fit well part combat encounter tackled many way start get feel creative thing possible world character fun intresting even animal alot share like crpgs havent gotten around yet give game shot promise worth time,0.9362,1
222692448,english,"Bottom line is I think it's a good game, but not a great game.  I played it for more hours than I would like to admit, and I wouldn't do that for just any game, but ultimately I got tired of it at the beginning of the 4th act.  Basically it just isn't satisfying enough to keep going. 6/10.  By comparison, I found BG3 to be much more satisfying.",1775504817,1775504817,True,0,0,0.5,False,0,True,False,bottom line think good game great game played hour would like admit wouldnt game ultimately got tired beginning th act basically isnt satisfying enough keep going comparison found bg much satisfying,-0.8976,1
222665802,english,"Technically excellent, with several memorable quests
The difficulty curve breaks toward the end of the game, making it too easy to play with a full party of four characters
Overall, the plot is fairly typical for high fantasy stories, without any particular unpreditable twists
It's worth playing through this game once, especially with friends",1775481669,1775481669,True,0,0,0.5,False,0,True,False,technically excellent several memorable quest difficulty curve break toward end game making easy play full party four character overall plot fairly typical high fantasy story without particular unpreditable twist worth playing game especially friend,0.9369,1
222640830,english,"What to say about Divinity: Original Sin 2?

Coming off of Baldur's Gate 3 and into this was a trip. There are obvious differences, a lack of cut scenes and RNG in character check based moments - ex. I am not rolling a die to see if I pass a persuasion check.

And there is of course combat, which is based on an action point system, and rather than phases of combat is more focused on the power you build as well as elemental synergies.

But what probably is its largest difference, and the difference that is most subtle in first impressions, is the world building and storytelling.

DOS2 is more intrigued in its subtlety when telling its story. With a lack of cut scenes and comparatively a more broad “chosen one” fable, it’s more about piecing together the atrocities and happenings across its four acts. Opting many times for combat, which is a storytelling mechanic in of itself as the game loads you and your party slowly with power to overcome it's largest obstacles, and in turn deliver its universe.

It’s in this overall hunt for power, mixed with the brilliant yet simple combat system, that makes this game standout above Baldur’s Gate 3 for me.

Don’t get me wrong, I think BG3 is a better title objectively. I would recommend it to anyone, and I truly think it is a game everyone should play at least once.

But through meticulous game design - this idea of presenting an adversary that is impossible to overcome until an eventual wallop hours later - while growing synergies and strength through your team as you rise to becoming a God, is an addicting loop.

I think BG3 does this amazing thing where there's always a solution, and that doesn't always mean combat. This is the bread and butter of Dungeons & Dragons: you and your party finding unique solutions to things that can't be solved with violence, or even don't want to solve with violence. Its story is riddled with this philosophy.
And in turn, it becomes sequential. You're always moving forward.

DOS2 is not this. DOS2 is combat and patience. It's you overcoming and growing outwards, not so much inwards. It's what some would call a PowerRPG. 

There are some solutions that can be passed by a Persuasion check, but even then I found myself forced into a situation that felt demanding of bloodshed.

But this works for its story, you are on your way to becoming Divine. You are gaining power, literally bit by bit, until one day the enemies of titan size become bugs under your shoe. The game's first act of Fort Joy is textbook of this philosophy. You begin completely starved of your tiny amount power, and in your escape you are able to crush all that held you captive.

It’s through these moments, while building a relationship of action through your party and NPCs, that allows these story beats to rise high.

There were many moments in my 90+ hour run that made my jaw drop. That sucked the air from my lungs as NPC party members made choices, as I was forced to choose the best of two terrible options, as twists to my own destiny came to light causing me to rethink my entire adventure.

And when these two things came together - genius combat and beautiful storytelling - you get one of the greatest experiences possible.

I am heartbroken that this adventure is over.

There are not many games that I can happily say I’d keep playing. Hell, I tout and support shorter games, or moreso games that know when to get out.
I love Resident Evil, specifically 2, but I don’t think that game needs another hour, nor would I want one. I loved Oblivion but by hour 40 I was ready to call it and move on. Same with Hollow Knight. Or Dark Souls at 50-60 hours. And there’s even instances, like me playing The Witcher 3, where I did put in the 80+ hours, but to do so sometimes felt like I had to force myself to boot up and get into it.

Never once did I feel this way with Divinity 2. I could have gone on for another 90, truly.

This is not a normal occurrence in the slightest for me.

What’s funny is my friend and I tried to play DOS2 after beating BG3 last year and after 5 hours were so thrown off by the how different the combat, dialogue, and character checks were (played what I think was a week after 80+ hours in BG3, too soon) that we didn’t return.

But upon my solo return, I fell hard.

And even with BG3, which again I do think is objectively a better game, I never felt like I could continue forever. And maybe that’s just because I was in a party with 3 players and not solo and it was such a thing to get us all on at the same time that even finishing was a miracle.

But I could play Divinity: Original Sin 2 forever.

It has quickly become a Top 5 - if not more than likely my favorite game of all time.

<3

Masterwork.",1775450719,1775468737,True,0,0,0.5,False,0,True,False,say divinity original sin coming baldurs gate trip obvious difference lack cut scene rng character check based moment ex rolling die see pas persuasion check course combat based action point system rather phase combat focused power build well elemental synergy probably largest difference difference subtle first impression world building storytelling do intrigued subtlety telling story lack cut scene comparatively broad chosen one fable piecing together atrocity happening across four act opting many time combat storytelling mechanic game load party slowly power overcome largest obstacle turn deliver universe overall hunt power mixed brilliant yet simple combat system make game standout baldurs gate dont get wrong think bg better title objectively would recommend anyone truly think game everyone play least meticulous game design idea presenting adversary impossible overcome eventual wallop hour later growing synergy strength team rise becoming god addicting loop think bg amazing thing there always solution doesnt always mean combat bread butter dungeon dragon party finding unique solution thing cant solved violence even dont want solve violence story riddled philosophy turn becomes sequential youre always moving forward do do combat patience overcoming growing outwards much inwards would call powerrpg solution passed persuasion check even found forced situation felt demanding bloodshed work story way becoming divine gaining power literally bit bit one day enemy titan size become bug shoe game first act fort joy textbook philosophy begin completely starved tiny amount power escape able crush held captive moment building relationship action party npc allows story beat rise high many moment hour run made jaw drop sucked air lung npc party member made choice forced choose best two terrible option twist destiny came light causing rethink entire adventure two thing came together genius combat beautiful storytelling get one greatest experience possible heartbroken adventure many game happily say id keep playing hell tout support shorter game moreso game know get love resident evil specifically dont think game need another hour would want one loved oblivion hour ready call move hollow knight dark soul hour there even instance like playing witcher put hour sometimes felt like force boot get never feel way divinity could gone another truly normal occurrence slightest whats funny friend tried play do beating bg last year hour thrown different combat dialogue character check played think week hour bg soon didnt return upon solo return fell hard even bg think objectively better game never felt like could continue forever maybe thats party player solo thing get u time even finishing miracle could play divinity original sin forever quickly become top likely favorite game time masterwork,0.9977,1
222619618,english,Great battling mechanics. Dark humour. Feels like a proper adventure.,1775426545,1775426545,True,0,0,0.5,False,0,True,False,great battling mechanic dark humour feel like proper adventure,0.872,1
222612871,english,"Lost my honour run to my own hubris and not checking whether an enemy would explode in fire, poison or deathfog - take a wild guess - and yet while I'm disappointed in myself, I don't think I've been this excited to start up another run of something with the length of Original Sin 2 in a while

If you're on the edge of deciding whether or not to dip in - either as your first Larian game or coming from BG3 - I don't think I could recommend it more, the depth of lore and story in the game as well as the dialogue you can have with other characters - both people and animals - just hits differently and feels almost more coherent than some of the work that Larian did for BG3

I think my only real question is how the hell did Borislav get away with using the same soundtrack from Original Sin 2 in Baldur's Gate 3?",1775420404,1775420404,True,0,0,0.5,False,0,True,False,lost honour run hubris checking whether enemy would explode fire poison deathfog take wild guess yet im disappointed dont think ive excited start another run something length original sin youre edge deciding whether dip either first larian game coming bg dont think could recommend depth lore story game well dialogue character people animal hit differently feel almost coherent work larian bg think real question hell borislav get away using soundtrack original sin baldurs gate,-0.9482,1
222572949,english,"Lots of fun, The first non-tutorial area takes more time, than most entire games. Highly recommend.",1775387964,1775387964,True,0,0,0.5,False,0,True,False,lot fun first nontutorial area take time entire game highly recommend,0.7264,1
222572589,english,Complicated mechanics that make every fight different. Every fight feels rewarding. The characters are interesting. This one will be replayed multiple times.,1775387605,1775387605,True,0,0,0.5,False,0,True,False,complicated mechanic make every fight different every fight feel rewarding character interesting one replayed multiple time,0.2263,1
222559615,english,"Game's amazing. Surfaces and air mechanics are superb. Buildcrafting is incredible. Story is fine, bnut you're here for gameplay tbqh.

It's incredibly fun with 4 people, and it's great for anyone that likes more strategy than DA:O",1775373098,1775373098,True,0,0,0.5,False,0,True,False,game amazing surface air mechanic superb buildcrafting incredible story fine bnut youre gameplay tbqh incredibly fun people great anyone like strategy dao,0.9647,1
222537921,english,"Played through BG3 and DOS1 before playing this one.
Where should I start ?
This game is more balanced than the first one while still being challenging, in a good way.
The story is as good as BG3 while being more ""mature"". The world is rich and feels very complete.
The battle system and character building mechanics are great ! The concept is ""simpler"" than BG3 while still offering a very large pool of skills and ways to build an unique character.
Long story short : This is a very good game.",1775346298,1775346298,True,0,0,0.5,False,0,True,False,played bg do playing one start game balanced first one still challenging good way story good bg mature world rich feel complete battle system character building mechanic great concept simpler bg still offering large pool skill way build unique character long story short good game,0.956,1
222481640,english,"north by north chest, runs great on linux and IGPU",1775298185,1775298185,True,0,0,0.5,False,0,True,False,north north chest run great linux igpu,0.6249,1
222441343,english,"Great cRPG. Cannot stop playing it years after the release. If you suffer from post-BG3 void, you should take a look",1775251900,1775251900,True,0,0,0.5,False,0,True,False,great crpg stop playing year release suffer postbg void take look,0.2254,1
222429359,english,"Fantastic RPG. I played BG3 first, so it was fun to see the predecessor to one of the best RPGs ever. I think OS2 is lacking in several areas compared to Larian's follow up, but judging it by itself, it is definitely worth a playthrough and I will likely play it again.",1775241961,1775241961,True,0,0,0.5,False,0,True,False,fantastic rpg played bg first fun see predecessor one best rpgs ever think o lacking several area compared larians follow judging definitely worth playthrough likely play,0.9421,1
222411704,english,"only played this after BG3, it's not as good, but still a very good game. can't wait for the next one.",1775228039,1775228039,True,0,0,0.5,False,0,True,False,played bg good still good game cant wait next one,-0.4788,1
222401735,english,"One of my favorite games. I come back to it every other year or so, and still having a blast every single time. 

- Companions, world, NPCs, all feel alive. Interesting as well. I still enjoy talking to them, even after the 5th playthrough.
- The Game has its own combat system, and it's superb. Ever wanted to play a gut flinging necro witch without constantly being frowned at? Here's your chance. Just be careful to not drown the whole map in blood and viscera. Or maybe do that. Your choice. 
- Balance is everything. No matter how bulletproof your tactics seem: There'll always be a bigger fish to challenge you. As long as you leave them barrels where they belong, there's almost no chance to cheese the important fights. 
- Player freedom is everything. You really can roleplay the way you want to in this game. It'll show you the consequences but won't punish your progress in the long run. 

I could go on and on about this game but the truth is: Just try it yourself. If you like BG3, give this a shot. Nearly everything that was great about BG (minus the curscenes) you'll find here as well. I'm really looking forward to DOS3 in the meantime.",1775219373,1775219373,True,0,0,0.5,False,0,True,False,one favorite game come back every year still blast every single time companion world npc feel alive interesting well still enjoy talking even th playthrough game combat system superb ever wanted play gut flinging necro witch without constantly frowned here chance careful drown whole map blood viscera maybe choice balance everything matter bulletproof tactic seem therell always bigger fish challenge long leave barrel belong there almost chance cheese important fight player freedom everything really roleplay way want game itll show consequence wont punish progress long run could go game truth try like bg give shot nearly everything great bg minus curscenes youll find well im really looking forward do meantime,0.9797,1
222366697,english,"The game is pretty great. It does a couple things I super hate, but mostly, it's an exemplar of the cRPG genre. The combat is unassailably good, though it is pretty unforgiving. You get enough abilities that combat never feels stale and the enemies are at least as well equipped and skilled as your party. 

The roleplay parts are fine. It's cool you can play a prebuilt character or roll your own and if you roll your own, the characters you aren't playing are you companions. The writing is pretty good and the tone is FAR more consistent than the first game, which felt like a Discworld novel, but in a bad way.

The negatives are largely how out-of-combat healing works. You can and probably will have a character die from a residual effect immediately after a combat encounter because you couldn't hit Rest or case a healing spell fast enough. Then you have to burn a resurrection scroll, which are expense and rare.

The game is also super stingy with loot. This isn't a bad thing, but if you're coming from Dragon Age or Pillars of Eternity or even the first Divinity Original Sin, but it is something to be aware of. Your party will be only half equipped for a while.

Overall, it's a great game.",1775174320,1775174320,True,0,1,0.5,False,0,True,False,game pretty great couple thing super hate mostly exemplar crpg genre combat unassailably good though pretty unforgiving get enough ability combat never feel stale enemy least well equipped skilled party roleplay part fine cool play prebuilt character roll roll character arent playing companion writing pretty good tone far consistent first game felt like discworld novel bad way negative largely outofcombat healing work probably character die residual effect immediately combat encounter couldnt hit rest case healing spell fast enough burn resurrection scroll expense rare game also super stingy loot isnt bad thing youre coming dragon age pillar eternity even first divinity original sin something aware party half equipped overall great game,0.9801,1
222319878,english,"Bought the game bc it was on sale and I loved BG3, but so far maybe one of the best CRPG games I've played",1775129668,1775129668,True,0,0,0.5,False,0,True,False,bought game bc sale loved bg far maybe one best crpg game ive played,0.9072,1
222313790,english,"bought this game on a discount, partner wanted another bg3. there is no bg3 at the moment so here is an isekai alternative where we, yet again, stranded somewhere.

my goodness when will this game end, the content is too much! please, i just want to finish the game at this point.. i feel like a prisoner. send help please how many acts are there i want to uninstall so i can have more storage in my already very low memory laptop please!

10/10 will play again when i have better pc because yet again im playing at the lowest settings and smallest window size with 100 degree celcius, it is literally my heater.",1775121527,1775121527,True,0,0,0.5,False,0,True,False,bought game discount partner wanted another bg bg moment isekai alternative yet stranded somewhere goodness game end content much please want finish game point feel like prisoner send help please many act want uninstall storage already low memory laptop please play better pc yet im playing lowest setting smallest window size degree celcius literally heater,0.8931,1
222264621,english,this is a cool DND game think baldurs gate 3 but runs on a potato HOWEVER YOU ARE LIKELY TO EXPERIENCE TECHNICAL DIFFIICULTIES,1775062716,1775062716,True,0,0,0.5,False,0,True,False,cool dnd game think baldurs gate run potato however likely experience technical diffiiculties,0.1655,1
222264405,english,Only game I've played more than twice outside of BG3...Epip + EE2 is a pretty great way to play as well if you're coming back to this game and only played vanilla/want mods.,1775062532,1775062532,True,0,0,0.5,False,0,True,False,game ive played twice outside bgepip ee pretty great way play well youre coming back game played vanillawant mod,0.9393,1
222248407,english,The only turn based game I've played since Pokémon Red and Blue and I was addicted within minutes. Insanely fun and unique combat with an evolving storyline.,1775047428,1775047428,True,0,0,0.5,False,0,True,False,turn based game ive played since pokmon red blue addicted within minute insanely fun unique combat evolving storyline,0.5106,1
222221777,english,"♥♥♥♥ the final fight, otherwise great game, Deathfog is based",1775008182,1775008182,True,0,0,0.5,False,0,True,False,final fight otherwise great game deathfog based,0.3612,1
222221576,english,The best game of its kind that I've ever played and replayed. I bought this game multiple times as gifts for others just to support Larian and propagate this master piece.,1775007905,1775007905,True,0,0,0.5,False,0,True,False,best game kind ive ever played replayed bought game multiple time gift others support larian propagate master piece,0.9136,1
222211314,english,"i... i'm free..... i've been freed from the Ball And Gun purgatory..... oooh where have you been all my life..... i never knew how much i needed you until i found you, bloated corpse...

edit
hey this is my first tactical RPG and im 80 hours into my first playthrough and my friends just told me im only less than half way through the game. How",1774995194,1776368673,True,0,0,0.5,False,0,True,False,im free ive freed ball gun purgatory oooh life never knew much needed found bloated corpse edit hey first tactical rpg im hour first playthrough friend told im less half way game,0.5267,1
222203530,english,Such a great game. Being the first game I played like this I was very confused when I had no guides to show me where to go or what to do. But once I figured it out It was amazing.,1774987531,1774987531,True,0,0,0.5,False,0,True,False,great game first game played like confused guide show go figured amazing,0.8318,1
222192386,english,I was always a huge fan of DnD I can never play it bc Im neurodivergent and divinity/baldurs gate is the closest Ill get to it this was my first game in this kind I also played expedition 33  and loved it I currently have 800+ hours inn expedition 33 I thought this game was gonna be like that too but this is a diffrent level I finnaly found the kind of game that I actualy like playing Im planning to 100% the game+quests and get every spesific armour set Im playing the game blind and Im not allowed to look anything up Im expecting it to finish it in about 300-400 hours,1774977885,1774977885,True,0,0,0.5,False,0,True,False,always huge fan dnd never play bc im neurodivergent divinitybaldurs gate closest ill get first game kind also played expedition loved currently hour inn expedition thought game gon na like diffrent level finnaly found kind game actualy like playing im planning gamequests get every spesific armour set im playing game blind im allowed look anything im expecting finish hour,0.9421,1
222078964,english,"In my mind I thought id lower my expectations of this game because of its age compared to baldurs gate 3, and I loved playing BG3 so I thought there was no shot it would compete. And yet somehow Divinity Original Sin 2 is capturing the same feelings of immersion and curiosity I had when playing BG3 and in some aspects is even drawing me in more and exceeding the excitement and immersion I felt when playing BG3. I boguht this game to experience what i could see in the newly announced divinity game and this only brought me more excitement and hype that no other game or game studio has been able to make me feel since early 2010s gaming. This is an Absolute Cinema experience I cant reccomend this game enough to anyone who likes any sort of turn based RPG. Side note, Wife loves the game too, were doing our first playthrough together :p",1774847678,1774847678,True,0,0,0.5,False,0,True,False,mind thought id lower expectation game age compared baldurs gate loved playing bg thought shot would compete yet somehow divinity original sin capturing feeling immersion curiosity playing bg aspect even drawing exceeding excitement immersion felt playing bg boguht game experience could see newly announced divinity game brought excitement hype game game studio able make feel since early gaming absolute cinema experience cant reccomend game enough anyone like sort turn based rpg side note wife love game first playthrough together p,0.9723,1
222064228,english,"You can choose to kill your own God in this game, isn’t this the best! 
God tier role playing game; very deep and extensive game mechanics/story choices & perfect soundtrack. If the upcoming Divinity is a culmination of this and Baldur’s Gate, it will be a monumental piece of art, as if the 2 aforementioned games weren’t already. I personally like the theme and storytelling of this game more than BG’s, but it’s very close.",1774828316,1774828316,True,0,0,0.5,False,0,True,False,choose kill god game isnt best god tier role playing game deep extensive game mechanicsstory choice perfect soundtrack upcoming divinity culmination baldurs gate monumental piece art aforementioned game werent already personally like theme storytelling game bgs close,0.7901,1
222059824,english,"The mechanics were honestly annoying at first, and it took me a while to get used to how everything worked. Once I did, the gameplay was solid, but I just couldn't get into the story. At a certain point, it felt like I was playing just to finish the game rather than because I was actually invested in what was happening.

[The Breakdown]
Graphics: Great art style
Gameplay: Addictive once you get past the learning curve
Story: Average; felt like a chore by the end
Difficulty: Hard to master
Grind: None
Worth the price? Yes
Rating: 7/10
",1774823583,1774823583,True,0,0,0.5,False,0,True,False,mechanic honestly annoying first took get used everything worked gameplay solid couldnt get story certain point felt like playing finish game rather actually invested happening breakdown graphic great art style gameplay addictive get past learning curve story average felt like chore end difficulty hard master grind none worth price yes rating,0.946,1
222046594,english,"Game is fantastic but requires full online connectivity because of stupid Lairan acct. Singleplayer game, always online.",1774812463,1774812463,True,0,0,0.5,False,0,True,False,game fantastic requires full online connectivity stupid lairan acct singleplayer game always online,-0.5106,1
221994373,english,"It is hands down one of the best RPGs ever made. Amazing stories, tactical combat, boundless freedom and incredible details in every corner. Pure gaming perfection, highly recommended for all RPG lovers!",1774771534,1774771534,True,0,0,0.5,False,0,True,False,hand one best rpgs ever made amazing story tactical combat boundless freedom incredible detail every corner pure gaming perfection highly recommended rpg lover,0.9652,1
221971402,english,"It's like BG3 if the characters were interesting and the combat was dope. Less bells and whistles but it makes up for that with literally everything else. Would Recommend Killing Your Buddies to Become ""The One"".",1774746212,1774746212,True,0,0,0.5,False,0,True,False,like bg character interesting combat dope less bell whistle make literally everything else would recommend killing buddy become one,-0.4497,1
221954558,english,"great game even if it is a bit older, very in depth magic and combat systems. Odd camera angles, but looking forward to the new entry in the series in the next year or two. Highly Recommended",1774730650,1774730650,True,0,0,0.5,False,0,True,False,great game even bit older depth magic combat system odd camera angle looking forward new entry series next year two highly recommended,0.429,1
221953575,english,It brought me together with my wife so will always be special to me. We are playing it again every year or so and will continue to do so. It helps that the game is absolutely outstanding.,1774729856,1774729856,True,0,0,0.5,False,0,True,False,brought together wife always special playing every year continue help game absolutely outstanding,0.8927,1
221940694,english,"Supports numerous playstyles, offering multiple valid builds, tactics and several different playthroughs with varying party compositions and story choices.",1774720387,1774720387,True,0,0,0.5,False,0,True,False,support numerous playstyles offering multiple valid build tactic several different playthroughs varying party composition story choice,0.6369,1
221895219,english,"This is a one of the best games I played with a good story and multiple branching paths. Though it is not for the faint of heart. The game is very challenging requiring you to strategize for great encounters.

What I like about this game is that it lets you go to do whatever you want and you can solve a situation in multiple ways that for me already puts this game at a very high standard.

There is also mod support for this game which is a big plus.

The only thing that I'm not fond about this game is the AP movement system I feel it limits the characters too much.(It is not like Baldurs Gate 3). 

Highly recommend to play.

Graphics 8/10
Story 9/10
Gameplay 9/10",1774681725,1774681725,True,0,0,0.5,False,0,True,False,one best game played good story multiple branching path though faint heart game challenging requiring strategize great encounter like game let go whatever want solve situation multiple way already put game high standard also mod support game big plus thing im fond game ap movement system feel limit character muchit like baldurs gate highly recommend play graphic story gameplay,0.9784,1
221880344,english,"One of the best Isometric Crpgs of all-time, just peak story and gameplay.

10/10",1774664253,1774664253,True,0,0,0.5,False,0,True,False,one best isometric crpgs alltime peak story gameplay,0.6369,1
221853097,english,"Gameplay: 8
Combat very similar to the Original Sin 1, but more balanced, without overpowered spells that could one shot bosses in the first game, and with way less randomness. For the latter is responsible quite unique system of physical and magical armor, that works as the second health and must be depleted to apply a debuff. But once depleted - all the debuffs goes with 100% chance. But that is still a Larian game, so sometimes systems works not so reliable, which generate a weird wonky impression from combat in some fights. 

And because it is an Original Sin game, the whole screen will be covered with fire, blood, ice, smoke and all the versions of them every single fight. I really hope that in the upcoming new Divinity game that mess of elements will be not so messy.

Visuals: 9
Did I mention the messiness of the combat? It is never a bad thing to mention it again - so messy it is. But outside of the millions of elemental effects covering the screen every fight and overcluttered inventory, all the rest visual parts of the game are very good. Landscapes, scenery, attempts in cutscenes from time to time, design of enemies and factions, everything done nicely. The game only lacks of proper cinematic close-up cutscenes, but that is only because of the budged, judging by the studios next game.

Sound: 10
One thing that is stand out is the music. It is absolutely amazing and giving a proper mood for various scenes in the game. The idea of creating a theme for the whole soundtrack and then using in many variations is just brilliant. I got same feeling during BG3 playthrough, but seems like Larian came to this idea with Original Sin 2, way before Baldur's Gate 3.

Voiceover is also on a very high level. Especially the animal characters. In general speaking with animals is like a separate and very fun layer of the game, filled with jokes, clues and references.

Story: 8
The story is way more serious than in the first Original Sin, and more often than not the game is filled with thinking and investigation, than joking and goofing around. But despite the looming apocalypse and all the corpses and blood covering most of the locations, the game's atmosphere doesn't feel dark or dramatic. Because the devs in their wisdom made everything colourful, filled the world with some funny objects and comical characters, and of course too pathos and comically evil enemies. ""Never-ever"" phase will haunt me from time to time though.

The plot itself is quite interesting and intriguing, but the lack of memorable characters and surprisingly a lack of choices in any crucial moment prevent the story from being really good. Also it is beyond me why the companions are never participate in conversations. Sure, there are few dialogs for each companion, but they are forcing player to fully switch to that character and often happens even without opportunity to listen to them.

Personal rate: 8.5/10
More than a successful sequel to Divinity: Original Sin, where the devs fixed a lot of problems of the first game, but also didn't forget to bring new ones! Yes the game is still quite messy in many ways, same as the original. But this time it is way more polished experience with more comprehensive storytelling and an intriguing plot. 

Especially funny to play DOS2 after experiencing the first DOS and Baldur's Gate 3, because that way it is surprising how much more polished the game in comparison with DOS1 and how close it is to BG3. Pretty much BG3 without huge budged for cutscenes and party dialogs, but with combat system from Original Sin 1.

Eventually it is a very strange but definitely enjoyable cocktail of an RPG. Now I can see why Baldur's Gate 3 development was given to Larian Studios and not to InXile or Obsidian. Definitely was a good choice.

Link to my full game playthrough playlist:
https://www.youtube.com/playlist?list=PLya2hxdRWkXGJYtGeX02cBQIiCmVY4Vky",1774639072,1774639334,True,0,0,0.5,False,0,True,False,gameplay combat similar original sin balanced without overpowered spell could one shot boss first game way less randomness latter responsible quite unique system physical magical armor work second health must depleted apply debuff depleted debuffs go chance still larian game sometimes system work reliable generate weird wonky impression combat fight original sin game whole screen covered fire blood ice smoke version every single fight really hope upcoming new divinity game mess element messy visuals mention messiness combat never bad thing mention messy outside million elemental effect covering screen every fight overcluttered inventory rest visual part game good landscape scenery attempt cutscenes time time design enemy faction everything done nicely game lack proper cinematic closeup cutscenes budged judging studio next game sound one thing stand music absolutely amazing giving proper mood various scene game idea creating theme whole soundtrack using many variation brilliant got feeling bg playthrough seems like larian came idea original sin way baldurs gate voiceover also high level especially animal character general speaking animal like separate fun layer game filled joke clue reference story story way serious first original sin often game filled thinking investigation joking goofing around despite looming apocalypse corps blood covering location game atmosphere doesnt feel dark dramatic devs wisdom made everything colourful filled world funny object comical character course pathos comically evil enemy neverever phase haunt time time though plot quite interesting intriguing lack memorable character surprisingly lack choice crucial moment prevent story really good also beyond companion never participate conversation sure dialog companion forcing player fully switch character often happens even without opportunity listen personal rate successful sequel divinity original sin devs fixed lot problem first game also didnt forget bring new one yes game still quite messy many way original time way polished experience comprehensive storytelling intriguing plot especially funny play do experiencing first do baldurs gate way surprising much polished game comparison do close bg pretty much bg without huge budged cutscenes party dialog combat system original sin eventually strange definitely enjoyable cocktail rpg see baldurs gate development given larian studio inxile obsidian definitely good choice link full game playthrough playlist httpswwwyoutubecomplaylistlistplyahxdrwkxgjytgexcbqiicmvyvky,0.9976,1
221758108,english,"Honestly very good, I really liked the combat system and how crowd control worked in this game. Very fun classes, great characters. While Bg3 is what made Larian really famous, I think DoS II does certain things related to tactical gameplay even better than it's successor.",1774543646,1774543646,True,0,0,0.5,False,0,True,False,honestly good really liked combat system crowd control worked game fun class great character bg made larian really famous think do ii certain thing related tactical gameplay even better successor,0.9672,1
221752482,english,"incredible game, sorry I ever doubted you Larian, I may even like this better than BG3 in a lot of ways which I had previously never thought possible, honestly.",1774539323,1774539323,True,0,0,0.5,False,0,True,False,incredible game sorry ever doubted larian may even like better bg lot way previously never thought possible honestly,0.2488,1
221749350,english,It's a great game by any means but too brutal and complicated for me. I played for 140ish hours on classic then uninstalled cus I felt like it was more frustrating than fun. Yes I know it's a skill issue. I still recommend it highly to true RPG fans who want a real challenge.,1774536945,1774536945,True,0,0,0.5,False,0,True,False,great game mean brutal complicated played ish hour classic uninstalled cu felt like frustrating fun yes know skill issue still recommend highly true rpg fan want real challenge,0.9395,1
222525230,english,I don’t even remember why I hate Jahan anymore but it’s too late to stop. I lost divinity but i gained a fiery chicken 10/10,1775334094,1775334094,True,2,1,0.5454545617103576,False,0,True,False,dont even remember hate jahan anymore late stop lost divinity gained fiery chicken,-0.1901,1
222247419,english,"after 16 more hours after i gave the game a dislike and ""combat sucks"" comment, it still stays that way but i liked the rest of the game",1775046292,1775245897,True,0,0,0.4918032586574554,False,0,True,False,hour gave game dislike combat suck comment still stay way liked rest game,0.1154,1
223499690,english,"it is a mid game that is rightfully praised for its combat interactivity, talking with pets, and providing players with cheap skinner box - dopamine rush when following the game design and looting every crate or barrel.

Why I don't like it,
You liberate Fort Joy, killing every magister, and no one cares. Not even a simple line of acknowledgment. And this isn't like a murderous psychopath path, this is the path the game pushes you to.

Scripted events prevent you from saving unimportant NPCs, no matter what you do, The game wants them to die and there's nothing you can do about it. The game will try to trick you into believing you have the ability to save them. You don't. Everything is scripted.

They introduce a companion by having that companion threaten to kill you, forcing you to metagame to justify sparing that idiotic companion. In addition, that companion's quest is broken if you don't allow the companion to murder a lizard, forcing you to choose between blocking access to content or immersing yourself.

Options to express yourself through dialogue are lacking and overly buffoonish. The stoic options are gone, and what you are left with are lines that would feel at home in a parody movie.

Most positive reviews are from people who never actually finished the game. Without 50%-70% of game time will be spent on leveling, looting and shopping and not on doing anything fun.  (Owlcat games also suffer from this specific issue.) 

Combat is a huge major downgrade from Original Sin 1. Creativity and battle mages are punished. You are guided to min max and to push yourself to deal either all magic damage or physical damage.  Once the enemy's armor shatters  you can keep them perma-stunlocked.  Before their armor shatters nerfing and effects do nothing. And if you already broke their armor you might aswell finish them. Leaving you with aoe and direct damage focused skills. 

The game forces you to be a people pleaser, Roleplaying = Agreeing.
If you challenge a companion’s flawed logic, you’re punished.
If you try to set boundaries, you’re punished.
If you act like a rational person who doesn't want to be involved in ""comical"" nonsense, you’re punished.

The game is a one big skinner box looting simulator while telling you all the while that you are the chosen one. While many like grinding and looting boxes for half the game, I don't. 

The game shines when you talk with animals, because that is the only time the writing style fits the narrative. In other times the writing feels like AI, wordy overly flowery and a lot of telling rather than showing.",1776483718,1776490025,False,2,1,0.4907033145427703,False,1,True,False,mid game rightfully praised combat interactivity talking pet providing player cheap skinner box dopamine rush following game design looting every crate barrel dont like liberate fort joy killing every magister one care even simple line acknowledgment isnt like murderous psychopath path path game push scripted event prevent saving unimportant npc matter game want die there nothing game try trick believing ability save dont everything scripted introduce companion companion threaten kill forcing metagame justify sparing idiotic companion addition companion quest broken dont allow companion murder lizard forcing choose blocking access content immersing option express dialogue lacking overly buffoonish stoic option gone left line would feel home parody movie positive review people never actually finished game without game time spent leveling looting shopping anything fun owlcat game also suffer specific issue combat huge major downgrade original sin creativity battle mages punished guided min max push deal either magic damage physical damage enemy armor shatters keep permastunlocked armor shatters nerfing effect nothing already broke armor might aswell finish leaving aoe direct damage focused skill game force people pleaser roleplaying agreeing challenge companion flawed logic youre punished try set boundary youre punished act like rational person doesnt want involved comical nonsense youre punished game one big skinner box looting simulator telling chosen one many like grinding looting box half game dont game shine talk animal time writing style fit narrative time writing feel like ai wordy overly flowery lot telling rather showing,-0.9928,0
222905025,english,"At this point I'm just gonna call it like it is. This is an okay game, not good, not great, not terrible, just simply okay.

Gameplay is great, the actual game runs really well.

The problems start coming at you somewhat slowly, i'd say the game is really good through act 1 but then it gets a bit choppy after that. 
The lore is full of holes and it's still a niche videogame series that doesn't exactly have an army of great youtubers to lay it out for you so as a brand new player its pretty confusing to get into.
Parts of the game are so needlessly tedious it's actually nuts, some task which sounds like it'd be an hours worth of playing will often end up being multiple hours and some wiki scrolling in order to complete.

Do i recommend it? given that its a game from 2017 and not many people can be bothered to join a long ass playthrough of it no matter how good friends you are, then judging it from a solo playthrough perspective then I genuinely don't think even hardcore CRPG fans are missing anything by just skipping this one.",1775771148,1775771148,False,0,1,0.4873417913913726,False,0,True,False,point im gon na call like okay game good great terrible simply okay gameplay great actual game run really well problem start coming somewhat slowly id say game really good act get bit choppy lore full hole still niche videogame series doesnt exactly army great youtubers lay brand new player pretty confusing get part game needlessly tedious actually nut task sound like itd hour worth playing often end multiple hour wiki scrolling order complete recommend given game many people bothered join long as playthrough matter good friend judging solo playthrough perspective genuinely dont think even hardcore crpg fan missing anything skipping one,0.7483,0
223548730,english,"I don't like these Player dialog choices at all WTF is with these ""*You snarl* Disagreeing with them on the subject."" placeholder options. Why are the Civilized language options like the first game focused on a answer just gone for this unfocused pretend what the answer is crap!?
Did the C.E.O. and Directors not check up on what the writer(s) were doing with the dialog options at all?

Just blows my mind the player dialog options are inspired by the very early 2000s cyber sex chats.",1776530209,1776530795,False,0,3,0.4782608747482299,False,0,True,False,dont like player dialog choice wtf snarl disagreeing subject placeholder option civilized language option like first game focused answer gone unfocused pretend answer crap ceo director check writer dialog option blow mind player dialog option inspired early cyber sex chat,-0.8601,0
222875669,english,"as far as crpgs go this is firmly ""alright"" but given the number of crpgs available it's probably not worth the time investment.",1775741860,1775741860,False,0,0,0.4782608747482299,False,0,True,False,far crpgs go firmly alright given number crpgs available probably worth time investment,-0.1403,0
221991639,english,"This is a great game: great voice-acting, tons of lore, tons of possibilities for strategy, and more.

BUT, I do not recommend it [u]for a player like me[/u]: I am not familiar with D&D, and I'm also not a tactical (game-type) player. Deep game mechanics are not really my cup of tea.
And this game has tons of mechanics, and a lot of D&D. So I missed what a lot of the lore was about, I usually had no idea which attributes or skills of my party members I should focus on, and more. I felt like I was just doing random things, hoping for the best.

And the game studio (Larian) has added lots of info pop-ups and tutorials, so it's not like they do not try to help you. But I just couldn't get into this game.
I have played [url=https://store.steampowered.com/app/1086940/Baldurs_Gate_3/]Baldur's Gate 3[/url], and played through it to the end (albeit on a lower difficulty). So I can recommend that game to people with a similar playstyle as mine.",1774768535,1774768535,False,1,0,0.4780876338481903,False,0,True,False,great game great voiceacting ton lore ton possibility strategy recommend ufor player like meu familiar dd im also tactical gametype player deep game mechanic really cup tea game ton mechanic lot dd missed lot lore usually idea attribute skill party member focus felt like random thing hoping best game studio larian added lot info popups tutorial like try help couldnt get game played urlhttpsstoresteampoweredcomappbaldursgatebaldurs gate url played end albeit lower difficulty recommend game people similar playstyle mine,0.9586,0
223915327,english,"The jankiest game I've ever played, literally every single part of the game is fighting you when you play it. Every single system has pushback, this game could use a ton of QoL  features, its really not a surprise that BG3 was a huge hit while this was niche.

Camera: horrible, pixel hunting, zoomed out, you literally cannot see loot without holding alt, Player movement: you cannot see a ton of areas, where you need to go, where is walkable, is that ladder approachable? Click to move also feels really detached and lifeless, your party members will also refuse to move through anything remotely harmful, even If I can just use a bedroll to heal, hope you like swapping party members 4 times for a puddle of poison! It feels like just moving through the world is annoying.

Character builds and stats: Hope you like Youtube tutorials, because nothing is adequately explained, the initial character creator is a nightmare. Every single physical damage build should level warfare, there are a ton of one point wonders and overall its just unintuitive and confusing. You know in Souls most things work, you just figure out what the scaling is and then upgrade it, this is the OPPOSITE system, where most things don't work unless you have a deep understanding of when to break rules.
Examples: Two handed weapon users > Warfare, Bow users > Warfare, Daggers? Again, use warfare. Spells work against each other (fire and water), some parties are terrible because they split what armor they focus on.

Combat: CC everything at all costs forever, anything else is almost objectively incorrect, also its a pixel hunting nightmare of various particle effects, hope you enjoy rotating the camera, double checking everything and never misclick one mm away from a character because now your mage is about to give their highly armored warrior a hug. The armor system also sucks, as it forces you to pick a lane, or risk taking longer to CC something, which is ALWAYS what you want to do.

Story: Extremely slow and generic at the same time, its not that hard to understand but nothing really happens, it feels like a tv series where the main plot surfaces now and then but its mostly little mini adventures. The dialogue varies but overall is engaging and well made. I've played 11 hours and the story has been barebones.

Inventory management: Holy hell this sucks, its just a massive grid, sure you can filter by items, but most items are useless and serve no purpose, shells, pots, intestines etc, its just clutter for clutters sake, and there is also crafting, so you pick up what looks like common useful items just to find your bags filled with garbage, also everyone has their own storage, so you have to share potions, share gold if one is better at bartering etc, it just takes a simple system and makes it a chore.

Markets/bartering: Every single character has an inventory, can be bartered with, and will trade based on their attitude towards you, so enjoy speaking with everyone in case they have a cool skill book, what a tedious horrible waste of time.

Equipment: Feels like nothing is unique, its just raw stat checks, more similar to Diablo or an ARPG, did you get some cool, unique quest reward? Well a basic ass item has higher number, so swap it, really takes away from the game because most gear is painfully generic.

Dialog: Honestly the best part of the game, but it also suffers from far too many edgy characters and generic templates. Red prince seems to be a favorite because of how unique he is, shame most other characters aren't. Lots of tonal wiplash, with dialog choices that are extremely out of place, and NPCs barely react to the edgy options, if you are going to have completely offbeat choices, I expect relative reactions.

The game also treats violence as inconsequential, it loses its bite very quickly, people get killed frequently for next to nothing, so you stop caring, there is no build up, stakes or anything, fights to the death are just what happens when you insult someone I suppose.

Overall I felt this game was made to be bragged about, not actually played, it's pure friction zero flow, I could never just relax and explore, lose myself in the world, the game would often an jarringly remind me THIS IS A VIDEOGAME, SORT YOUR INVENTORY, TALK TO EVERYONE, YOU MISSED THE CAVE, sometimes you need narrow your scope and think about the player journey, instead of ""look at all our mechanics, sure they don't mesh and the UI sucks, but its a lot right?

The games biggest failing is just playing it feels mildly annoying, like work, like I'm enduring something instead of discovering, waiting for a carrot that will never arrive. Let it stay in the history books, a janky precursor story instead of a game you should actively look to enjoy.",1776956685,1776956685,False,2,0,0.4769056439399719,False,0,True,False,jankiest game ive ever played literally every single part game fighting play every single system pushback game could use ton qol feature really surprise bg huge hit niche camera horrible pixel hunting zoomed literally see loot without holding alt player movement see ton area need go walkable ladder approachable click move also feel really detached lifeless party member also refuse move anything remotely harmful even use bedroll heal hope like swapping party member time puddle poison feel like moving world annoying character build stats hope like youtube tutorial nothing adequately explained initial character creator nightmare every single physical damage build level warfare ton one point wonder overall unintuitive confusing know soul thing work figure scaling upgrade opposite system thing dont work unless deep understanding break rule example two handed weapon user warfare bow user warfare dagger use warfare spell work fire water party terrible split armor focus combat cc everything cost forever anything else almost objectively incorrect also pixel hunting nightmare various particle effect hope enjoy rotating camera double checking everything never misclick one mm away character mage give highly armored warrior hug armor system also suck force pick lane risk taking longer cc something always want story extremely slow generic time hard understand nothing really happens feel like tv series main plot surface mostly little mini adventure dialogue varies overall engaging well made ive played hour story barebones inventory management holy hell suck massive grid sure filter item item useless serve purpose shell pot intestine etc clutter clutter sake also crafting pick look like common useful item find bag filled garbage also everyone storage share potion share gold one better bartering etc take simple system make chore marketsbartering every single character inventory bartered trade based attitude towards enjoy speaking everyone case cool skill book tedious horrible waste time equipment feel like nothing unique raw stat check similar diablo arpg get cool unique quest reward well basic as item higher number swap really take away game gear painfully generic dialog honestly best part game also suffers far many edgy character generic template red prince seems favorite unique shame character arent lot tonal wiplash dialog choice extremely place npc barely react edgy option going completely offbeat choice expect relative reaction game also treat violence inconsequential loses bite quickly people get killed frequently next nothing stop caring build stake anything fight death happens insult someone suppose overall felt game made bragged actually played pure friction zero flow could never relax explore lose world game would often jarringly remind videogame sort inventory talk everyone missed cave sometimes need narrow scope think player journey instead look mechanic sure dont mesh ui suck lot right game biggest failing playing feel mildly annoying like work like im enduring something instead discovering waiting carrot never arrive let stay history book janky precursor story instead game actively look enjoy,-0.7932,0
223336152,english,"Last time I played 6 years ago...now came back and found new hidden things. Pls,gimme divinity 3😭

P.S. Imho, this game is way better than baldur's gate 3: lore,mechanics,quests. All mentioned above are more memorable and spectacular.",1776290827,1776291100,True,2,0,0.5219123363494873,False,0,True,False,last time played year agonow came back found new hidden thing plsgimme divinity p imho game way better baldurs gate loremechanicsquests mentioned memorable spectacular,0.8402,1
223727245,english,"Probably the worst game I’ve ever spend money on.
The ratings are beyond my understanding, the game is basically who gets their full cast first, synergy is probably not rocket science but with how turns work in this “masterpiece” you might find yourself doing a lot of quickloads bcs you might just be standing half of the fight afk because of water+ice or other bs, probably have to keep half your party dispersed to avoid that. Im in Arx but i will probably not finish this at all, it was meant as a time-killer during travels with steam deck, turned out to be an impossible task that took out the joy of gaming from me. 
Its basically dark souls II and the dev will say that it was necessary so BG3 can be created later on.
I despise this game and would return it in an instant.
I also accidentally glitched my attribute points via respec and STILL COULDNT fkin beat this sh#t #ss game
On bloodmoon island it kept constantly crashing as well.
0/10",1776714584,1776714584,False,1,2,0.4702467322349548,False,0,True,False,probably worst game ive ever spend money rating beyond understanding game basically get full cast first synergy probably rocket science turn work masterpiece might find lot quickloads bcs might standing half fight afk waterice b probably keep half party dispersed avoid im arx probably finish meant timekiller travel steam deck turned impossible task took joy gaming basically dark soul ii dev say necessary bg created later despise game would return instant also accidentally glitched attribute point via respec still couldnt fkin beat sht s game bloodmoon island kept constantly crashing well,-0.0129,0
222983035,english,"This game sucks ass. If you are considering buying it, dont. Instead, buy Baldur's Gate 3 which is actually really good.",1775867885,1775867885,False,2,2,0.4557451903820037,False,0,True,False,game suck as considering buying dont instead buy baldurs gate actually really good,-0.4228,0
224144327,english,"One of the best CRPGs out there, if you started with BG3, double back to this and original sin for some good times.",1777212930,1777212930,True,0,0,0.5,False,0,True,False,one best crpgs started bg double back original sin good time,0.7003,1
223933226,english,"It's crazy how I put this game off for years. Now that I have been playing it, I have been having some of most fun I have had playing a RPG since Bg3. Awesome and compelling story and I highly recommended it. 10/10",1776974007,1776974007,True,0,0,0.5,False,0,True,False,crazy put game year playing fun playing rpg since bg awesome compelling story highly recommended,0.8976,1
222879170,english,"Truly one of the best RPGs of my life. And hot take, it's probably better than Baldur's Gate 3 (Haven't played it but will change if i have)",1775745439,1775745439,True,0,0,0.5,False,0,True,False,truly one best rpgs life hot take probably better baldurs gate havent played change,0.6101,1
222665297,english,"Idk what rock I’ve been living under but I just finished this game and it’s so damn good. I’m never gonna be the same again. Loved every second of it. I’m fed, thank you. 10000000000000000000/10",1775481229,1775481229,True,0,0,0.5,False,0,True,False,idk rock ive living finished game damn good im never gon na loved every second im fed thank,0.8373,1
222405799,english,"Fight, die, reload, adapt—hoping the enemies would switch things up, then die again to the same brutal combo.",1775223358,1775223860,True,0,0,0.5,False,0,True,False,fight die reload adapthoping enemy would switch thing die brutal combo,-0.9565,1
222279423,english,"amazing and fun game with a deep story and amazing stories for the characters
",1775076223,1775076223,True,0,0,0.5,False,0,True,False,amazing fun game deep story amazing story character,0.8979,1
222130248,english,"way too difficult, way too many options, invisible bombs that insta kill your toon :( just no",1774903522,1774903522,False,0,0,0.4761904776096343,False,0,True,False,way difficult way many option invisible bomb insta kill toon,-0.9062,0
223742588,english,The game Larian made before Baldur's Gate 3.  Pretty much the same engine.  Great Stuff!,1776732474,1776732474,True,0,0,0.5,False,0,True,False,game larian made baldurs gate pretty much engine great stuff,0.8221,1
222276282,english,"Fine game. 
Miss when attacking the man who is knocked down. Classic.",1775073236,1775073236,True,0,0,0.5,False,0,True,False,fine game miss attacking man knocked classic,-0.4215,1
222211377,english,"After playing BG3 I wanted to venture into other of Larian's Work and I was not disappointed
",1774995261,1774995261,True,0,0,0.5,False,0,True,False,playing bg wanted venture larians work disappointed,0.5194,1
223876239,english,"If you never played BG3 - go play it instead.
If you already played BG3 - go play it with another class or mods, still better than wasting time in this piece of crap.",1776899616,1776899616,False,0,0,0.3846153914928436,False,1,True,False,never played bg go play instead already played bg go play another class mod still better wasting time piece crap,-0.171,0
223657389,english,"really fun to play, even after playing BG3. can't wait for Divinity Original Sin 3",1776630746,1776630746,True,1,0,0.5238095521926879,False,0,True,False,really fun play even playing bg cant wait divinity original sin,0.4135,1
222780206,english,good game i think it's been nine hours and i may or may not still be in the tutorial,1775612571,1775612571,True,0,0,0.5,False,0,True,False,good game think nine hour may may still tutorial,0.4404,1
221998394,english,"Transplant surgery done, now me & my brand-new brain is ready for a 3rd run.",1774775663,1774775663,True,0,0,0.5,False,0,True,False,transplant surgery done brandnew brain ready rd run,0.3612,1
223867529,english,Should probably make lots of people's top-ten all-time-greats lists. Truly a remarkable work.,1776888914,1776888914,True,0,0,0.5,False,0,True,False,probably make lot people topten alltimegreats list truly remarkable work,0.7579,1
222452907,english,"I entered a new town and one random guard wanted to arrest one of my characters, I said no, and now the ENTIRE TOWN wants to kill me. Not just the other guards, every person in town. So do I save scum or just kill the entire town? I'm so sick of RPGs like this that seem to encourage save scumming because you keep encountering consequences that make no ♥♥♥♥♥♥♥ sense. Have the consequences actually make sense for your character's actions.

EDIT: Hey, so turns out if you start this combat encounter in the town square the entire town attacks you, but if you do it about ten feet away from there only the all guards attack you and all the civilians run away like they're supposed to. THIS IS ♥♥♥♥♥♥♥ STUPID GAME DESIGN, WHY THE ♥♥♥♥ DOES TEN FEET OF SPACE MAKE SUCH A HUGE DIFFERENCE BETWEEN MASSACRING AN ENTIRE TOWN AND FIGHTING SOME GUARDS?!

Here's some more examples:

I talk to some town guards and one of them kills a cat that's following me for no reason while I'm talking to a completely different guard (nobody EVER attacks this cat, even in every single other combat scenario it runs away and enemies don't target it). And this cat becomes very useful later in the game. Save scum or accept nonsensical consequences?

Combat Arena where you're given only one chance to win or you can't try again to get the reward. Sounds fair until you realize that if you die (and waste resources trying to win) you all get automatically resurrected afterwards with no reason why. Save scum or accept nonsensical consequences?

I keep trying to enjoy this game and ♥♥♥♥♥♥ game design like this keeps ruining it.",1775264592,1776271117,False,2,2,0.4031305313110351,False,0,True,False,entered new town one random guard wanted arrest one character said entire town want kill guard every person town save scum kill entire town im sick rpgs like seem encourage save scumming keep encountering consequence make sense consequence actually make sense character action edit hey turn start combat encounter town square entire town attack ten foot away guard attack civilian run away like theyre supposed stupid game design ten foot space make huge difference massacring entire town fighting guard here example talk town guard one kill cat thats following reason im talking completely different guard nobody ever attack cat even every single combat scenario run away enemy dont target cat becomes useful later game save scum accept nonsensical consequence combat arena youre given one chance win cant try get reward sound fair realize die waste resource trying win get automatically resurrected afterwards reason save scum accept nonsensical consequence keep trying enjoy game game design like keep ruining,-0.8643,0
223777552,english,"Something like an amusement park designed for adults.  Even though adults can enjoy disneyland, the park is designed for kids and families.  D:OS2 is not designed for kids and families. 

D:OS2 is not designed for someone who enjoys well-done steak.  D:OS2 is for someone who wants to test the difference between methods of reverse-sear.",1776782162,1776782162,True,0,0,0.5,False,0,True,False,something like amusement park designed adult even though adult enjoy disneyland park designed kid family do designed kid family do designed someone enjoys welldone steak do someone want test difference method reversesear,0.8885,1
223274378,english,"First 2 acts 9/10, maybe 10/10 after little bit of qol modding. Last 2 acts 2/10 though.",1776207173,1776207173,True,0,0,0.5,False,0,True,False,first act maybe little bit qol modding last act though,0.0,1
222942547,english,"I enjoy this game, still couldn't figure out how to get out of Fort Joy.",1775827189,1775827189,True,0,0,0.5,False,0,True,False,enjoy game still couldnt figure get fort joy,0.7906,1
222651818,english,superb. so much fun. the turn based combat is terrible tho,1775466021,1775466021,True,0,0,0.5,False,0,True,False,superb much fun turn based combat terrible tho,0.4902,1
223809817,english,"A certain statue in act 4 accused me thief when I never picked red items. A certain statue in act 4 accused me murderer but every death was my summons doing. So who might that be that it counted as my kill? Dallis on the ship, I forced her to retreat, she left with 370 hp. Advocate died by deathfog barrel conviniently broken by my Incarnate. Alexander who perished in a cutscene. Amadia avatar I zapped with lightning to become Source Titan who then chocked on another deathfog barrel broken by Incarnate, again. Away from my frustration, dialogue system is pure ♥♥♥♥♥♥♥ - no persuasion of 5? Too Bad. Persuasion succed? nothing changed. No Scholar or Mystic tag? Too Bad again.",1776813425,1776813425,False,1,0,0.4908595979213714,False,0,True,False,certain statue act accused thief never picked red item certain statue act accused murderer every death summons might counted kill dallis ship forced retreat left hp advocate died deathfog barrel conviniently broken incarnate alexander perished cutscene amadia avatar zapped lightning become source titan chocked another deathfog barrel broken incarnate away frustration dialogue system pure persuasion bad persuasion succed nothing changed scholar mystic tag bad,-0.9946,0
223085114,english,Don't bother.  Last battle is stupid.  I wish I could have the time I wasted on this back.,1775977795,1775977795,False,2,2,0.5109822154045104,False,0,True,False,dont bother last battle stupid wish could time wasted back,-0.1729,0
224151292,english,"LARIAAAN! GIVE ME EARLY ACCESS TO THE NEW DIVINITY, AND MY LIFE IS YOURS.",1777218435,1777218435,True,0,0,0.5,False,0,True,False,lariaaan give early access new divinity life,0.6114,1
223362763,english,Really enjoyed this. The plot was engaging and kept me interested until the end!,1776333917,1776333917,True,0,0,0.5,False,0,True,False,really enjoyed plot engaging kept interested end,0.8395,1
223767907,english,Everything is on fire and it's freaking great.,1776771984,1776771984,True,0,0,0.5,False,0,True,False,everything fire freaking great,-0.0258,1
223902776,english,80 hours and i'm still not halfway through :D i think I robbed Larian when I got this game on sale as a bundle :D,1776942949,1776942949,True,1,0,0.5238095521926879,False,0,True,False,hour im still halfway think robbed larian got game sale bundle,-0.7571,1
222732518,english,"Incredible game! If you've played Baldur's Gate 3 and enjoyed it, you'll enjoy this, maybe even more than BG3.",1775561110,1775561110,True,0,0,0.5,False,0,True,False,incredible game youve played baldurs gate enjoyed youll enjoy maybe even bg,0.8478,1
222372067,english,"Just finished the game and damn was it a good one. The mechanics are fire and the mods are peak and add so much to a game with sooooo much already in it. If you haven't yet, do yourself a service and play this masterpiece!",1775181293,1775181293,True,1,0,0.5,False,0,True,False,finished game damn good one mechanic fire mod peak add much game sooooo much already havent yet service play masterpiece,0.7482,1
222278014,english,"I love this game. It is better than Baldur's Gate 3 in many ways. The combat system is easy to learn, but difficult to master. 10/10 recommended CRPG.",1775074847,1775074847,True,1,0,0.5,False,0,True,False,love game better baldurs gate many way combat system easy learn difficult master recommended crpg,0.4118,1
222963967,english,"just like skyrim, it's definitely one of the greatest game out there.",1775846971,1775846971,True,0,0,0.5,False,0,True,False,like skyrim definitely one greatest game,0.8555,1
222163546,english,"Hot Lizard Women, At Such A Reasonable Price",1774949011,1774949011,True,0,0,0.5,False,0,True,False,hot lizard woman reasonable price,0.0,1
224233944,english,Downloaded this game with my friend and its been the only thing we've been doing for like a week now,1777316945,1777316945,True,0,0,0.5,False,0,True,False,downloaded game friend thing weve like week,0.6908,1
222231066,english,Green tea somehow being the most overpowered thing in this game is so funny.,1775021871,1776494344,True,0,0,0.5,False,0,True,False,green tea somehow overpowered thing game funny,0.5777,1
224224038,english,love it when a game gives me a bunch of losers to root for,1777307041,1777307041,True,0,0,0.5,False,0,True,False,love game give bunch loser root,0.2023,1
223363124,english,I've played it coop with controllers -- just amazing!,1776334569,1776334569,True,0,0,0.5,False,0,True,False,ive played coop controller amazing,0.7574,1
223332239,english,"Took almost 200 hours to beat it, loved every single minute of it.",1776286066,1776286066,True,0,0,0.5,False,0,True,False,took almost hour beat loved every single minute,0.5994,1
224149836,english,Baldurs Gate 3 Lite. Lil bit slow on loading act 2,1777217242,1777217242,True,0,0,0.5,False,0,True,False,baldurs gate lite lil bit slow loading act,0.0,1
222933721,english,"One of the best CRPG i've ever played, highly recommend!",1775815915,1775815915,True,0,0,0.5,False,0,True,False,one best crpg ive ever played highly recommend,0.8653,1
222381342,english,"Positives:
1. Classless character creation. It's not like BG3 where you're placed on a set, specific upgrade path based on your class. If you want to play a scoundrel without backlash or adrenaline, go right ahead. Do you want to play a necromancer/pyro/scoundrel character? Cool. You can do that.

2. Progression is not locked to level-ups. Leveling up is fun, but you get new skills by buying skill books from traders. This means you aren't desperately waiting to level up to get cool new features to play around with.

3. The combat depth is incredible. The game encourages you to play around your environment. High ground gives you bonus range and damage on ranged skills. Barrels can be broken to spread surfaces like poison, fire, and oil. Surfaces can be blessed to turn negative terrain effects like fire into sources of healing and buffs. Surfaces can be cursed to turn neutral terrain into dangerous terrain and dangerous terrain into even worse terrain. Some surfaces can even be mixed to create new surfaces like electrified steam and frozen blood.

4. The arena. I, too, have had my attention span dangerously eroded by the attention economy, and the ability to load up arena mode, pick some premade characters, and just fight a few matches is just the right amount of instant gratification for me.

Negatives:
1. Stunlocks. This game features lots and lots and lots of stunlocks. You can do it to your enemies and they can do it to you. Stuns in this game are resisted by armor, meaning once a character's armor is broken, stuns become guaranteed. This means that once your physical armor is broken you can expect to be knocked down 4 turns in a row and once your magic armor is broken you can expected to be frozen and shocked until you die.

2. The graphics. They did not age well.

3. The initiative order. The initiative is rigged. The game is specifically programmed to play in a specific order: Player turn, enemy turn, player turn, enemy turn. If you kill an enemy, the game will move slower enemies higher in the turn order to fill the gap left by the dead enemy. This means that targeting characters who are higher in the turn order to finish them off before they get a chance to attack, which is a critical strategy in many other turn-based RPGs, just doesn't work in this one. It also means that boosting your initiative in this game is pretty much pointless, since an enemy with +1 initiative can always go before your second fastest character, even if their initiative bonus is +7.


I'm sure there's more I'm missing, but this game is a ton of fun, so instead of finishing this review, I'm just going to go load up another arena match and play that instead.",1775193709,1775193709,True,1,0,0.5,False,0,True,False,positive classless character creation like bg youre placed set specific upgrade path based class want play scoundrel without backlash adrenaline go right ahead want play necromancerpyroscoundrel character cool progression locked levelups leveling fun get new skill buying skill book trader mean arent desperately waiting level get cool new feature play around combat depth incredible game encourages play around environment high ground give bonus range damage ranged skill barrel broken spread surface like poison fire oil surface blessed turn negative terrain effect like fire source healing buff surface cursed turn neutral terrain dangerous terrain dangerous terrain even worse terrain surface even mixed create new surface like electrified steam frozen blood arena attention span dangerously eroded attention economy ability load arena mode pick premade character fight match right amount instant gratification negative stunlocks game feature lot lot lot stunlocks enemy stuns game resisted armor meaning character armor broken stuns become guaranteed mean physical armor broken expect knocked turn row magic armor broken expected frozen shocked die graphic age well initiative order initiative rigged game specifically programmed play specific order player turn enemy turn player turn enemy turn kill enemy game move slower enemy higher turn order fill gap left dead enemy mean targeting character higher turn order finish get chance attack critical strategy many turnbased rpgs doesnt work one also mean boosting initiative game pretty much pointless since enemy initiative always go second fastest character even initiative bonus im sure there im missing game ton fun instead finishing review im going go load another arena match play instead,-0.9973,1
222870044,english,good game all voice acted so thats nice,1775735250,1775735250,True,0,0,0.4761904776096343,False,0,True,False,good game voice acted thats nice,0.7165,1
223607979,english,Awesome game. Great mod support.,1776591334,1776591334,True,0,0,0.5,False,0,True,False,awesome game great mod support,0.8979,1
222079662,english,I mean yeah. It's Overwhelmingly Positive for a reason.,1774848897,1774848897,True,0,0,0.5,False,0,True,False,mean yeah overwhelmingly positive reason,0.6486,1
222332794,english,"Insanely good game!
Larian doesnt miss",1775142521,1775142521,True,1,0,0.5089285969734191,False,0,True,False,insanely good game larian doesnt miss,0.5627,1
222727950,english,I LOVE THIS GAME BRUH KEEP COMING BACK AFTER AWHILE,1775554799,1775554799,True,1,0,0.5270270705223083,False,0,True,False,love game bruh keep coming back awhile,0.6369,1
224239787,english,Best RPG ever. Competes with Mass Effect 2.,1777322775,1777322775,True,0,0,0.5,False,0,True,False,best rpg ever competes mass effect,0.6369,1
222832370,english,"Worth playing even if you've played BG3? Yes, you will enjoy.",1775679072,1775679161,True,0,0,0.5,False,0,True,False,worth playing even youve played bg yes enjoy,0.875,1
224051046,english,I hecking love curse fire I love it I LOVE IT,1777118441,1777118441,True,0,0,0.5,False,0,True,False,hecking love curse fire love love,0.8567,1
223801623,english,Ignore me. I just hate the ♥♥♥♥♥♥ window that constantly asks for my ♥♥♥♥♥♥♥ opinion about the ♥♥♥♥♥♥♥ game.,1776803846,1776803846,True,0,0,0.5,False,0,True,False,ignore hate window constantly asks opinion game,-0.7351,1
220217483,english,"Divinity: Original Sin 2 is the only game where a perfectly normal plan turns into:

teleport enemy → oil everywhere → fire everywhere → entire party dying → reload save.
And somehow that’s exactly why it’s one of the best RPGs ever made.

The world, the characters, the freedom, and the ridiculous amount of ways to solve problems, this game just lets you be creative. Or stupid. Both work.

Also: 100% completed.
My quicksave key is now permanently embedded in my keyboard.",1773000942,1773000942,True,166,7,0.923630952835083,False,2,True,False,divinity original sin game perfectly normal plan turn teleport enemy oil everywhere fire everywhere entire party dying reload save somehow thats exactly one best rpgs ever made world character freedom ridiculous amount way solve problem game let creative stupid work also completed quicksave key permanently embedded keyboard,0.9022,1
217521905,english,"Divinity: Original Sin 2 is one of the closest experiences a video game has ever come to a full Dungeons & Dragons campaign, offering total freedom of choice and real consequences — just without the struggle of getting everyone to show up on time.

The game focuses on meaningful decisions, highly strategic turn-based combat, and creative elemental interactions, where every mistake becomes a lesson (or a reload). The narrative is mature, layered, and filled with moral dilemmas and memorable characters, reinforcing that there are no perfect choices — only consequences.

The delicious irony is that Divinity gives you absolute freedom… and then calmly watches as you ruin everything with a bad plan. In the end, it’s a deep, smart, and unforgiving RPG, made for those who love strategy, great storytelling, and accepting that the biggest threat is often your own party.",1770157449,1770157449,True,37,2,0.7589829564094543,False,0,True,False,divinity original sin one closest experience video game ever come full dungeon dragon campaign offering total freedom choice real consequence without struggle getting everyone show time game focus meaningful decision highly strategic turnbased combat creative elemental interaction every mistake becomes lesson reload narrative mature layered filled moral dilemma memorable character reinforcing perfect choice consequence delicious irony divinity give absolute freedom calmly watch ruin everything bad plan end deep smart unforgiving rpg made love strategy great storytelling accepting biggest threat often party,0.9801,1
217483755,english,I like this game this game got me into dungeon and dragon i am playing wizard phaffarion is my name im the most powerful wizadr in grabownia hello,1770115859,1770115859,True,16,15,0.6910883784294128,False,0,True,False,like game game got dungeon dragon playing wizard phaffarion name im powerful wizadr grabownia hello,0.7501,1
217906730,english,"It only took me like 9 years, but I was finally able to escape Fort Joy. Attaining divinity afterwards was actually a walk in the park in comparison!
Gosh, this is one of the greatest RPGs ever made. Period.",1770596482,1770613231,True,35,10,0.7368958592414855,False,3,True,False,took like year finally able escape fort joy attaining divinity afterwards actually walk park comparison gosh one greatest rpgs ever made period,0.9688,1
219282332,english,"I really like the game, similar to BG3 minus the cutscenes and the dice mechanics. Fully voice acted which is great. Also very well thought out for controller; Love taking it slow on the steamdeck chilling in bed. Getting ready for the next divinity game ;)",1772126427,1772126427,True,14,1,0.6692619323730468,False,0,True,False,really like game similar bg minus cutscenes dice mechanic fully voice acted great also well thought controller love taking slow steamdeck chilling bed getting ready next divinity game,0.9661,1
217201759,english,"Played the story co-op with my brother, awesome game, loved it every minute - my brother not so much!",1769811095,1769811095,True,13,7,0.6605820655822753,False,0,True,False,played story coop brother awesome game loved every minute brother much,0.8932,1
217502020,english,"Honestly for those not already into dnd or who don't like the dnd system I'll straight up say gameplay wise this game is far more enjoyable than baldurs gate 3, no boring daily spell limit, no dice system, no limited leveling and limited spells, you can  just knock yourself out with so many spells and combinations and cast all those spells as many times as you like, it's just so much fun.

And as a side note lizards look actually interesting here, in baldurs gate 3 dragonkin just looks like humans with a different head, boring.

I hope larian's next game will have the combat system of divinity original sin 2 and the visuals of baldurs gate 3.",1770137490,1770137490,True,15,1,0.6414505839347839,False,0,True,False,honestly already dnd dont like dnd system ill straight say gameplay wise game far enjoyable baldurs gate boring daily spell limit dice system limited leveling limited spell knock many spell combination cast spell many time like much fun side note lizard look actually interesting baldurs gate dragonkin look like human different head boring hope larians next game combat system divinity original sin visuals baldurs gate,0.4663,1
221157059,english,"coming from BG3 i was curious if DOS2 can capture the feeling and to my suprise it def did! 
me and a friend put over 110hours in the game now and are half way through the second run. first was on classic, now its tactician. as an achivement hunter i do NOT like that the game discourages you from making your own character as so many of the npc achivements are tied to who you pick for your party. also you dont get npc achivements when playing with a friend who controls the character you'rte doing the story on. that is total bs and leads to much more unnecessary playtime. but i can see where they coming from and i like that a lot of things and gripes i have with dos2 are ironed out in BG3. playing DOS2 now really makes me excited for what's to come with the new Divinity entry next year. Play it for fun., it's a big game! But if you want to do every Achivement, bring time. :)",1774014674,1774014674,True,5,2,0.5713735222816467,False,0,True,False,coming bg curious do capture feeling suprise def friend put hour game half way second run first classic tactician achivement hunter like game discourages making character many npc achivements tied pick party also dont get npc achivements playing friend control character yourte story total b lead much unnecessary playtime see coming like lot thing gripe do ironed bg playing do really make excited whats come new divinity entry next year play fun big game want every achivement bring time,0.9685,1
218686928,english,"Played on Tactician, completionist run.

+ Act 1 and Act 2 are masterpieces of CRPG design — 10/10.
+ The combat system is innovative, strategic, and extremely fun.
+ The OST is great, the voice acting is strong, and the writing in the first half is mostly excellent.

- Act 3 is mid. There’s too much repetition, and burnout begins to creep in. 
- Act 4 / Arx is the worst-designed “big city” I’ve ever seen in a CRPG. It doesn’t feel lived in. It doesn’t feel like a capital. It feels like a cardboard container where the developers stuffed every remaining boss to clean up unresolved questlines. There’s no sense of civilian life. No organic exploration. The city doesn’t even have a tavern — not even the suggestion that one existed before the siege.
- Itemization goes from interesting and build-defining to borderline nonsensical in the endgame.

It honestly feels like Larian split their effort between Acts 3 and 4 when they should have focused on making one strong, cohesive final act. I hate when a game I genuinely love collapses in its second half. It sours the entire experience.",1771495678,1771495678,False,5,0,0.5663437843322753,False,0,True,False,played tactician completionist run act act masterpiece crpg design combat system innovative strategic extremely fun ost great voice acting strong writing first half mostly excellent act mid there much repetition burnout begin creep act arx worstdesigned big city ive ever seen crpg doesnt feel lived doesnt feel like capital feel like cardboard container developer stuffed every remaining bos clean unresolved questlines there sense civilian life organic exploration city doesnt even tavern even suggestion one existed siege itemization go interesting builddefining borderline nonsensical endgame honestly feel like larian split effort act focused making one strong cohesive final act hate game genuinely love collapse second half sour entire experience,0.9896,0
219857389,english,"I have tried to get into top downs and I just cant Baldurs gate 3 was a good game, this is too. its just not for me. You can keep the change",1772687406,1772687406,True,7,7,0.5658223032951354,False,0,True,False,tried get top down cant baldurs gate good game keep change,0.5719,1
218712461,english,"25 hours and I'm just in the very first area after tutorial. This game is so fun. Played after Baldur's Gate 3 and the only thing I miss from that game is the cutscene-style-closeup when doing dialogues. Beyond that, this game is literally the game you should play if you miss BG3. 

There are some little aspects that are a step below, obviously, but you will find something even more fun. I think the combat is more strategic than BG3 and maybe more challenging. The progression system is good and I'm getting fun in choosing the perfect build. I think is a lot more important to search for useful item in this game.

Oh and you can play split-screen here like in BG3!

Just started but I recommend it 100%",1771522416,1771522416,True,7,1,0.5634920597076416,False,0,True,False,hour im first area tutorial game fun played baldurs gate thing miss game cutscenestylecloseup dialogue beyond game literally game play miss bg little aspect step obviously find something even fun think combat strategic bg maybe challenging progression system good im getting fun choosing perfect build think lot important search useful item game oh play splitscreen like bg started recommend,0.9917,1
218325641,english,so peak that i activated like a sleeper agent when my dungeon master was playing ambiance music and the music form this game played,1771099654,1771099654,True,3,2,0.5634920597076416,False,0,True,False,peak activated like sleeper agent dungeon master playing ambiance music music form game played,0.6908,1
220321108,english,"Good game but the combat is a downgrade compared to DoS 1. The Armor/Magic Armor system is terrible.
Like what do you mean i have to take down Enemies 2nd and 3rd health bars to CC them ?
Please don't bring this combat system back in DoS 3. We have suffered enough, No more meta builds...",1773110293,1774029963,False,8,0,0.5622358918190002,False,0,True,False,good game combat downgrade compared do armormagic armor system terrible like mean take enemy nd rd health bar cc please dont bring combat system back do suffered enough meta build,-0.9393,0
218288409,english,"I'm just gonna use this as a test for the PC specs attachment thing. Yeah, game's fine, buy it",1771066977,1771066977,True,2,0,0.5454545617103576,False,0,True,False,im gon na use test pc spec attachment thing yeah game fine buy,0.6369,1
216699766,english,"Just really was not feeling this one at all. I appreciate the novelty of the combat and the world setting, but the moment to moment gameplay was mostly anti-fun. The big strikes being: an overemphasis on metagaming both quest progression and combat initiation and the overall tone of the game's writing.",1769273720,1769273720,False,4,0,0.5414012670516967,False,0,True,False,really feeling one appreciate novelty combat world setting moment moment gameplay mostly antifun big strike overemphasis metagaming quest progression combat initiation overall tone game writing,-0.7591,0
217103736,english,"This game has some of the best roleplaying potential as well as some of the most engaging turn-based combat I've ever seen in a game of its ilk. Each monster you fight feels unique and has its own special skillset that makes the world feel unpredictable and dangerous, even on relatively low difficulty.

The lore, the characters, the worldbuilding, everything is fleshed out and feels alive, engaging, and lived-in. You can interact with pretty much everything and everyone, and the game will acknowledge all of your choices from the smallest act of kindness to the most egregious act of selfishness; it won't treat you like a hero or a villain for doing any specific act, just show you the fruits of your actions and what they result in.

The combat is genuinely engaging and makes you feel the peril of danger. It is brutal but fair, and you will realize that in the majority of cases your loses will be the result of your own carelessness or lack of strategic planning. Even a relatively trivial encounter can be deadly if you get sloppy. You can play on insane difficulty honor-mode if you love the challenge or on story mode if you just want to roleplay and focus on interaction with the other characters, building your party however you like.

If you like turn-based combat games, a good story where choices matter, and characters with complex personalities, then this is a very good title; it's probably not a perfect fit for everyone but I'd say at least give it a try.

8/10",1769705454,1769705454,True,4,0,0.5374732017517089,False,0,True,False,game best roleplaying potential well engaging turnbased combat ive ever seen game ilk monster fight feel unique special skillset make world feel unpredictable dangerous even relatively low difficulty lore character worldbuilding everything fleshed feel alive engaging livedin interact pretty much everything everyone game acknowledge choice smallest act kindness egregious act selfishness wont treat like hero villain specific act show fruit action result combat genuinely engaging make feel peril danger brutal fair realize majority case loses result carelessness lack strategic planning even relatively trivial encounter deadly get sloppy play insane difficulty honormode love challenge story mode want roleplay focus interaction character building party however like like turnbased combat game good story choice matter character complex personality good title probably perfect fit everyone id say least give try,-0.7961,1
220704498,english,"What an incredible game! There are so many places to explore, so many treasures to discover, and so many people you can steal from… because yes, stealing is one of the most fun things you can do in this game. I may or may not have spent a ridiculous amount of time figuring out how to rob absolutely everyone without getting caught.
And sure, there’s also all that whole “divinity” business and saving the world, but let’s be honest: we really want is to find the most powerful weapon possible and hit enemies so hard they question their life choices. 
The game is excellent. The characters are fantastic, the story is well crafted, the environments are amazing, and the music perfectly complements every moment of the adventure.

And if anyone has something to say about it… as Sir Lora would say:
“Look, Quercus! The shield speaks!”",1773540939,1773540939,True,3,1,0.5264623761177062,False,0,True,False,incredible game many place explore many treasure discover many people steal yes stealing one fun thing game may may spent ridiculous amount time figuring rob absolutely everyone without getting caught sure there also whole divinity business saving world let honest really want find powerful weapon possible hit enemy hard question life choice game excellent character fantastic story well crafted environment amazing music perfectly complement every moment adventure anyone something say sir lora would say look quercus shield speaks,0.9858,1
218661191,english,"amazing game , bit tough if you go on harder difficulity first time but that's what makes it good for me and my mate, I'd recommend doing so too if you wanna be on your toes till endgame and so it doesnt become boring later",1771459486,1771459486,True,1,1,0.5238095521926879,False,0,True,False,amazing game bit tough go harder difficulity first time thats make good mate id recommend wan na toe till endgame doesnt become boring later,0.8932,1
217785947,english,"I love this game!, most enjoyable with friends. The classes and character lore is awesome, there also are plot twist Omg!",1770479319,1770479319,True,1,0,0.5238095521926879,False,0,True,False,love game enjoyable friend class character lore awesome also plot twist omg,0.9472,1
217662822,english,Haven't left the first proper area yet. Really enjoying the game tho. The skeleton man is hot.,1770336439,1770336439,True,1,0,0.5238095521926879,False,0,True,False,havent left first proper area yet really enjoying game tho skeleton man hot,0.5709,1
217371819,english,"Love it, playing this after bdg3 feels amazing, you can see the inspiration a lot. cant wait for the new Divinity game!",1769975352,1769975352,True,1,0,0.5238095521926879,False,0,True,False,love playing bdg feel amazing see inspiration lot cant wait new divinity game,0.9531,1
216817073,english,"Amazing game that gives you infinite freedom and then kicks your teeth for using it wrong.

I really enjoy this.

",1769388651,1769388651,True,1,0,0.5238095521926879,False,0,True,False,amazing game give infinite freedom kick teeth using wrong really enjoy,0.8553,1
219326352,english,"Great game but please for the love of god im begging you, DONT ♥♥♥♥♥♥♥ PLAY TACTICIAN FIRST PLAYTHROUGH!!!! THIS IS NOT BAULDERS GATE 3 MY OVER 120 HOURS IS A SINGLE PLAYTHROUGH AND EVERY FIGHT TOOK ME HOURS.",1772178140,1772178140,True,1,0,0.52173912525177,False,0,True,False,great game please love god im begging dont play tactician first playthrough baulders gate hour single playthrough every fight took hour,0.8048,1
218410979,english,"The game is great up until the final act (final zone and story location of the game). Don´t even get me started on the final fight. It was really ass imo. Super underwhelming ending 

The final act was really annoying and tedious especially with all the obnoxious and annoying puzzles that have seemingly no clues or hints to them unless you´re willing to scatter the zone for 50hrs looking for clues so you´re forced to look at online guides which I really didn´t feel like doing for this game but since I got as far as I did, where most players haven´t even gotten due to quitting, I wanted to see it finished.

I played the game fully solo, with lonewolf, in a party of 1 character (myself) and it was a real one-man-army playthrough and it was fun af and I wouldn´t have done it any other way unless I had a party of 4 real life people but that´s too much of a hassle to get together for a game like this.

This game however can be BRUTAL especially with CC spam from enemies. Some times you WILL get completely shut down and deleted with no counterplay due to getting shocked, knocked down, frozen, etc.  --- get ur SAVES ready and spam quicksave when u feel the need for it.



Overall, if you already played baldurs gate 3 and are just curious on it´s predecessor, play this game BUT if you haven´t played BG3 and are debating which of the 2 to play, the answer is very obvious so go and play BG3.",1771185523,1771185523,True,3,0,0.52173912525177,False,0,True,False,game great final act final zone story location game dont even get started final fight really as imo super underwhelming ending final act really annoying tedious especially obnoxious annoying puzzle seemingly clue hint unless youre willing scatter zone hr looking clue youre forced look online guide really didnt feel like game since got far player havent even gotten due quitting wanted see finished played game fully solo lonewolf party character real onemanarmy playthrough fun af wouldnt done way unless party real life people thats much hassle get together game like game however brutal especially cc spam enemy time get completely shut deleted counterplay due getting shocked knocked frozen etc get ur save ready spam quicksave u feel need overall already played baldurs gate curious predecessor play game havent played bg debating play answer obvious go play bg,0.8747,1
217447431,english,"This game is on sale this week. (2nd Feb, 2026)

I think it's a MUST PLAY if you have a full 4 group to play with. This is the game that inspired Hasbro to give the Baldur's Gate 3 license to Larian. If you know, you know. 

Story, gameplay, sound, it's just all so good.",1770064097,1770064097,True,1,0,0.5212765932083129,False,0,True,False,game sale week nd feb think must play full group play game inspired hasbro give baldurs gate license larian know know story gameplay sound good,0.9095,1
218439857,english,"Despite it's flaws and a few bugs, this is the best RPG i have ever played.
The freedom of choice is great, you can solve things on many different ways and have many outcomes like a real RPG should.
Wanna teleport someone to death fog and insta kill them during a conversation? Do it.
Wanna persuade the bad guys to join your side in a battle, and after the combat is over, betray them and kill everyone anyway? Do it.
Wanna turn all your foes into chickens and cc lock them for the whole fight? Do it.

Wanna sneak behind someone while one of your characters distracts them and steals all their valuables and then teleport away so you don't get caught? Do it.

The character customization is the best i'v seen so far. The game rewards creativity and out of the box thinking. Divinity 2 doesn't ask ""is this balanced?"" It asks: can it be done? And the answer is: if so, then do it!

The game doesn't care if you're going to come up with the most ridiculously broken combo in existence and absolutely break the game. It incentives you to do so.

This game is a timeless masterpiece just like the first divinity. a 10/10 despite it's flaws.

The best RPG made so far (IMO).




",1771216902,1771217125,True,1,0,0.5199999809265136,False,0,True,False,despite flaw bug best rpg ever played freedom choice great solve thing many different way many outcome like real rpg wan na teleport someone death fog insta kill conversation wan na persuade bad guy join side battle combat betray kill everyone anyway wan na turn foe chicken cc lock whole fight wan na sneak behind someone one character distracts steal valuable teleport away dont get caught character customization best iv seen far game reward creativity box thinking divinity doesnt ask balanced asks done answer game doesnt care youre going come ridiculously broken combo existence absolutely break game incentive game timeless masterpiece like first divinity despite flaw best rpg made far imo,0.8821,1
217713905,english,"This game was great, the combat and progression system is more simple than baldurs gate 3 but its honestly better in my opinion. The story and characters are great in this too but you dont get the same depth that you get with companions especially in bg3, the lack of up close face to face interactions and companion cutscenes does make the story a bit less engaging but its still good. 

If the new divinity has an enhanced version of this gameplay and the same quality of story and interactions as baldurs gate 3 it would be a perfect game.",1770400842,1770825365,True,1,0,0.51977401971817,False,0,True,False,game great combat progression system simple baldurs gate honestly better opinion story character great dont get depth get companion especially bg lack close face face interaction companion cutscenes make story bit less engaging still good new divinity enhanced version gameplay quality story interaction baldurs gate would perfect game,0.9849,1
217761364,english,i usually cannot stand turn based games but this game has really changed my entire outlook on the genre and this turned out to be one of my all time favorite games to date with insane amounts of replayability.,1770454712,1770454712,True,1,0,0.5185185670852661,False,0,True,False,usually stand turn based game game really changed entire outlook genre turned one time favorite game date insane amount replayability,0.1154,1
216843689,english,"would you believe me if i told you i never finished the game, got stuck in act 3 and this is still one of my top 5 games i've ever played. 

if you like baldurs gate 3, i hate to tell you this but this one is better (imo)",1769428703,1769428703,True,1,0,0.5185185670852661,False,0,True,False,would believe told never finished game got stuck act still one top game ive ever played like baldurs gate hate tell one better imo,0.5927,1
220004574,english,"[b]I spent over 100 hours in Divinity: Original Sin 2 on Tactician, and it completely changed how I approach turn-based RPGs.[/b]

The combat system is outstanding. The physical and magical armor system, positioning, and build variety make every fight feel like a puzzle rather than a simple damage check. On higher difficulties, mistakes are punished, and every decision truly matters.

What really makes the game special is its freedom. Quests can be approached in multiple ways, companions have rich and memorable stories, and the world reacts to your choices in meaningful ways. The game constantly rewards experimentation instead of forcing a single “correct” solution.

There were moments when I lost a fight and just sat there thinking about what went wrong, rebuilding, and trying again — and when you finally win, it genuinely feels earned.

Even after dozens of hours, it never felt repetitive. There’s always another way to approach a fight or solve a problem.

[b]If you enjoy deep RPG systems, meaningful choices, and challenging turn-based combat, this is one of the best games in the genre.[/b]

Highly recommended.",1772821532,1774276504,True,4,0,0.51824814081192,False,0,True,False,bi spent hour divinity original sin tactician completely changed approach turnbased rpgsb combat system outstanding physical magical armor system positioning build variety make every fight feel like puzzle rather simple damage check higher difficulty mistake punished every decision truly matter really make game special freedom quest approached multiple way companion rich memorable story world reacts choice meaningful way game constantly reward experimentation instead forcing single correct solution moment lost fight sat thinking went wrong rebuilding trying finally win genuinely feel earned even dozen hour never felt repetitive there always another way approach fight solve problem bif enjoy deep rpg system meaningful choice challenging turnbased combat one best game genreb highly recommended,0.9597,1
217641768,english,"It's good, and I would recommend it for CRPG enjoyers. 

That said, you can really tell they learned a lot from this game when they made BG3. If you're coming to this game after playing BG3, you will notice a lot of significant downgrades and QOL annoyances. Combat especially is not great, it can be both boring and frustrating. 

In all honesty, I doubt I'll finish this game (have finished BG3 several times). I will probably spend a decent 30 or so hours with it I expect. Pick it up on sale and try it yourself.",1770314187,1770314187,True,3,0,0.5182482004165649,False,0,True,False,good would recommend crpg enjoyer said really tell learned lot game made bg youre coming game playing bg notice lot significant downgrade qol annoyance combat especially great boring frustrating honesty doubt ill finish game finished bg several time probably spend decent hour expect pick sale try,-0.2634,1
221415286,english,Game is very immersive and satisfying to play. The kind of game you get lost in and just enjoy.,1774203618,1774203618,True,3,0,0.515544056892395,False,0,True,False,game immersive satisfying play kind game get lost enjoy,0.7624,1
217644142,english,"I know I am the odd one here, but I didn't enjoy this game. I really wanted to, but could not.

I read a review from a guy here in Steam that said he got burned out in his 1st play through and quit the game and then years later he played it again, with a full RPG mindset and he loved it.

Well I think he was 100% right. This game is so chaotic, the script, the quests and how they are laid in front of you, that if you don't play this exactly like your character would, then you get burned out. That's what happened to me. But no one can of course tell you this when first start the game. And that's why I can't reccommend this game. Cause it seems like it caters only to those willing, knowing and wise enough to play this as a much to your chosen character as possible.",1770316370,1770316370,False,2,0,0.5142667293548583,False,0,True,False,know odd one didnt enjoy game really wanted could read review guy steam said got burned st play quit game year later played full rpg mindset loved well think right game chaotic script quest laid front dont play exactly like character would get burned thats happened one course tell first start game thats cant reccommend game cause seems like caters willing knowing wise enough play much chosen character possible,0.9551,0
218798981,english,"Divinity: Original Sin 2: A Masterclass in RPG Excellence
In an era where role-playing games often streamline complexity for accessibility, Larian Studios delivered something extraordinary with Divinity: Original Sin 2—a game that dares to offer both depth and approachability, and succeeds brilliantly at both.

Freedom Redefined
What sets DOS2 apart is its astonishing commitment to player agency. This isn't a game that pays lip service to choice; it genuinely respects your decisions. Want to solve a quest through diplomacy? Combat? Stealth? Outright murder of everyone involved? The game accommodates all approaches with remarkable grace. The emergent gameplay possibilities feel genuinely limitless—environmental interactions allow you to freeze water, electrify puddles, teleport enemies into chasms, or combine elements in ways the developers probably never anticipated. Every encounter becomes a creative playground.

Characters That Breathe
The Origin Character system represents narrative design at its finest. Each pre-made companion—from the sardonic undead Fane to the righteous Ifan ben-Mezd—arrives with rich backstories, personal quests, and genuinely compelling arcs. They feel like protagonists of their own stories, whether you choose to play as them or recruit them to your party. The voice acting brings these characters to vivid life, and the writing avoids fantasy clichés in favor of nuanced, morally complex storytelling.

Tactical Combat Perfection
The turn-based combat system is nothing short of exceptional. Built on an AP (Action Point) system that rewards strategic thinking, every battle demands careful consideration of positioning, environmental hazards, and ability synergies. The elemental interaction system—where fire and poison create explosive combinations, water conducts electricity, and blood can be frozen or electrified—transforms combat into elaborate tactical puzzles. Fights feel consequential, challenging, and endlessly satisfying to master.

A World Worth Exploring
Rivellon is a setting crafted with meticulous care. From the prison island of Fort Joy to the haunting streets of Arx, each location tells stories through environmental detail, hidden secrets, and memorable encounters. The world responds to your actions and racial choices—playing as an undead means concealing your identity, while Lizards and Elves face distinct social dynamics. This reactivity makes exploration feel purposeful and rewarding.

Cooperative Excellence
The four-player co-op implementation is revelatory. DOS2 doesn't just allow multiplayer—it's designed around it, with systems for party disagreements, split decision-making, and collaborative problem-solving. Friends can pursue different objectives simultaneously, debate moral choices through the game's dialogue system, or combine their abilities in combat for devastating combos. It's the rare RPG that feels equally magnificent solo or with companions.

A Soundtrack for the Ages
Borislav Slavov's score deserves special mention. From the hauntingly beautiful main theme to the atmospheric exploration music and pulse-pounding battle tracks, the soundtrack elevates every moment. It's music that stays with you long after you've stopped playing.

Endless Replayability
With multiple origin stories, countless build possibilities across deep character customization, branching narratives, and a robust Game Master mode that allows players to create their own campaigns, DOS2 offers potentially hundreds of hours of content. Each playthrough reveals new interactions, hidden consequences, and alternative solutions you never discovered before.

Divinity: Original Sin 2 isn't just an outstanding RPG—it's a benchmark against which other games in the genre must be measured. It proves that depth and accessibility aren't mutually exclusive, that player freedom can coexist with strong narrative design, and that turn-based combat can be every bit as thrilling as real-time action. Larian Studios didn't just create a great game; they crafted a modern masterpiece that respects player intelligence, rewards creativity, and delivers an unforgettable journey through one of the most richly realized fantasy worlds in gaming.

For anyone who loves role-playing games, Divinity: Original Sin 2 isn't just recommended—it's essential.
",1771614727,1771614727,True,1,0,0.5136187076568604,False,0,True,False,divinity original sin masterclass rpg excellence era roleplaying game often streamline complexity accessibility larian studio delivered something extraordinary divinity original sin game dare offer depth approachability succeeds brilliantly freedom redefined set do apart astonishing commitment player agency isnt game pay lip service choice genuinely respect decision want solve quest diplomacy combat stealth outright murder everyone involved game accommodates approach remarkable grace emergent gameplay possibility feel genuinely limitlessenvironmental interaction allow freeze water electrify puddle teleport enemy chasm combine element way developer probably never anticipated every encounter becomes creative playground character breathe origin character system represents narrative design finest premade companionfrom sardonic undead fane righteous ifan benmezdarrives rich backstories personal quest genuinely compelling arc feel like protagonist story whether choose play recruit party voice acting brings character vivid life writing avoids fantasy clichs favor nuanced morally complex storytelling tactical combat perfection turnbased combat system nothing short exceptional built ap action point system reward strategic thinking every battle demand careful consideration positioning environmental hazard ability synergy elemental interaction systemwhere fire poison create explosive combination water conduct electricity blood frozen electrifiedtransforms combat elaborate tactical puzzle fight feel consequential challenging endlessly satisfying master world worth exploring rivellon setting crafted meticulous care prison island fort joy haunting street arx location tell story environmental detail hidden secret memorable encounter world responds action racial choicesplaying undead mean concealing identity lizard elf face distinct social dynamic reactivity make exploration feel purposeful rewarding cooperative excellence fourplayer coop implementation revelatory do doesnt allow multiplayerits designed around system party disagreement split decisionmaking collaborative problemsolving friend pursue different objective simultaneously debate moral choice game dialogue system combine ability combat devastating combo rare rpg feel equally magnificent solo companion soundtrack age borislav slavovs score deserves special mention hauntingly beautiful main theme atmospheric exploration music pulsepounding battle track soundtrack elevates every moment music stay long youve stopped playing endless replayability multiple origin story countless build possibility across deep character customization branching narrative robust game master mode allows player create campaign do offer potentially hundred hour content playthrough reveals new interaction hidden consequence alternative solution never discovered divinity original sin isnt outstanding rpgits benchmark game genre must measured prof depth accessibility arent mutually exclusive player freedom coexist strong narrative design turnbased combat every bit thrilling realtime action larian studio didnt create great game crafted modern masterpiece respect player intelligence reward creativity delivers unforgettable journey one richly realized fantasy world gaming anyone love roleplaying game divinity original sin isnt recommendedits essential,0.9983,1
218250493,english,"As a guy who loved Solasta with all the dlcs and mods, this game is another level. I have yet to play BG3 or any other Larian games, but this game so far has been fun, and personally i love playing these games with friends. Three is good, but fourth would be so much better.

Regardless, great game, and sir lora might be the biggest pain in the ahh.",1771019805,1771019805,True,1,0,0.5136187076568604,False,0,True,False,guy loved solasta dlcs mod game another level yet play bg larian game game far fun personally love playing game friend three good fourth would much better regardless great game sir lora might biggest pain ahh,0.9849,1
218607454,english,If you're curious after playing BG3 the answer is yes. This is a masterclass still in 2026,1771401916,1771401916,True,3,0,0.5634920597076416,False,0,True,False,youre curious playing bg answer yes masterclass still,0.7003,1
217929884,english,"10/10. purchased it on a sale, because i already finished bg3 multiple times, and starting Act 1 for a 10th time just didn't hit the spot. I went into DoS2 completely blind, and boy.. Oh boy. This game is a freakin masterpiece as well. Its a lot harder than what i expected coming from BG3, and im loving it.

",1770634843,1770634843,True,1,0,0.5072463750839233,False,0,True,False,purchased sale already finished bg multiple time starting act th time didnt hit spot went do completely blind boy oh boy game freakin masterpiece well lot harder expected coming bg im loving,0.7968,1
218352631,english,"First time playing this type of game (idk what its called, role-playing?) but its so good, 100% recommend it! Just a warning, needs a lot of time (if you're new like me) to progress.",1771128212,1771128212,True,1,0,0.5068965554237365,False,0,True,False,first time playing type game idk called roleplaying good recommend warning need lot time youre new like progress,0.936,1
220927628,english,"This is a good game, BUT it is nowhere as good as Baldur's Gate 3. I think the relative lack of freedom in what characters can do makes it feel unnecessarily difficult - sometimes even frustrating - compared to BG3. Like, what do you mean characters can't jump down a 1m ledge? That being said, there are some interesting ideas here like its armor system and worldbuilding, so I'm hoping that the upcoming Divinity game combines those with what made BG3 so great.",1773784308,1773784626,True,1,0,0.5065789222717285,False,0,True,False,good game nowhere good baldurs gate think relative lack freedom character make feel unnecessarily difficult sometimes even frustrating compared bg like mean character cant jump ledge said interesting idea like armor system worldbuilding im hoping upcoming divinity game combine made bg great,0.985,1
221051900,english,"Weird late game. No fun playing towards climax 'story' .  Concepts muffled in hard puzzzles that take pace out of the experience. Beautifully looking... wasted by ground aoe , especially fire. Hard to see npc and playeres. Held together by waf. Also dizzy camera tracking back and forth. First maps were fun to play and fiddle around, later stages absolutely horrid. Been there won't do so much anymore. 7/10",1773929811,1773929811,False,8,1,0.5056226253509521,False,1,True,False,weird late game fun playing towards climax story concept muffled hard puzzzles take pace experience beautifully looking wasted ground aoe especially fire hard see npc playeres held together waf also dizzy camera tracking back forth first map fun play fiddle around later stage absolutely horrid wont much anymore,-0.265,0
217625052,english,you get to fill a chest with lots of stuff and then whack bad guys with it. 10/10,1770297432,1770297432,True,1,0,0.5029133558273315,False,0,True,False,get fill chest lot stuff whack bad guy,-0.5423,1
217609152,english,"The first game by Larien I ever played and it still stands near the top of my list for best games ever made. While it isn't as pretty as Baldur's Gate 3, I would say the gameplay is far more intuitive and engaging. A perfect game for anyone who enjoys tabletop style RPGs!",1770273772,1770273772,True,1,0,0.5029133558273315,False,0,True,False,first game larien ever played still stand near top list best game ever made isnt pretty baldurs gate would say gameplay far intuitive engaging perfect game anyone enjoys tabletop style rpgs,0.9406,1
220925866,english,"This game was amazing when it came out. For me, all of the patches and hot fixes to players playing the game the way it was made vs intended really eliminated the replay-ability of this game. I think most of the dev fixes are trash. would not recommend.",1773782489,1773782489,False,2,0,0.5020899772644042,False,0,True,False,game amazing came patch hot fix player playing game way made v intended really eliminated replayability game think dev fix trash would recommend,0.5408,0
220678151,english,The first chapter was too long and boring. Unfortunately it made me stop playing.,1773516099,1773516099,False,2,1,0.5020899772644042,False,0,True,False,first chapter long boring unfortunately made stop playing,-0.6249,0
219611702,english,"Divinity 2 doesn’t coddle you. It challenges you, rewards creativity, makes you laugh, makes you think, and makes you care about the people in its world. It’s not perfect it’s complex, and it’ll punish careless mistakes — but that’s exactly why it’s worth your time. It feels like an RPG actually carved by someone who loves RPGs, not someone who slapped loot numbers on a corridor.",1772429017,1772429017,True,1,0,0.5020576119422911,False,0,True,False,divinity doesnt coddle challenge reward creativity make laugh make think make care people world perfect complex itll punish careless mistake thats exactly worth time feel like rpg actually carved someone love rpgs someone slapped loot number corridor,0.9287,1
221702583,english,"Came to this game after BG3, and was pleasantly surprised to find that this game is just as good, if not better in some ways. While it definitely feels older than BG3, the combat is far more tactical and in-depth, and the story still really holds up. Just know going into the game that you're better off playing as an Origin Character than a custom character. 

100% recommend for anyone looking for something to scratch that tactical-RPG itch.",1774480283,1774480283,True,0,0,0.5,False,0,True,False,came game bg pleasantly surprised find game good better way definitely feel older bg combat far tactical indepth story still really hold know going game youre better playing origin character custom character recommend anyone looking something scratch tacticalrpg itch,0.7709,1
221647606,english,"I became addicted within the first hour playing. Immediately all i could think about all day was divinity. I was thinking about my build, the story, where to go next, fight strategies etc. Every minute i wasn't playing this game was pain. Absolutely unique experience. 9/10 only cause bg3 exists. Cant wait to play the new one.",1774430667,1774430667,True,1,0,0.5,False,0,True,False,became addicted within first hour playing immediately could think day divinity thinking build story go next fight strategy etc every minute wasnt playing game pain absolutely unique experience cause bg exists cant wait play new one,-0.162,1
221482488,english,"First few levels are not easy, but stick with it. It gets better, just keep going.",1774268897,1774268897,True,0,0,0.5,False,0,True,False,first level easy stick get better keep going,0.4848,1
221442835,english,"gameplay and environment is better than BG3, but character story not so much. def worth the money, but be warned the end of the game is straight ballsack.",1774224011,1774224011,True,0,0,0.4873417913913726,False,0,True,False,gameplay environment better bg character story much def worth money warned end game straight ballsack,0.526,1
221898346,english,"The combat UX is dogass and finicky, I don't mind the story and concept, but I would've have paid for it even at the discounted price if I knew it was going to feel like an early access game. Why separate the basic attack from the skills & spells, but make it so if you try and drag the basic attack to your skill hotbar it vanishes leaving you to basic attack only via having no other skill selected? Why make it so if you have an attack selected and select an ally it attacks that ally instead of cancelling your previous action? Why does it let you go through with an attack that will be blocked by the environment (it could at least tell you via UI that the attack may be interrupted)? Why do some AOE ranged and elemental attacks not accurately show their real AOE (this can lead to you attack yourself/your own party accidentally)? I want to like this game because my friend has been wanting to play it with me, but it's hard for me to look past the frustration, knowing that I paid for this awful experience.

Also the game installs a launcher which is always another extra unnecessary step and the game sometimes just crashes when you accept a steam invite to join the game. It genuinely feels like I'm playing a game made by a few devs in their spare time, rather than the same devs that made BG3 (which is an outstanding game from what I've heard; although, I have yet to play it myself).",1774685364,1774685364,False,0,0,0.4761904776096343,False,0,True,False,combat ux dogass finicky dont mind story concept wouldve paid even discounted price knew going feel like early access game separate basic attack skill spell make try drag basic attack skill hotbar vanishes leaving basic attack via skill selected make attack selected select ally attack ally instead cancelling previous action let go attack blocked environment could least tell via ui attack may interrupted aoe ranged elemental attack accurately show real aoe lead attack yourselfyour party accidentally want like game friend wanting play hard look past frustration knowing paid awful experience also game installs launcher always another extra unnecessary step game sometimes crash accept steam invite join game genuinely feel like im playing game made devs spare time rather devs made bg outstanding game ive heard although yet play,-0.9664,0
221970808,english,"I wasted 50 hours of my life waiting to understand the appeal of this game. I find it utterly baffling that it's so highly reviewed. It just felt like a job to me. Poking at every object and stupid dialogue tree to figure out what's needed to complete the next pointless quest so you can level up enought to access the next collection of pointless objects and dialogue trees. It feels like succeeding at this game is a matter of trying to figure out how the game designers think. That's my least favorite sort of challenge. The moment-to-moment experience of playing the game was just sort of annoying, but the fact that it's such a ridiculous time-sink just makes the overall experience truly loathsome. I want those 50 hours back Larian!",1774745549,1774745549,False,4,1,0.5106281638145446,False,0,True,False,wasted hour life waiting understand appeal game find utterly baffling highly reviewed felt like job poking every object stupid dialogue tree figure whats needed complete next pointless quest level enought access next collection pointless object dialogue tree feel like succeeding game matter trying figure game designer think thats least favorite sort challenge momenttomoment experience playing game sort annoying fact ridiculous timesink make overall experience truly loathsome want hour back larian,0.1294,0
221885807,english,"I made friends with a skeleton, a lizard man and a wolf dude. Fun times.",1774670342,1774670342,True,1,0,0.506410241127014,False,0,True,False,made friend skeleton lizard man wolf dude fun time,0.7506,1
221749787,english,I really enjoyed Solasta so I decided to give the DOS series a try before diving into BG3. I wish I just skipped DOS. These games are such a chore and there's wayyyyy too much dialog to click through.,1774537269,1774537269,False,1,0,0.4246575236320495,False,0,True,False,really enjoyed solasta decided give do series try diving bg wish skipped do game chore there wayyyyy much dialog click,0.7645,0
221720804,english,"Larian a studio that figured out that in order to be sucesfull they needed to nurture and care about ther fan base and it shows in Divinity Original Sin II: 

 This is without a doubt one of the best games ever made. Dont let simple graphics disuade you, the true pleasure lies in its reactivity, action have consequences, the world reacts to your actions, the enviroments adapt to the combat, items and skills can merge together to create new and interesting things. 

Devs are counting on players creativity and out-of-the-box thinking is ofthen rewarded.",1774503220,1774503310,True,0,0,0.5,False,0,True,False,larian studio figured order sucesfull needed nurture care ther fan base show divinity original sin ii without doubt one best game ever made dont let simple graphic disuade true pleasure lie reactivity action consequence world reacts action enviroments adapt combat item skill merge together create new interesting thing devs counting player creativity outofthebox thinking ofthen rewarded,0.9788,1
221551253,english,This is an excellent high fantasy adventure with interesting characters and turn-based combat.,1774330154,1774330154,True,0,0,0.5,False,0,True,False,excellent high fantasy adventure interesting character turnbased combat,0.743,1
221835815,english,Somehow has some features that better than bg3 and the armour make the game more challenging,1774625512,1774625512,True,0,0,0.5,False,0,True,False,somehow feature better bg armour make game challenging,0.5849,1
221780066,english,"very good game i like it, i love baldurs gate 3, so if you love that game give this a try",1774561642,1774561642,True,0,0,0.5,False,0,True,False,good game like love baldurs gate love game give try,0.9366,1
221703035,english,Was an amazing game. The 5 times I beat the first chapter....,1774480792,1774480792,True,0,0,0.5,False,0,True,False,amazing game time beat first chapter,0.5859,1
221705576,english,Amazing crpg so far. 20 hours in and Im not even in act 2,1774483559,1774483559,True,0,0,0.5,False,0,True,False,amazing crpg far hour im even act,0.5859,1
221715053,english,"ive had alot of fun, takes some time to use to the ruffles but its worth it !",1774495100,1774495100,True,0,0,0.5,False,0,True,False,ive alot fun take time use ruffle worth,0.5848,1
221609660,english,"Yep, another good game if you like turn based strategy. I think its better than BG3 because its harder.",1774385390,1774385390,True,1,0,0.5,False,0,True,False,yep another good game like turn based strategy think better bg harder,0.8591,1
221684730,english,just finished playing Baldur's Gate series and wanted to try this game...11/10,1774464199,1774464199,True,2,0,0.5454545617103576,False,0,True,False,finished playing baldurs gate series wanted try game,0.2023,1
221890768,english,Brilliant game. Ended with becoming a slave. Curious.,1774676265,1774676265,True,0,0,0.5,False,0,True,False,brilliant game ended becoming slave curious,0.7269,1
221789849,english,"neat, cool, radical, dynomite, groovy, happening, awesome baby.",1774572266,1774572266,True,0,0,0.5,False,0,True,False,neat cool radical dynomite groovy happening awesome baby,0.8555,1
221698043,english,"awesome game, would absolutely recommend",1774475730,1774475730,True,0,0,0.5,False,0,True,False,awesome game would absolutely recommend,0.7841,1
221879210,english,Larian should never be allowed to create games,1774663010,1774663010,False,2,0,0.5158377885818481,False,0,True,False,larian never allowed create game,0.2732,0
221883990,english,"great game, highly recommended if you enjoyed BG3",1774668349,1774668349,True,0,0,0.5,False,0,True,False,great game highly recommended enjoyed bg,0.8588,1
224064251,english,"It is one of the games I will never forget. Gameplay is decent with some minor issues. However, I want to talk about other things like writing, dialog etc etc.  The game consists of different emotions all at ones. It satisfied my craving for table top RPGs. Storyline shifts generally sadness, heroism, friendship etc. But sometimes, it can be humorous as well, There is a nice balance in it. 

9.7/10  a must play. 

Note: Petpal talent is so useful and adds new layer to world. Also, Sir Lora and Quercus are must have companions. After long fights, I enjoyed talking to Sir Lora and patting Quercus' skull.",1777130340,1777130340,True,1,0,0.5238095521926879,False,0,True,False,one game never forget gameplay decent minor issue however want talk thing like writing dialog etc etc game consists different emotion one satisfied craving table top rpgs storyline shift generally sadness heroism friendship etc sometimes humorous well nice balance must play note petpal talent useful add new layer world also sir lora quercus must companion long fight enjoyed talking sir lora patting quercus skull,0.9812,1
224010782,english,the combat in divinity 2 is mind blowing the graphics and the special effects make every weapon and spell look amazing,1777067437,1777067437,True,1,0,0.5238095521926879,False,2,True,False,combat divinity mind blowing graphic special effect make every weapon spell look amazing,0.765,1
224121838,english,"Good story and gameplay, but HELLA lot of bugs. Bad class customization and craft systems. After finishing this game I felt like I played good beta game.",1777190001,1777190001,False,2,0,0.5198413133621215,False,0,True,True,good story gameplay hella lot bug bad class customization craft system finishing game felt like played good beta game,0.7506,0
224236773,english,"If you enjoyed BG3 this is a must, while an older title it delivers so much amazing content and fun, honestly a great buy!",1777319825,1777319825,True,0,0,0.5,False,0,True,False,enjoyed bg must older title delivers much amazing content fun honestly great buy,0.9588,1
224170549,english,130 have passed in a blink of an eye. Thx Larian for this brilliant adventure since the beggining till the end! Absolutely reccomend to try even if you dont like games of such genre.,1777234210,1777234210,True,0,0,0.5,False,0,True,False,passed blink eye thx larian brilliant adventure since beggining till end absolutely reccomend try even dont like game genre,0.8167,1
224082253,english,Still a must play in 2026! This game is the reason Larian was trusted with BG3. Buy it at full price. Lots of replay value.,1777144866,1777144866,True,0,0,0.5,False,0,True,False,still must play game reason larian trusted bg buy full price lot replay value,0.8016,1
224048094,english,"What a journey! Got my ass kicked for the first 10 hours and struggled to continue in the middle of Act 2 but pushed through. What truly helped was a level map because the leveling is kinda eh... Hoping the next game would flow better and actually finished the final act (looking at BG3 and a few quests here that kinda eh...). Overall, love the combat and the punishing enemy.",1777115238,1777115238,True,0,0,0.5,False,0,True,False,journey got as kicked first hour struggled continue middle act pushed truly helped level map leveling kinda eh hoping next game would flow better actually finished final act looking bg quest kinda eh overall love combat punishing enemy,0.2451,1
224013243,english,It's visually gorgeous to this day. The worldbuilding is exceptional. I love this game more than BG3.,1777070303,1777070303,True,0,0,0.5,False,0,True,False,visually gorgeous day worldbuilding exceptional love game bg,0.8481,1
224000008,english,"Felt bad for killing a troll guarding a cave, slept with a lone wolf and died in the hands of an egotistic chicken...

One of the best RPGs I've ever played. Don't even think twice about giving it a go.",1777056885,1777056885,True,0,0,0.5,False,0,True,False,felt bad killing troll guarding cave slept lone wolf died hand egotistic chicken one best rpgs ive ever played dont even think twice giving go,-0.7906,1
223969488,english,"Really good game in the franchise and holds up to this day.

Some minor annoying bugs along the way but such is life.",1777027321,1777027321,True,0,0,0.5,False,0,True,False,really good game franchise hold day minor annoying bug along way life,0.0635,1
223963340,english,"After restarting the game 5 times I decided on installing mods so I can use all six characters in one play through. I wouldn't recommend it because the story feels bloated because of the number of storylines that are very loosely related to one another. I would recommend playing with only one other character on your team (going through the story 6 times). It'll give you a faster paced story with less running around for not much reward. Playing with mods (level 30, best gear, easiest difficulty, and all six companions at once) took me about 40 hours, which could have been cut down to about 25 hours if I didn't wander around aimlessly all the time (I was expecting something to happen or one of the characters to actually say something interesting).

The high point of the game is Fort Joy. The story goes down hill form there. The ""God King"" never shows up in person, making him a poor antagonist. Lucian only shows up at the end where he tells you to die. Dallis, turns out to be an impersonator who ate the original Dallis, and is Fane's daughter (which felt not only unnecessarily tacked on, but also fairly mean spirited). She only shows up three times before the final battle like a mustache twirling villain. I guess the real villain of the story is Braccus Rex who's artifacts and presence is seen throughout the game and is the link to all the other antagonists in the game? 

The main character I choose was Lohse, who is frankly the best written of them bunch, which isn't saying much since there isn't much actual story in this game (more so it's written as one plot following another/ ""and then this happened and then that happened, etc."" (I have no idea what happened to Jahan the demon hunter after getting to Arx, he just disappeared and no one mentions him after that). Ifan's story got cut short due to Sebille killing the guy at the sawmill before I could ask him questions. Beast was always acting shy and only acts up twice in Ripper Bay (when I attempted to kill the dwarf gang leader and when I ate the two dwarf spirits in graveyard) and his journal entry never updated when I killed the queen and everyone around her when I first encountered them in the sewers. I didn't talk to Fane, his journal entry never changed from his initial Fort Joy entry to get a skin mask from a guy I had already killed, The Red Prince just kept asking for his wife so I just never interacted with him.

For whatever reason, after soloing the entirety of Fort Joy and then going on to recruit all the other characters Ifan was minus 35 attitude, while everyone else was plus 25 attitude. I had to use a mod to get everyone up to plus 100. 
All the source masters (except Jahan) are bad guys and you shouldn't feel bad about taking them out. They are either demons or cause void woken to wreak the Ripper Coast. 

If you are playing a custom character I would recommend only enlisting Ifan and Lohse. Sebille's story is basically done by the after the saw mill and the Shadow Prince's note says he basically doesn't care if Sabille kills him as long as he manages to kill the elf tree, which Sebille herself doesn't even care about, the Red Prince is only concerned in chasing after his princess, Beast has a boring plot with tedious quests, and Fane is just hounded by void woken that tell him to change sides every time they see him, 

What I don't like was the seemingly random and forced sexual encounters that always came out of nowhere, to the point that every time I asked any of my companions a question it would devolve into some sexual nonsense. Somehow Sebille became my romantic interest, even though I never spoke to her. I only gave her body parts to consume and didn't even kill the elf tree (I killed Saheila automatically when playing Lohse in Fort Joy and I ate the Shadow Prince before killing all the elves on the nameless isle before they could talk to me so I couldn't kill the elf tree myself). Why don't I have a choice to refuse?

The gay stuff in the this game is often subtle/random and frankly nonsensical considering the setting. In the last area of the game (Arx) you'll see the White Blonde haired male villain (Linder Kemm) getting ready to kill the female brown skinned lesbian whose ""wife"" is yelling for someone save my wife from execution (lol). Since I was playing Ifan, I decided to role play a Islamic ""Paladin"" for 10 seconds and killed everyone there. Thus saving the city from the woke mind virus. The lesbian is also revealed to have been in another evil faction so I was correct in my decision. As the game goes on you will also notice an increase in non White characters, form nearly zero in Fort Joy to a Black woman with a giant mohawk casually waking around in Arx after you've cleared the place of enemies.

It feels like there aren't any countries/governing bodies in the game? It's like 3 or 4 gangs running around killing people and doing whatever they wanted, but I didn't see a local mayor or baron that stood out, it was very strange. Who is in charge? It's never out right stated. Compare this to the Elder Scrolls series, where you have the Empire, the Aldmeri, etc.

This is a one and done game for me. The game feels like they just gave up after Fort Joy when it comes to character interaction and becomes a series of set pieces. I cared less about the world as the game went on and nothing of importance actually happened. 

Tutorial Area 10/10
Fort Joy 10/10
Ripper Coast 6/10
Nameless Isle 4/10
Arx 4/10
Final Battle 3/10
The ""epilogue"" sucks. Buy this game on a discount.",1777017733,1777017733,True,0,0,0.5,False,0,True,False,restarting game time decided installing mod use six character one play wouldnt recommend story feel bloated number storyline loosely related one another would recommend playing one character team going story time itll give faster paced story less running around much reward playing mod level best gear easiest difficulty six companion took hour could cut hour didnt wander around aimlessly time expecting something happen one character actually say something interesting high point game fort joy story go hill form god king never show person making poor antagonist lucian show end tell die dallis turn impersonator ate original dallis fanes daughter felt unnecessarily tacked also fairly mean spirited show three time final battle like mustache twirling villain guess real villain story braccus rex who artifact presence seen throughout game link antagonist game main character choose lohse frankly best written bunch isnt saying much since isnt much actual story game written one plot following another happened happened etc idea happened jahan demon hunter getting arx disappeared one mention ifans story got cut short due sebille killing guy sawmill could ask question beast always acting shy act twice ripper bay attempted kill dwarf gang leader ate two dwarf spirit graveyard journal entry never updated killed queen everyone around first encountered sewer didnt talk fane journal entry never changed initial fort joy entry get skin mask guy already killed red prince kept asking wife never interacted whatever reason soloing entirety fort joy going recruit character ifan minus attitude everyone else plus attitude use mod get everyone plus source master except jahan bad guy shouldnt feel bad taking either demon cause void woken wreak ripper coast playing custom character would recommend enlisting ifan lohse sebilles story basically done saw mill shadow prince note say basically doesnt care sabille kill long manages kill elf tree sebille doesnt even care red prince concerned chasing princess beast boring plot tedious quest fane hounded void woken tell change side every time see dont like seemingly random forced sexual encounter always came nowhere point every time asked companion question would devolve sexual nonsense somehow sebille became romantic interest even though never spoke gave body part consume didnt even kill elf tree killed saheila automatically playing lohse fort joy ate shadow prince killing elf nameless isle could talk couldnt kill elf tree dont choice refuse gay stuff game often subtlerandom frankly nonsensical considering setting last area game arx youll see white blonde haired male villain linder kemm getting ready kill female brown skinned lesbian whose wife yelling someone save wife execution lol since playing ifan decided role play islamic paladin second killed everyone thus saving city woke mind virus lesbian also revealed another evil faction correct decision game go also notice increase non white character form nearly zero fort joy black woman giant mohawk casually waking around arx youve cleared place enemy feel like arent countriesgoverning body game like gang running around killing people whatever wanted didnt see local mayor baron stood strange charge never right stated compare elder scroll series empire aldmeri etc one done game game feel like gave fort joy come character interaction becomes series set piece cared less world game went nothing importance actually happened tutorial area fort joy ripper coast nameless isle arx final battle epilogue suck buy game discount,-0.9932,1
223951826,english,"Huge variety of character interactions, with in-game consequences. Very replayable.",1776998139,1776998139,True,0,0,0.5,False,0,True,False,huge variety character interaction ingame consequence replayable,0.3182,1
223936814,english,"Replayed after years, still an amazing and fantastic game. A must for any RPG lover.",1776977699,1776977699,True,0,0,0.5,False,0,True,False,replayed year still amazing fantastic game must rpg lover,0.9042,1
223934920,english,"This game has become a bit of an obsession of mine, for good reason! I love the combat, especially playing with surfaces. 

I'm glad I own both Divinity: Original Sin 1 and 2, because they're similar enough to tickle my strategy-brain in an exquisite way, but also different enough that I can play one or the other depending on my mood. This one is great if you want to struggle and triumph your way through a fantasy world that often feels harsh, but has glimmers of hope. It pushes you down just enough to make it feel fantastic when you fight to break free and make things better. This game also has a deeper story than its predecessor, with more fleshed-out characters, moral grayness, and impactful choices. 

I'm still not completely sure whether I prefer the combat mechanics more between Original Sin 1 or 2, but that's all the more reason to keep playing both!",1776975713,1776975946,True,0,0,0.5,False,0,True,False,game become bit obsession mine good reason love combat especially playing surface im glad divinity original sin theyre similar enough tickle strategybrain exquisite way also different enough play one depending mood one great want struggle triumph way fantasy world often feel harsh glimmer hope push enough make feel fantastic fight break free make thing better game also deeper story predecessor fleshedout character moral grayness impactful choice im still completely sure whether prefer combat mechanic original sin thats reason keep playing,0.9719,1
223855669,english,Larian studios tends to make very good games. I started on BG3 with them and decided to give their other games a chance. Divinity and Divinity 2 both feel like Larian Studios original creation and this is rare with most game studios.,1776877032,1776877032,True,0,0,0.5,False,0,True,False,larian studio tends make good game started bg decided give game chance divinity divinity feel like larian studio original creation rare game studio,0.9552,1
223847796,english,Modding was a little more difficult with this one than the original divinity because it needs the right order but it was fun in COOP. played on steam deck. Some puzzles leave a surprising lack of direction and needed guides for this one. it will require multiple plays to get all the achievements because some decisions are a one way route while the final conclusion of the story can be seen in all its endings regardless of how you progress which feels a little anti-climatic.,1776869421,1776869421,True,0,0,0.5,False,0,True,False,modding little difficult one original divinity need right order fun coop played steam deck puzzle leave surprising lack direction needed guide one require multiple play get achievement decision one way route final conclusion story seen ending regardless progress feel little anticlimatic,0.937,1
223832550,english,"Amazing story, fun combat, and tons of ways to play.",1776850118,1776850118,True,0,0,0.5,False,0,True,False,amazing story fun combat ton way play,0.7964,1
223812310,english,"A story full of gossip, the ability (or more accurately obligation) of lighting everything on fire, and tactical challenges... add to all this interesting companions and a very unique combat system... well, this is a masterpiece. I was a little dubious at the beginning coming from BG3 but I must say, I might like it even more!",1776816810,1776816810,True,0,0,0.5,False,0,True,False,story full gossip ability accurately obligation lighting everything fire tactical challenge add interesting companion unique combat system well masterpiece little dubious beginning coming bg must say might like even,0.7061,1
