recommendationid,language,review,timestamp_created,timestamp_updated,voted_up,votes_up,votes_funny,weighted_vote_score,written_during_early_access,comment_count,steam_purchase,received_for_free,cleaned_review,vader_score,label
223762224,english,"Initially, I wasn't interested in playing it. My friends highly recommended it and basically forced me to give it a try. The result? I am completely hooked. It really reminds me of Harvest Moon: Back to Nature, giving me a great sense of nostalgia. On top of that, the game doesn't just focus on farming. You can actually go on adventures and fight monsters in the mines and other areas.

​I also enjoy the plot twists included in the game. The NPCs actually go about their daily routines, which makes the world feel incredibly alive. I love that you get to choose between restoring the Community Center or buying a JojaMart membership, since this choice actually impacts the storyline.

​Overall, I absolutely love this game. I really hope they release a sequel someday with fresh plot twists, along with new monsters and crops to discover🤍",1776764280,1776764280,True,171,3,0.9453275203704832,False,2,True,False,initially wasnt interested playing friend highly recommended basically forced give try result completely hooked really reminds harvest moon back nature giving great sense nostalgia top game doesnt focus farming actually go adventure fight monster mine area also enjoy plot twist included game npc actually go daily routine make world feel incredibly alive love get choose restoring community center buying jojamart membership since choice actually impact storyline overall absolutely love game really hope release sequel someday fresh plot twist along new monster crop discover,0.9821,1
221760860,english,"Anyone who starts playing Stardew Valley and gets deeper into it will most certainly hear a phrase so often that they’ll maybe start to get a bit sick of it and hopefully even begin to question it: “there’s no wrong way to play the game.”
And yea, I get what people mean by that, but with this review I want to give new players some honest advice, don’t take that statement too literally. But first off and this is really important to me, I absolutely adore Stardew Valley. It’s very close to a perfect game and to get straight to the point, Stardew Valley is one of the sweetest, most heartfelt games and overall one of the best games I’ve ever played. It’s almost impossible not to notice how much passion and dedication went into making it.

There are games you absolutely want to play right at release, games that seem to need the right moment before you pick them up and games you follow for a long time where, even though you spend a lot of time looking into them, you’re still not sure if you’ll ever actually play them yourself, and that last one was exactly the case for me. Even though Eric Barone aka ConcernedApe, always came across to me as a very down-to-earth, humble and genuinely interesting person, I ended up waiting 10 years. But now I can happily say, better late than never. Also remarkable and in more than one way, is that Eric never held back from mentioning how much his wife/girlfriend/partner contributed to the project, supporting him through all the difficulties and always believing in him, while at the same time working two jobs to cover their shared living expenses. The two of them took a huge risk back then. Eric’s self-doubt could have consumed him or their relationship could have fallen apart. But despite all that, they made it through together and gave so many people a game that’s loved universally.

Anyone who’s really into video games has either already played Stardew Valley, is still playing it or at least has it on their radar and will very likely play it at some point. The most helpful tip I can give to newcomers comes from my own initial misjudgment. I thought I could lean back a bit more with this game, maybe take a few notes here and there about what to do next, but overall have a calm cozy experience where I could just switch my brain off. So, advice number one: use the game’s wiki right from the start and be prepared for it to feel like work at times, it can even get a bit stressful.
Second tip: don’t get frustrated with your first sprinkler or with fishing. It really does get better later on, even though those are definitely fair points to criticize. Next tip is for those of you who want to unlock all achievements. That currently doesn’t work if you’re in a same-sex relationship, because unfortunately it’s not possible to adopt children in the game, which is a real shame and something that should have been considered. There are a few more but one last tip here: don’t get annoyed when after getting the horse, you can’t ride over certain small flat stones or when you can’t get past your pet or in some tight spots, or when birthday characters you want to gift aren’t where the wiki says they should be. Like I said, it’s an almost perfect game.

Alongside shaping up your grandfather’s farm however you want, getting to know the world around it and its diverse characters, beating up monsters in the mines and searching for treasure, you’re accompanied by a soundtrack that plays a huge part in why Stardew Valley became such a success.
Eric who used to play in both a metal band and an experimental pop band, clearly knew exactly what a game like this needs and how to bring it to life. It’s not just built on solid music theory and well-crafted harmonies, it also has its own unique touch and a certain sense of freshness to it.
Depending on the season, the tracks feel a bit warmer or cooler. In the mines the music builds tension, while in the saloon, ragtime piano paired with the clinking of cutlery and glasses in the background creates a feeling of pure ease. No matter the situation or special event, each track delivers exactly the right emotion for the scene. I wouldn’t be surprised if a lot of players have shed a few tears during the Festival of the Moonlight Jellies ;  ))
So it’s also no surprise there are live orchestral concerts of the soundtrack. I’d honestly love to experience that in person but more than anything, I really want that double vinyl.

Now if you’ll excuse me, I’ve got to get back to my farm, I forgot to refill the cat’s water and I should also check in on my mango orchard, over on Ginger Island while trying to track down the last five golden walnuts. The Luau is coming up as well and I still need to prepare a few things for that, especially since it’s 2:00 AM before you even realize it.

Edit (04/04/2026)

Made a mistake here but thankfully someone caught it and pointed it out to me. It is actually possible to adopt children. No idea how I ended up on the wrong track there, but in the end it’s on me for not properly checking the wiki. The only thing I remember is that I looked into adoption when I got to know Leo on Ginger Island better and started wondering if it might be possible to adopt him (which unfortunately isn’t). Maybe that’s where I got mixed up.
So yea sorry about that and just to clear it up once again, adoption is possible. Unfortunately, you just kind of have to rely on the wiki for everything.

Alright, still good news! Guess I’ll build a kids’ room and dig the crib out of storage again.",1774545720,1775289583,True,78,5,0.8195741176605223,False,3,True,False,anyone start playing stardew valley get deeper certainly hear phrase often theyll maybe start get bit sick hopefully even begin question there wrong way play game yea get people mean review want give new player honest advice dont take statement literally first really important absolutely adore stardew valley close perfect game get straight point stardew valley one sweetest heartfelt game overall one best game ive ever played almost impossible notice much passion dedication went making game absolutely want play right release game seem need right moment pick game follow long time even though spend lot time looking youre still sure youll ever actually play last one exactly case even though eric barone aka concernedape always came across downtoearth humble genuinely interesting person ended waiting year happily say better late never also remarkable one way eric never held back mentioning much wifegirlfriendpartner contributed project supporting difficulty always believing time working two job cover shared living expense two took huge risk back erics selfdoubt could consumed relationship could fallen apart despite made together gave many people game thats loved universally anyone who really video game either already played stardew valley still playing least radar likely play point helpful tip give newcomer come initial misjudgment thought could lean back bit game maybe take note next overall calm cozy experience could switch brain advice number one use game wiki right start prepared feel like work time even get bit stressful second tip dont get frustrated first sprinkler fishing really get better later even though definitely fair point criticize next tip want unlock achievement currently doesnt work youre samesex relationship unfortunately possible adopt child game real shame something considered one last tip dont get annoyed getting horse cant ride certain small flat stone cant get past pet tight spot birthday character want gift arent wiki say like said almost perfect game alongside shaping grandfather farm however want getting know world around diverse character beating monster mine searching treasure youre accompanied soundtrack play huge part stardew valley became success eric used play metal band experimental pop band clearly knew exactly game like need bring life built solid music theory wellcrafted harmony also unique touch certain sense freshness depending season track feel bit warmer cooler mine music build tension saloon ragtime piano paired clinking cutlery glass background creates feeling pure ease matter situation special event track delivers exactly right emotion scene wouldnt surprised lot player shed tear festival moonlight jelly also surprise live orchestral concert soundtrack id honestly love experience person anything really want double vinyl youll excuse ive got get back farm forgot refill cat water also check mango orchard ginger island trying track last five golden walnut luau coming well still need prepare thing especially since even realize edit made mistake thankfully someone caught pointed actually possible adopt child idea ended wrong track end properly checking wiki thing remember looked adoption got know leo ginger island better started wondering might possible adopt unfortunately isnt maybe thats got mixed yea sorry clear adoption possible unfortunately kind rely wiki everything alright still good news guess ill build kid room dig crib storage,0.9992,1
221760674,english,"[h1] Pigs are more productive than dogs [/h1] 

That's the biggest impression the game left on me. 

I think a lot of info people would already be on the loop, I've played the game with extended version which adds some interesting chars and doesn't disable achievements(i would recommend it for what it's worth too).

I never played it before/at launch, 'cause I was waiting for a coop experience? In the end played it as singleplayer, it was very interesting to play blindly and 1.6 update has different approaches vanilla or modded, you don't need a vineyard META to get rich, you can become rich af with PIGS/Fishes/bees without having to do the excel min-maxing IQ usage. 

Granted I've found fish to be the most profitable and aesthetic wise, as each legendary fish changes the color of the Fish Ponds...bringing profit and beauty to the farm at the same time. Again it's your own choice how to get your money going to build your farm/family, but it's nice nowadays we have different options besides wine maxing to generate wealth for the farm :) . 

I presume coop has extra positives points but i can't write on those as of now. Def recommend for the singleplayer experience and would think the multiplayer one would be the best approach specially with SVE",1774545574,1774545574,True,35,5,0.7266308665275573,False,13,True,False,h pig productive dog h thats biggest impression game left think lot info people would already loop ive played game extended version add interesting char doesnt disable achievementsi would recommend worth never played beforeat launch cause waiting coop experience end played singleplayer interesting play blindly update different approach vanilla modded dont need vineyard meta get rich become rich af pigsfishesbees without excel minmaxing iq usage granted ive found fish profitable aesthetic wise legendary fish change color fish pondsbringing profit beauty farm time choice get money going build farmfamily nice nowadays different option besides wine maxing generate wealth farm presume coop extra positive point cant write def recommend singleplayer experience would think multiplayer one would best approach specially sve,0.9938,1
221794732,english,"Stardew Valley is one of those rare games that feels simple at first but slowly becomes something you can sink hundreds of hours into without even realizing it.

At its core, it’s a farming simulator—you inherit a run-down farm and build it up however you want. You plant crops, raise animals, mine for resources, fish, and craft items. But what really makes the game stand out is how much freedom it gives you. There’s no “right” way to play. You can focus on making the most efficient farm possible, or just spend your days fishing by the river and talking to townspeople.

The town itself is full of personality. Each character has their own routines, backstories, and relationships, which makes interacting with them feel meaningful rather than repetitive. As you get to know them, you unlock events that add emotional depth—some are lighthearted, while others touch on more serious themes like loneliness or personal growth.

Visually, the pixel art style is charming and timeless. It doesn’t try to be flashy, but it’s incredibly detailed and cozy. Paired with a relaxing soundtrack, the whole experience feels calm and comforting—perfect for unwinding after a long day.

One of the game’s biggest strengths is its progression system. There’s always something to work toward, whether it’s upgrading your tools, expanding your farm, completing bundles, or exploring deeper levels of the mines. Yet it never feels overly stressful unless you make it that way.

That said, it’s not perfect. The early game can feel a bit slow, especially when you’re low on energy and resources. Some mechanics aren’t explained very clearly, which might be confusing for new players, however these are minor issues compared to everything the game does right.

Overall, Stardew Valley is a relaxing, rewarding, and deeply engaging experience. Whether you’re into farming sims or just want a peaceful game to get lost in, it’s easy to recommend. It’s the kind of game you don’t just play—you live in it for a while.",1774578090,1774578090,True,20,0,0.6829971075057983,False,2,True,False,stardew valley one rare game feel simple first slowly becomes something sink hundred hour without even realizing core farming simulatoryou inherit rundown farm build however want plant crop raise animal mine resource fish craft item really make game stand much freedom give there right way play focus making efficient farm possible spend day fishing river talking townspeople town full personality character routine backstories relationship make interacting feel meaningful rather repetitive get know unlock event add emotional depthsome lighthearted others touch serious theme like loneliness personal growth visually pixel art style charming timeless doesnt try flashy incredibly detailed cozy paired relaxing soundtrack whole experience feel calm comfortingperfect unwinding long day one game biggest strength progression system there always something work toward whether upgrading tool expanding farm completing bundle exploring deeper level mine yet never feel overly stressful unless make way said perfect early game feel bit slow especially youre low energy resource mechanic arent explained clearly might confusing new player however minor issue compared everything game right overall stardew valley relaxing rewarding deeply engaging experience whether youre farming sims want peaceful game get lost easy recommend kind game dont playyou live,0.996,1
223242206,english,"Stardew Valley is one of those rare games that feels like a second home. From farming and fishing to building relationships with villagers, every moment is relaxing yet meaningful. The freedom to play your way—whether you focus on making money, completing goals, or just enjoying the calm life—is what makes it special.

The pixel art style is charming, and the music perfectly matches the peaceful vibe. There’s always something new to discover, so it never feels boring, even after many hours. The sense of progress is incredibly satisfying, especially when you see your farm grow from nothing into something amazing.

Overall, it’s a wholesome and addictive experience that balances fun and relaxation perfectly. A must-play game for anyone looking to escape stress and enjoy a cozy adventure.",1776174006,1776174042,True,13,0,0.6428571343421936,False,0,True,False,stardew valley one rare game feel like second home farming fishing building relationship villager every moment relaxing yet meaningful freedom play waywhether focus making money completing goal enjoying calm lifeis make special pixel art style charming music perfectly match peaceful vibe there always something new discover never feel boring even many hour sense progress incredibly satisfying especially see farm grow nothing something amazing overall wholesome addictive experience balance fun relaxation perfectly mustplay game anyone looking escape stress enjoy cozy adventure,0.9944,1
222056486,english,"Stardew is the ultimate comfort game for me. I love the softness and the chaos of the game. I love the rush I get when the enemies follow me in the skull mines. I love throwing rocks at Clint (even bombs. I hate his stalker ass.)

I love playing the game with mods, getting the new game thrill over an over again. I know for a fact there is stuff I still dont know and I am truly happy for it.

Play Stardew and do chaos. No need for other stuff, make your friends annoyed by how much you play this game. I sure do annoy them lol.",1774820443,1774820443,True,10,2,0.6416938304901123,False,0,True,False,stardew ultimate comfort game love softness chaos game love rush get enemy follow skull mine love throwing rock clint even bomb hate stalker as love playing game mod getting new game thrill know fact stuff still dont know truly happy play stardew chaos need stuff make friend annoyed much play game sure annoy lol,0.9648,1
223087663,english,"Me and my boyfriend love this game! Super recommended for couples to co-op and build a farm together, I do hope they add more missions or places to unlock :3",1775981048,1775981048,True,10,0,0.604519784450531,False,2,True,False,boyfriend love game super recommended couple coop build farm together hope add mission place unlock,0.9468,1
222045494,english,"Just get the game, you won't regret it. It has become my favorite game without a doubt, I just can't get enough of it, I play it in different platforms and have different files (alone and with co-op options) and it's just as captivating, entertaining and stimulant to me each time as if it was the first time playing it, can never get tired of it.

I LOVE THIS GAME AND I THINK EVERYONE SHOULD PLAY IT AT LEAST ONCE!!",1774811622,1774811622,True,6,0,0.6000000238418579,False,3,True,False,get game wont regret become favorite game without doubt cant get enough play different platform different file alone coop option captivating entertaining stimulant time first time playing never get tired love game think everyone play least,0.9738,1
223555326,english,"It's a good day for fishing, ain't it? Or in this case, a good day for farming, fishing, spelunking, adventuring AND romancing the locals!

On a serious note, I'm recommending the game to those who love to chill and relax.. Okay no, that's a partial lie. If you like to strive for the perfect gameplay, you won't get to relax. 

BUT! If you don't care about other things and just like to farm or rear animals, you'll be chilling. 

It's a good and cozy game for everyone. The perfectionist, the strategist, the romanticist and the one who gets distracted easi-",1776535310,1776535310,True,3,1,0.5454545617103576,False,0,True,False,good day fishing aint case good day farming fishing spelunking adventuring romancing local serious note im recommending game love chill relax okay thats partial lie like strive perfect gameplay wont get relax dont care thing like farm rear animal youll chilling good cozy game everyone perfectionist strategist romanticist one get distracted easi,0.9574,1
223304300,english,"After a long day of work or school, Stardew Valley is the kind of game you open and instantly feel your stress disappear. No pressure, no chaos, just pure peaceful vibes. This is what games are meant to feel like.

You can farm, fish, mine, talk to villagers, or just exist and chill. There’s no “right” way to play, and that’s exactly what makes it special.

It’s not overpriced, it respects your time, and it actually gives you a complete experience instead of recycling the same old FPS formula (yeah, COD, I’m looking at you).

One developer, Eric Barone, spent 4.5 years building this masterpiece alone. No corporate shortcuts, just pure passion.

Honestly? This isn’t just a game you buy. It’s one you’re glad exists.",1776256920,1776257118,True,4,0,0.5808383226394653,False,2,True,False,long day work school stardew valley kind game open instantly feel stress disappear pressure chaos pure peaceful vibe game meant feel like farm fish mine talk villager exist chill there right way play thats exactly make special overpriced respect time actually give complete experience instead recycling old fps formula yeah cod im looking one developer eric barone spent year building masterpiece alone corporate shortcut pure passion honestly isnt game buy one youre glad exists,0.65,1
222016810,english,"One of the best games I have played, super cozy and kept me sane during the winter months <3",1774791654,1774791654,True,2,0,0.5370370149612426,False,0,True,False,one best game played super cozy kept sane winter month,0.9246,1
222671050,english,"I know it's a staple for so many people and it's much beloved by a wide community, but it just didn't do it for me.. It felt like I was doing work after coming home from work. None of the tasks felt rewarding, the progress and the speed were at snail's pace, and the dialogue was rudimentary. 
Wish I could enjoy it as much as everyone here, but I reckon it's sadly not for me.",1775486316,1775486316,False,8,4,0.5449528098106384,False,1,True,False,know staple many people much beloved wide community didnt felt like work coming home work none task felt rewarding progress speed snail pace dialogue rudimentary wish could enjoy much everyone reckon sadly,0.9575,0
223881962,english,"Actually one of the best most chill games out there. Very fun, relaxing, farm game that has amazing music. Also the mods are incredible. (Highly recommend Ridgeside Village)",1776908138,1776908138,True,1,0,0.5238095521926879,False,0,True,False,actually one best chill game fun relaxing farm game amazing music also mod incredible highly recommend ridgeside village,0.9557,1
223592544,english,"good game, good mod selection, good for solo or multiplayer",1776573603,1776573603,True,1,0,0.5238095521926879,False,0,True,False,good game good mod selection good solo multiplayer,0.8271,1
223488491,english,a really fun and cute game. it can be relaxing if you take your time and ignore the quests or requirements for different centers. i totally recommend.,1776470112,1776470112,True,2,0,0.5238095521926879,False,0,True,False,really fun cute game relaxing take time ignore quest requirement different center totally recommend,0.8847,1
223485093,english,"Stardew Valley is one of those games that feels simple at first but ends up being way deeper and more rewarding the longer you play it. It starts with you inheriting an old farm, but quickly turns into a relaxing yet addictive life sim where you can grow crops, raise animals, fish, mine, and build relationships with the people in the town. What makes it really stand out is how much freedom it gives you—you can play at your own pace with no pressure, whether you want to focus on making your farm perfect or just explore the mines and improve your skills. The pixel art style is charming and calming, and the music fits the peaceful vibe perfectly. Even after hours of gameplay, there’s always something new to discover, like secret events or rare items. Overall, Stardew Valley is a cozy, satisfying game that somehow manages to be both relaxing and hard to put down.",1776465945,1776465945,True,1,0,0.5238095521926879,False,0,True,False,stardew valley one game feel simple first end way deeper rewarding longer play start inheriting old farm quickly turn relaxing yet addictive life sim grow crop raise animal fish mine build relationship people town make really stand much freedom give youyou play pace pressure whether want focus making farm perfect explore mine improve skill pixel art style charming calming music fit peaceful vibe perfectly even hour gameplay there always something new discover like secret event rare item overall stardew valley cozy satisfying game somehow manages relaxing hard put,0.9959,1
223217999,english,One of the best indie games I have ever Played. I have been playing it since it came out in 2016 and I have been very satisfied with all of the updates introduced since then.,1776134152,1776134152,True,1,0,0.5238095521926879,False,0,True,False,one best indie game ever played playing since came satisfied update introduced since,0.8883,1
223217835,english,"This is a classic that everybody should at least give a try. This is generally a pretty relaxing game where you build your own life on inherited farmland. There is some story, as well as some random events, but mostly you are structuring your own days. You'll be growing crops, keeping animals, building relationships, expanding your house, foraging, fishing, mining, and trying to restore the community center (or support Joja Mart, I guess). Some people get frustrated by fishing, and some people are stressed by fighting monsters in the mines. But overall, this is a great game; you can really tell the amount of love and dedication put into it by the creator. Oh, and now there's a multiplayer option, if you prefer to play with others.",1776133916,1776133916,True,1,0,0.5238095521926879,False,1,True,False,classic everybody least give try generally pretty relaxing game build life inherited farmland story well random event mostly structuring day youll growing crop keeping animal building relationship expanding house foraging fishing mining trying restore community center support joja mart guess people get frustrated fishing people stressed fighting monster mine overall great game really tell amount love dedication put creator oh there multiplayer option prefer play others,0.9497,1
223152182,english,My fiancée is obsessed. She doesn’t play games at all but now this is all she talks about. She will text herself before going to sleep all of the tasks and objectives she needs for the next time she plays.,1776044012,1776044012,True,1,0,0.5238095521926879,False,0,True,False,fiance obsessed doesnt play game talk text going sleep task objective need next time play,0.431,1
223093671,english,Really fun game so much to do. The farming aspects remind me of Harvest Moon DS and I am constantly finding new things to do after 249h!! <3,1775988047,1775988047,True,1,0,0.5238095521926879,False,0,True,False,really fun game much farming aspect remind harvest moon d constantly finding new thing h,0.7951,1
222848516,english,"pure perfection, such care and love put in a beautiful game with infinite replayability. absolutely beautiful art and soundtrack, enthralling gameplay.  The only problem is that you won't want to stop playing as the time flies by. Love it 10/10",1775699896,1775699896,True,2,0,0.5238095521926879,False,0,True,False,pure perfection care love put beautiful game infinite replayability absolutely beautiful art soundtrack enthralling gameplay problem wont want stop playing time fly love,0.9746,1
222786619,english,"I open this game to play for a couple hours max, and suddenly the sun is coming up and it's a brand new day???? So easy to come back to, I can't believe it's 10 years old. Easily in my top 3 games of all time. Especially with the modding capabilites. I'll be playing this game til I die, genuinely.",1775622460,1775622460,True,1,0,0.5238095521926879,False,0,True,False,open game play couple hour max suddenly sun coming brand new day easy come back cant believe year old easily top game time especially modding capabilites ill playing game til die genuinely,0.7686,1
222765790,english,This game is immersive and all of the festivals and events are so joyous and I very much looking forward to playing this game with my friends and discovering all of the fun events and items that you can find. 10/10 I very much reccomend for new players looking for a game.,1775594224,1775594224,True,1,0,0.5238095521926879,False,0,True,False,game immersive festival event joyous much looking forward playing game friend discovering fun event item find much reccomend new player looking game,0.9427,1
222750049,english,Amazing game. I will say that I do open the wiki a lot but that's lowkey just a skill issue on my part and I could get on fine without it. More than worth the £10.99.,1775579045,1775579045,True,1,0,0.5238095521926879,False,0,True,False,amazing game say open wiki lot thats lowkey skill issue part could get fine without worth,0.7482,1
222727409,english,"Truly great game, personally I heavily recommend you play this game with mods (Especially SVE), as they will take the game to another level of enjoyment

highly recommend, 10/10, perfect cozy farming sim",1775554018,1775554018,True,1,0,0.5238095521926879,False,0,True,False,truly great game personally heavily recommend play game mod especially sve take game another level enjoyment highly recommend perfect cozy farming sim,0.9681,1
222627128,english,"Stardew Valley is a really fun game. The freedom in which you get to explore the multiple farming styles ranging from slow peaceful playthroughs to agricultural min-maxxing (my personal favorite.) Additionally, the multiple spouses to choose from without the the discrimination of the farmer's gender, allowing a completely new experience each save. Furthermore, the accessibility of mods for this game (im a QOL freak ;p) truely allow limitless possibilities.",1775434523,1775434523,True,1,0,0.5238095521926879,False,0,True,False,stardew valley really fun game freedom get explore multiple farming style ranging slow peaceful playthroughs agricultural minmaxxing personal favorite additionally multiple spouse choose without discrimination farmer gender allowing completely new experience save furthermore accessibility mod game im qol freak p truely allow limitless possibility,0.9216,1
222533154,english,Ngl didnt think this game would be that good but I ended up loving it and gives me something to do when im bored in the winter.,1775341151,1775341151,True,1,0,0.5238095521926879,False,0,True,False,ngl didnt think game would good ended loving give something im bored winter,0.6858,1
222490220,english,"fav childhood game never got bored of it ever always something new to explore and do, best game i know",1775306687,1775306687,True,1,0,0.5238095521926879,False,0,True,False,fav childhood game never got bored ever always something new explore best game know,0.8407,1
222429017,english,Whatever issues exist in the UI and controls that exist the mystery and lovability in this game surely make up for it.,1775241671,1775241671,True,1,0,0.5238095521926879,False,0,True,False,whatever issue exist ui control exist mystery lovability game surely make,0.4404,1
222221884,english,Cant explain it but playing this game late at night with a nice bev is just healing man,1775008328,1775008328,True,1,0,0.5238095521926879,False,0,True,False,cant explain playing game late night nice bev healing man,0.7096,1
222221628,english,"This game is actually addicting. Once you start, you can't stop. There's so much plot, so many activities, and no in-game purchases!!",1775007979,1775007979,True,1,0,0.5238095521926879,False,0,True,False,game actually addicting start cant stop there much plot many activity ingame purchase,-0.2254,1
222167080,english,"Still remember the day it came out, amazing game, amazing developer. 10 Years of brilliance.",1774953830,1774953830,True,1,0,0.5238095521926879,False,0,True,False,still remember day came amazing game amazing developer year brilliance,0.91,1
222137227,english,played this game for a couple hundred hours (+couple hundred more hours on other platforms) and I'd recommend it. needs a bit patience at the beginning tho.,1774910983,1774910983,True,1,0,0.5238095521926879,False,0,True,False,played game couple hundred hour couple hundred hour platform id recommend need bit patience beginning tho,0.5994,1
222089086,english,"the amount of hours i spent on this game tells a lot about how much i like it. but that's one thing, coz i've loved this game since the first minute i played it. one of the best RPGs i've ever played (and maybe the only one i spent this much hours on).",1774863715,1774863715,True,1,0,0.5238095521926879,False,0,True,False,amount hour spent game tell lot much like thats one thing coz ive loved game since first minute played one best rpgs ive ever played maybe one spent much hour,0.9643,1
222081007,english,"SO FUN. I honestly didn't think this would be easy to get used to and also not get bored of fast, but i didn't once get bored after playing for 4+ hours in my free time! Its challenging in ways, creative, and soooo fun to play, honestly better than animal crossing in my opinion.. LOVE LOVE LOVE 100% recommend!!",1774851056,1774851056,True,1,0,0.5238095521926879,False,0,True,False,fun honestly didnt think would easy get used also get bored fast didnt get bored playing hour free time challenging way creative soooo fun play honestly better animal crossing opinion love love love recommend,0.9968,1
222064888,english,game is hella addictive i honesly love it very replayable overall 10 out of 10,1774829101,1774829101,True,1,0,0.5238095521926879,False,0,True,False,game hella addictive honesly love replayable overall,0.6666,1
222058391,english,"love it. The music, characters, gameplay loop, it's so much fun. I especially love marrying people then divorcing them. it's so much fun to break the hearts of every village",1774822165,1774822165,True,1,1,0.5238095521926879,False,0,True,False,love music character gameplay loop much fun especially love marrying people divorcing much fun break heart every village,0.9482,1
222025183,english,"The villagers aren't appreciative of me gifting them freshly caught anchovies and rocks.

Great game",1774797395,1774797395,True,1,0,0.5238095521926879,False,0,True,False,villager arent appreciative gifting freshly caught anchovy rock great game,0.2905,1
221988384,english,Easily one of the best games I’ve ever played. I can play for hours without getting bored.,1774764755,1774764755,True,1,0,0.5238095521926879,False,0,True,False,easily one best game ive ever played play hour without getting bored,0.9045,1
221783692,english,"Bought it, didn't touch it for years, tried it again and got hopelessly addicted. There is so much to do and you can really tell this was a passion project. And it's cheap, too!",1774565295,1774565295,True,1,0,0.5238095521926879,False,0,True,False,bought didnt touch year tried got hopelessly addicted much really tell passion project cheap,-0.126,1
221721475,english,"good game, its sometimes confusing but its addicting.",1774504306,1774504306,True,1,1,0.5238095521926879,False,0,True,False,good game sometimes confusing addicting,0.128,1
223861311,english,"Top tier cozy Farming game, Fun with friends, even more with mods",1776882524,1776882524,True,1,0,0.5220588445663452,False,0,True,False,top tier cozy farming game fun friend even mod,0.802,1
222272074,english,do not be fooled this isnt a cozy game. at some point past your first 50 hours you will find yourself looking at spreadsheets and having to open a calculator to figure out how many seeds you have to buy. despite this i think my hours speak for themselves,1775069474,1775069474,True,1,0,0.5220588445663452,False,0,True,False,fooled isnt cozy game point past first hour find looking spreadsheet open calculator figure many seed buy despite think hour speak,0.2924,1
223481548,english,"Good game. Writing is overrated. Romance is worse then harvest moon. If you like harvest moon but want it written by and autistic person, this is your game. 10/10.",1776462250,1776462250,True,1,1,0.52173912525177,False,1,True,False,good game writing overrated romance worse harvest moon like harvest moon want written autistic person game,0.5267,1
223153285,english,Best cozy farming simulator game. Period.,1776045610,1776045610,True,1,0,0.52173912525177,False,0,True,False,best cozy farming simulator game period,0.6369,1
223400369,english,"I love a cozy game that both allows you to work at your own pace and also forces you to keep up with the seasons, while also dealing with a evil corporation, adiction, PTSD, neglect, loss, and Clint.

Actually, Clint's cool, doesn't deserve the hate. I love this game.",1776374998,1776374998,True,1,0,0.5199999809265136,False,0,True,False,love cozy game allows work pace also force keep season also dealing evil corporation adiction ptsd neglect loss clint actually clints cool doesnt deserve hate love game,0.6121,1
223163358,english,"Endless fun, lots to do. Moments of intense time management with a nice blend of reflective farming.",1776063819,1776063819,True,1,0,0.5061728358268737,False,0,True,False,endless fun lot moment intense time management nice blend reflective farming,0.7506,1
224041793,english,"Great game, one of the best farming simulators in the style of Harvest Moon. Lacking on the story side, but it's still really good
",1777107987,1777107987,True,0,0,0.5,False,0,True,False,great game one best farming simulator style harvest moon lacking story side still really good,0.8569,1
224009856,english,"I didn't expect much in the beginning, but this game is like a therapy session for me. It got me throuh some dark and rough times. Turns out that growing parsnips can give you a deep level of satisfaction. Highly recommend, but it should come with a warning that it is highly addictive.",1777066459,1777066459,True,0,0,0.5,False,0,True,False,didnt expect much beginning game like therapy session got throuh dark rough time turn growing parsnip give deep level satisfaction highly recommend come warning highly addictive,0.867,1
224008119,english,Great game for solo playing and with your friends and family,1777064681,1777064681,True,0,0,0.5,False,0,True,False,great game solo playing friend family,0.8402,1
224006895,english,"I had put off playing this game for a long time but after nearly 60 hours with it, I can comfortably say it's well worth the money. The central conceit of Stardew Valley is that you run a farm, but the important thing to know about the game is it sets no expectations for what you 'ought' to be doing. You can putz around collecting junk off the forest floor and selling it, and that's just as legitimate a play style as min-maxxing your farm's output. In the same way, there are multiple ways to pursue your life in Pelican Town that have nothing to do with farming, like fishing, cooking, and dungeon crawling. One thing that comes to mind when talking about this game is how there's a quiet pressure to not worry so much about money - there are ways to play where you spend money to get what you want but they're regularly ripping you off versus getting said result through utilizing your farm, and this extends to the overarching storyline involving the town's derelict community center. While there's a lot that can be said about this game's impact on game development and genre conventions, it proved to be an incredibly relaxing experience at least for me.",1777063422,1777063422,True,0,0,0.5,False,0,True,False,put playing game long time nearly hour comfortably say well worth money central conceit stardew valley run farm important thing know game set expectation ought putz around collecting junk forest floor selling thats legitimate play style minmaxxing farm output way multiple way pursue life pelican town nothing farming like fishing cooking dungeon crawling one thing come mind talking game there quiet pressure worry much money way play spend money get want theyre regularly ripping versus getting said result utilizing farm extends overarching storyline involving town derelict community center there lot said game impact game development genre convention proved incredibly relaxing experience least,0.9761,1
224003669,english,"Fun game
Probably one of the best of its genre (simulator). Definitly a must play if you like this kind of game.",1777060283,1777060283,True,0,0,0.5,False,0,True,False,fun game probably one best genre simulator definitly must play like kind game,0.9081,1
224001429,english,"This game literally changed my life. The level of care and detail that went into this game feels rare these days. Everything feels well thought-out, from the design, to the characters, music, etc. The amount of content added after every free update throughout the years is almost an entire game itself. The community surrounding the game is amazing too and seems to attract people of every demographic. If you like this game, and have the opportunity to attend the orchestra concerts I would strongly recommend it. It adds a whole new level to the experience of the game.",1777058188,1777058188,True,0,0,0.5,False,0,True,False,game literally changed life level care detail went game feel rare day everything feel well thoughtout design character music etc amount content added every free update throughout year almost entire game community surrounding game amazing seems attract people every demographic like game opportunity attend orchestra concert would strongly recommend add whole new level experience game,0.9712,1
224000954,english,It's just super cozy and you might have heard it a bajillion times already but this game is definetly worth the price you can drop hundreds of hours in this game and still find something to do.,1777057758,1777057758,True,0,0,0.5,False,0,True,False,super cozy might heard bajillion time already game definetly worth price drop hundred hour game still find something,0.2846,1
223998878,english,"Such an amazing chill game, Great for playing when in a relationship too. Even better if she's the know it all XD.",1777055827,1777055827,True,0,0,0.5,False,0,True,False,amazing chill game great playing relationship even better shes know xd,0.9526,1
223978077,english,I've played the crap out of this on Switch- it's a no-brainer choice for one of the best games of all time.,1777037228,1777037228,True,0,0,0.5,False,0,True,False,ive played crap switch nobrainer choice one best game time,0.6124,1
223967421,english,"i love the story and quests of the game. In my opinion, if someone loves calm games like this one then its perfect for them",1777024378,1777024378,True,0,0,0.5,False,0,True,False,love story quest game opinion someone love calm game like one perfect,0.9468,1
223954972,english,"You need to watch a get started guide before playing. Cozy, chill game. Colors are great on the deck.",1777003139,1777003139,True,0,0,0.5,False,0,True,False,need watch get started guide playing cozy chill game color great deck,0.7096,1
223954311,english,SDV is a fun.  I like to play.  You should too.  Please do.  DO.  Thank you for your attention to this matter.,1777002075,1777002075,True,0,0,0.5,False,0,True,False,sdv fun like play please thank attention matter,0.9027,1
223951704,english,"this game is amazing, its boring for the first 30 minuats then gets really fun.100 percent worth the 15 bucks, would buy it even for 50.  Would buy again and again.",1776997978,1776997978,True,0,0,0.5,False,0,True,False,game amazing boring first minuats get really fun percent worth buck would buy even would buy,0.5667,1
223951538,english,Great story and fun calm visuals. Perfect for Steam deck!,1776997721,1776997721,True,0,0,0.5,False,0,True,False,great story fun calm visuals perfect steam deck,0.9286,1
223950586,english,The only thing I don't really like about the game so far is the fishing mini game when you catch a fish. The rest of the game is enjoyable so far. I have not played by myself yet but I have played with my sister,1776996245,1776996245,True,0,0,0.5,False,0,True,False,thing dont really like game far fishing mini game catch fish rest game enjoyable far played yet played sister,-0.4186,1
223949115,english,"listen, im 2K hours in just on steam, that's not even counting the switch. you should play it.",1776994105,1776994105,True,0,0,0.5,False,0,True,False,listen im k hour steam thats even counting switch play,0.34,1
223941074,english,Fun game. Recommend. Good amount of direction to follow whilst still allowing full player freedom. Does not require brain operating at full capacity. There are multiple ways you can play that are suitable for different kinds of people. Good game to pass time. Fun game.,1776982732,1776982732,True,0,0,0.5,False,0,True,False,fun game recommend good amount direction follow whilst still allowing full player freedom require brain operating full capacity multiple way play suitable different kind people good game pas time fun game,0.9661,1
223940556,english,"Good game, super cute graphics and fun gameplay. I reccomend!",1776982070,1776982070,True,0,0,0.5,False,0,True,False,good game super cute graphic fun gameplay reccomend,0.9245,1
223940534,english,"super cozy game, i love the fishing aspect of it, plus you can do whatever you want",1776982046,1776982046,True,0,0,0.5,False,0,True,False,super cozy game love fishing aspect plus whatever want,0.8555,1
223936207,english,"A Timeless Masterpiece of Relaxation and Reward — Stardew Valley Review

Stardew Valley is one of those rare games that quietly becomes unforgettable. What starts as a simple premise—escaping the grind of modern life to restore your grandfather’s old farm—blossoms into an incredibly rich, rewarding, and deeply personal experience.

From the moment you arrive in Pelican Town, the game invites you to move at your own pace. Whether you’re tending crops, raising animals, fishing by the river, mining for rare resources, or building relationships with the town’s memorable residents, every activity feels meaningful. There’s no pressure, no forced urgency—just a beautifully balanced gameplay loop that respects your time while constantly giving you something to look forward to.

The charm of Stardew Valley lies in its detail. Each villager has their own personality, storylines, and growth over time, making interactions feel genuine rather than repetitive. Building friendships—and even starting a family—adds emotional weight that few games in the genre achieve this well.

Visually, the pixel art style is both nostalgic and timeless. Paired with a soothing, atmospheric soundtrack, the game creates an incredibly relaxing environment that’s perfect for unwinding after a long day. Yet beneath that calm exterior lies surprising depth: strategic farm planning, seasonal events, skill progression, and even light combat in the mines ensure the gameplay never feels shallow.

What truly elevates Stardew Valley is the passion behind it. Developed primarily by one person, Eric Barone (ConcernedApe), the game is a testament to what dedication and vision can achieve. Continuous updates, added content, and a thriving modding community keep the experience fresh years after release.

Multiplayer adds another fantastic dimension, allowing you to build and manage a farm with friends, making the experience even more engaging and memorable.

Pros:
- Deep, satisfying gameplay with complete freedom  
- Memorable characters and meaningful relationships  
- Relaxing yet rewarding progression system  
- Beautiful pixel art and outstanding soundtrack  
- Constant updates and strong community support  

Cons:
- Early game can feel a bit slow for some players  
- No major drawbacks otherwise  

Final Verdict:  
Stardew Valley isn’t just a farming sim—it’s a comforting escape, a creative outlet, and a heartfelt journey all in one. Whether you’re looking to relax or invest hundreds of hours into building your dream farm, this game delivers in every way.

Score: 10/10 — An absolute must-play.",1776977097,1776977097,True,0,0,0.5,False,0,True,False,timeless masterpiece relaxation reward stardew valley review stardew valley one rare game quietly becomes unforgettable start simple premiseescaping grind modern life restore grandfather old farmblossoms incredibly rich rewarding deeply personal experience moment arrive pelican town game invite move pace whether youre tending crop raising animal fishing river mining rare resource building relationship town memorable resident every activity feel meaningful there pressure forced urgencyjust beautifully balanced gameplay loop respect time constantly giving something look forward charm stardew valley lie detail villager personality storyline growth time making interaction feel genuine rather repetitive building friendshipsand even starting familyadds emotional weight game genre achieve well visually pixel art style nostalgic timeless paired soothing atmospheric soundtrack game creates incredibly relaxing environment thats perfect unwinding long day yet beneath calm exterior lie surprising depth strategic farm planning seasonal event skill progression even light combat mine ensure gameplay never feel shallow truly elevates stardew valley passion behind developed primarily one person eric barone concernedape game testament dedication vision achieve continuous update added content thriving modding community keep experience fresh year release multiplayer add another fantastic dimension allowing build manage farm friend making experience even engaging memorable pro deep satisfying gameplay complete freedom memorable character meaningful relationship relaxing yet rewarding progression system beautiful pixel art outstanding soundtrack constant update strong community support con early game feel bit slow player major drawback otherwise final verdict stardew valley isnt farming simits comforting escape creative outlet heartfelt journey one whether youre looking relax invest hundred hour building dream farm game delivers every way score absolute mustplay,0.9985,1
223935892,english,Chill game but little grind required use the official wiki,1776976744,1776976744,True,0,0,0.5,False,0,True,False,chill game little grind required use official wiki,0.0,1
223935242,english,"such a user friendly game especially for first time or newer pc players ! cute art style, you can add mods and the quests are so fun ! huge recommend",1776976047,1776976047,True,0,0,0.5,False,0,True,False,user friendly game especially first time newer pc player cute art style add mod quest fun huge recommend,0.9466,1
223928672,english,"One of the best games I've ever played. Very addictive, and incredibly fun. The game is always evolving, so if you haven't played in a while, you will find something new to do.",1776969454,1776969454,True,1,0,0.5192307829856871,False,0,True,False,one best game ive ever played addictive incredibly fun game always evolving havent played find something new,0.9117,1
223921649,english,"Staying out of bias, there is minimal lag but many glitches, the game has a concrete story and superb character designs. The game is very vibrant and each scene is full of life. The game has so much to do aswell to have fun running out of things to do.",1776962610,1776962610,True,0,0,0.5,False,0,True,True,staying bias minimal lag many glitch game concrete story superb character design game vibrant scene full life game much aswell fun running thing,0.9454,1
223917039,english,Stardew is a game that going into it seems like it’s just a farming sim however it is not the amount of depth this game has is incredible making it easy to get lost in the incredibly relaxing world of stardew,1776958295,1776958295,True,0,0,0.5,False,0,True,False,stardew game going seems like farming sim however amount depth game incredible making easy get lost incredibly relaxing world stardew,0.7645,1
223912825,english,"As a longtime Harvest Moon player, I did not expect to get this hooked! but Stardew Valley absolutely delivered. It captures that classic farming charm while adding so much more depth and freedom. The fishing mechanics are surprisingly fun, and I love how you can customize your farm buildings to really make everything feel your own.

My only gripe is how big the map feels early on. it takes forever(in game) just to get from point A to B when youre starting out. Thankfully, it gets better later with warp totems and even a horse, which makes traveling much easier.

I havent tried co-op yet, but Im really looking forward to playing with my sisters soon. Im almost 50 hours in and still in Year 1… this game just keeps pulling you back in!",1776954334,1776954334,True,0,0,0.5,False,0,True,False,longtime harvest moon player expect get hooked stardew valley absolutely delivered capture classic farming charm adding much depth freedom fishing mechanic surprisingly fun love customize farm building really make everything feel gripe big map feel early take foreverin game get point b youre starting thankfully get better later warp totem even horse make traveling much easier havent tried coop yet im really looking forward playing sister soon im almost hour still year game keep pulling back,0.9905,1
223904836,english,"Coming from the DS and 3DS Harvest Moon games this is a fantastic farming sim that I will probably go on to spend way to much time in. It has charming characters, beautiful pixal art, a fun fishing mini-game and interactive events. It still needs non-binary options, I don't like settling for ""miss"" and though then it'll be perfect.",1776945707,1776945707,True,0,0,0.5,False,0,True,False,coming d d harvest moon game fantastic farming sim probably go spend way much time charming character beautiful pixal art fun fishing minigame interactive event still need nonbinary option dont like settling miss though itll perfect,0.9531,1
223899573,english,Stardew valley is honestly amazing i have no problems whats so ever its brings what it promised and im totally here for it,1776938405,1776938405,True,0,0,0.5,False,0,True,False,stardew valley honestly amazing problem whats ever brings promised im totally,0.6597,1
223894338,english,"After spending about a couple weeks in here, the experience has been surprisingly immersive and relaxing, even as a beginner.

Early game feels simple but meaningful. Managing crops, clearing the farm, and slowly earning gold creates a steady sense of progression. Nothing feels rushed, but at the same time, every in-game day matters, which makes planning ahead important. The game rewards consistency rather than speed.

One of the strongest aspects so far is its freedommmm. There is literally no strict way to play it & you can focus on farming, fishing, mining, or socializing with villagers which I tend to do allat. This flexibility makes the game feel personal for, esp when you start organizing your farm layout and setting small goals.

The pixel art style as well is also worth mentioning. It looks simple at first, but it grows on you quickly. Combined with the calm soundtrack, it creates a very laid-back atmosphere that makes it easy to keep playing “just one more day.”

That said, the game doesn’t explain everything clearly at the start. Some mechanics (like energy management, tool upgrades, or optimizing crops) require a bit of trial and error or outside knowledge, or searching it up will compensate some things in there as well haha. For a new player lik me this can feel slightly overwhelming, but it also adds to the sense of discovery.

Overall, at Day 16, sdv already shows strong potential. It’s a game that builds up slowly, rewarding patience and creativity. If the early progression is this engaging welpp it’s easy to see why many players invest dozens or even hundreds of hours into it, thankfully my friends got me into this :D

Lastly my current verdict, a relaxing but deceptively deep farming sim that’s easy to get into and hard to put down.",1776929123,1776929123,True,0,0,0.5,False,0,True,False,spending couple week experience surprisingly immersive relaxing even beginner early game feel simple meaningful managing crop clearing farm slowly earning gold creates steady sense progression nothing feel rushed time every ingame day matter make planning ahead important game reward consistency rather speed one strongest aspect far freedommmm literally strict way play focus farming fishing mining socializing villager tend allat flexibility make game feel personal esp start organizing farm layout setting small goal pixel art style well also worth mentioning look simple first grows quickly combined calm soundtrack creates laidback atmosphere make easy keep playing one day said game doesnt explain everything clearly start mechanic like energy management tool upgrade optimizing crop require bit trial error outside knowledge searching compensate thing well haha new player lik feel slightly overwhelming also add sense discovery overall day sdv already show strong potential game build slowly rewarding patience creativity early progression engaging welpp easy see many player invest dozen even hundred hour thankfully friend got lastly current verdict relaxing deceptively deep farming sim thats easy get hard put,0.9984,1
223884539,english,"This game is hyped for a reason, truly a cozy, fun engaging game with a charming story and lovable characters. I have been playing for years and its honestly the perfect game for me. I lub stardew valley <3",1776911885,1776911885,True,0,0,0.5,False,0,True,False,game hyped reason truly cozy fun engaging game charming story lovable character playing year honestly perfect game lub stardew valley,0.9794,1
223872570,english,Its a very fun game and surprisingly addicting. This is the first video game I've had this much fun with since Minecraft.,1776894700,1776894700,True,0,0,0.5,False,0,True,False,fun game surprisingly addicting first video game ive much fun since minecraft,0.855,1
223862463,english,"Yes. It is a good game. (With the power of coconuts and sunflowers, who's going to stop me from grinding friendship on Haley)",1776883593,1776883593,True,0,0,0.5,False,0,True,False,yes good game power coconut sunflower who going stop grinding friendship haley,0.743,1
223858518,english,It is a very beautiful which the game is like a live farming . it is very exciting . you shoud all play,1776879779,1776879779,True,0,0,0.5,False,0,True,True,beautiful game like live farming exciting shoud play,0.9116,1
223852566,english,"30 hours in, and I finally understand why this game has the reputation it does, and why it also quietly drives people up the wall.

On one hand, Stardew Valley is incredibly well designed. The progression loop is tight, the sense of growth is satisfying, and there’s always something pulling you forward, one more day, one more upgrade, one more trip into the mine. It’s the kind of game that makes time disappear without asking permission.

On the other hand, it can be frustrating in ways that feel almost deliberate. Inventory limitations, time pressure, and the constant feeling that you’re one step behind your own plans can turn “relaxing farm sim” into “light agricultural anxiety simulator” if you’re not careful. Some mechanics don’t respect your time as much as the game’s reputation suggests.

That said, the balance is what keeps it interesting. The friction gives the progress weight. When something finally clicks, it actually feels earned instead of handed to you.

So yes, I recommend it, but with a caveat: this is not a passive, cozy experience unless you force it to be. It’s a system you either learn to work with, or it quietly works against you.

If you’re okay with that push and pull, it’s one of the best games out there. If you’re expecting pure relaxation, you might find yourself wondering why your “peaceful farm” feels like it has deadlines.
",1776873980,1776873980,True,0,0,0.5,False,0,True,False,hour finally understand game reputation also quietly drive people wall one hand stardew valley incredibly well designed progression loop tight sense growth satisfying there always something pulling forward one day one upgrade one trip mine kind game make time disappear without asking permission hand frustrating way feel almost deliberate inventory limitation time pressure constant feeling youre one step behind plan turn relaxing farm sim light agricultural anxiety simulator youre careful mechanic dont respect time much game reputation suggests said balance keep interesting friction give progress weight something finally click actually feel earned instead handed yes recommend caveat passive cozy experience unless force system either learn work quietly work youre okay push pull one best game youre expecting pure relaxation might find wondering peaceful farm feel like deadline,0.978,1
223852286,english,"i love this game sm like the story, the music, everything just eats. planting crops and taking care of animals is so fun too. it’s literally my comfort game fr (˶ᵔ ᵕ ᵔ˶) ‹𝟹 w devs!!",1776873727,1776873727,True,0,0,0.5,False,0,True,False,love game sm like story music everything eats planting crop taking care animal fun literally comfort game fr w devs,0.9533,1
223851273,english,"Meh, people love this game I really only played it to play with my girlfriend. But over it's not bad for people who love this style.",1776872713,1776872713,True,0,0,0.5,False,0,True,False,meh people love game really played play girlfriend bad people love style,0.9389,1
223847701,english,"very cute, initially didnt get into it when i first bought but yes, if you wish to procrastinate your exams this is defos a game you need",1776869308,1776869308,True,0,0,0.5,False,0,True,False,cute initially didnt get first bought yes wish procrastinate exam defos game need,0.8499,1
223839199,english,Great relaxing game. easy to play on all platforms.,1776860132,1776860132,True,0,0,0.5,False,0,True,False,great relaxing game easy play platform,0.9118,1
223835366,english,"I started this game when I was 13/14 is and it genuinely consumed my days and i played 500 hours within a year or two on a 10 year old laptop (It really runs like a charm). I also remember sending Concerned Ape an email politely asking for cat and dog houses and also cats and hats on dogs. Its nice that he continues to update this game and listens to the feed back of this community.
Now I'm playing again with a few visual mods to make my playthrough feel fresh again. The game has very good mod support and is pretty easy to get into.
10/10 I highly recommend this game <3",1776854870,1776854870,True,0,0,0.5,False,0,True,False,started game genuinely consumed day played hour within year two year old laptop really run like charm also remember sending concerned ape email politely asking cat dog house also cat hat dog nice continues update game listens feed back community im playing visual mod make playthrough feel fresh game good mod support pretty easy get highly recommend game,0.9799,1
223828925,english,"After loving this game and playing it for a long time, I cannot do anything but recommend this. Everything in this game is amazing.",1776843502,1776843502,True,0,0,0.5,False,0,True,False,loving game playing long time anything recommend everything game amazing,0.9062,1
223823325,english,"its the best game in in the farm type, i love it and i want to play this if i has a better computer :3",1776833189,1776833189,True,0,0,0.5,False,0,True,False,best game farm type love want play better computer,0.9538,1
223821652,english,i like how much content u get in the game and how much time u can sink into it for the price. it is a great game to relax and come home to,1776830262,1776830262,True,0,0,0.5,False,0,True,False,like much content u get game much time u sink price great game relax come home,0.8591,1
223818617,english,"I’m not usually into these types of games, but Stardew Valley is on another level. Just get it—discount or not, it’s worth every single penny. Highly recommended!",1776825527,1776825527,True,0,0,0.5,False,0,True,False,im usually type game stardew valley another level get itdiscount worth every single penny highly recommended,0.2341,1
223816662,english,very cute base building sim with romance on the side. storys real interesting so far too. dont forget to manage your stamina!,1776822852,1776822852,True,0,0,0.5,False,0,True,False,cute base building sim romance side story real interesting far dont forget manage stamen,0.9144,1
223813295,english,"My favourite cozy game and it is so addictive. It is filled with of daily quests and mini games, I especially enjoy the fishing one.",1776818155,1776818155,True,0,0,0.5,False,0,True,False,favourite cozy game addictive filled daily quest mini game especially enjoy fishing one,0.5413,1
223803181,english,"I forgot I had purchased this game years ago out of pure curiosity. I ended up not starting the game until these first few weeks of April. I have so far, played over 40 hours and truly become a fan. 

I'm not sure if I'll ever grow tired of Stardew Valley, there is so much to create and you can really feel the love that was poured into every aspect of the game as you progress.",1776805422,1776805528,True,0,0,0.5,False,0,True,False,forgot purchased game year ago pure curiosity ended starting game first week april far played hour truly become fan im sure ill ever grow tired stardew valley much create really feel love poured every aspect game progress,0.9126,1
223797309,english,so fun but very grind intensive at a certain point after completing the community center,1776799721,1776799721,True,0,0,0.5,False,0,True,False,fun grind intensive certain point completing community center,0.6055,1
223795535,english,"This game was an instant classic for a reason. 
do you like farming sims? its a great farming sim
do you like well developed npcs? its got great npcs
do you like fishing in video games? its got good fishing mechanics
do you like exploring a cave? its got good spelunking
do you want to collect a lot of animals for food and profit? 
do you like repairing a community with the power of fruit? you can do that here. 

While there are a few rougher aspects (certain mechanics like the elevator in the mines aren't explained well to the player, there are moments were you're just stuck rolling for rare-ish events to 'progress', there are times were you need to rely on the wiki) overall this is fantastic game where you basically always have something to do. Be that fishing, mining, farming, or befriending great npcs. But you can also ignore all of that as progression is entirely self-paced.",1776798195,1776798195,True,0,0,0.5,False,0,True,False,game instant classic reason like farming sims great farming sim like well developed npc got great npc like fishing video game got good fishing mechanic like exploring cave got good spelunking want collect lot animal food profit like repairing community power fruit rougher aspect certain mechanic like elevator mine arent explained well player moment youre stuck rolling rareish event progress time need rely wiki overall fantastic game basically always something fishing mining farming befriending great npc also ignore progression entirely selfpaced,0.9569,1
223789128,english,"It's an amazing farming sim with a twist. Mining, combat, a slight touch of magic, it is truly a great game!",1776792393,1776792393,True,0,0,0.5,False,0,True,False,amazing farming sim twist mining combat slight touch magic truly great game,0.8655,1
223789006,english,"I bought this game on a whim while looking for something to play with my friends one evening. I love every aspect of it, it's flawless.",1776792276,1776792276,True,0,0,0.5,False,0,True,False,bought game whim looking something play friend one evening love every aspect flawless,0.9186,1
223785566,english,"My review is simple: this game is a joy and confort. I bought it without knowing anything about it, and it has been one of the best decisions ever. I'll be wrinkly and old, and still playing or thinking about stardew valley. Thank you ConcernedApe",1776789149,1776789149,True,0,0,0.5,False,0,True,False,review simple game joy confort bought without knowing anything one best decision ever ill wrinkly old still playing thinking stardew valley thank concernedape,0.9062,1
223784512,english,its a really fun and addicting game with lots of things to do,1776788197,1776788197,True,0,0,0.5,False,0,True,False,really fun addicting game lot thing,0.5563,1
223761118,english,Whats to say.... it is a classic that is still fun to play...,1776762442,1776762442,True,0,0,0.5,False,0,True,False,whats say classic still fun play,0.5106,1
223758787,english,"Genuinely my favorite game. Stardew is a great cozy game with a good mix of storytelling, tasks, mini games, and design. It has great replay value and long-term gameplay if you are a completionist / try to get all achievements. I spent 250+ hours just on my main farm (not including co-op), and I have only romanced one character. Maru is the best, totally not biased.",1776758329,1776758329,True,0,0,0.5,False,0,True,False,genuinely favorite game stardew great cozy game good mix storytelling task mini game design great replay value longterm gameplay completionist try get achievement spent hour main farm including coop romanced one character maru best totally biased,0.9776,1
223750031,english,"Someone told me this game had...um let me get my list...ah here we go - Farming, Interior Decorating, Cave Diving, Combat in said Caves, Exploration, Romance, Town Relationships, Slice-of-life appeal, and other great calming properties....

All I have found is the Sea and FISHING...............and that's all a guy like me is gonna need.",1776742941,1776742941,True,0,0,0.5,False,0,True,False,someone told game hadum let get listah go farming interior decorating cave diving combat said cave exploration romance town relationship sliceoflife appeal great calming property found sea fishingand thats guy like gon na need,0.9136,1
223747172,english,"I started the game, blinked, and realized I've been playing it for 400 + hours. Wild. 15/10 game",1776738829,1776738829,True,0,0,0.5,False,0,True,False,started game blinked realized ive playing hour wild game,0.2023,1
223742438,english,what i thought was a simple game turned out to be a game to keep me busy for hours. does not disappoint,1776732295,1776732295,True,0,0,0.5,False,0,True,False,thought simple game turned game keep busy hour disappoint,0.3089,1
223740654,english,Got it for me after my brother got his first steam account very fun would recommend,1776729854,1776729854,True,0,0,0.5,False,0,True,False,got brother got first steam account fun would recommend,0.7474,1
223734789,english,"very relaxing and fun, the game is more complicated than it seems though 10/10",1776722471,1776722471,True,0,0,0.5,False,0,True,False,relaxing fun game complicated seems though,0.7939,1
223734776,english,"started to play and im having so much fun, this cozy relaxing game is exactly what i needed",1776722458,1776722458,True,0,0,0.5,False,0,True,False,started play im much fun cozy relaxing game exactly needed,0.8473,1
223734509,english,"I love the grafics, love soundtrack and I love the climate of this game. It's so cozy and relaxing but not boring at the same time
I definitely recommend it 🙂‍↕️",1776722153,1776722153,True,0,0,0.5,False,0,True,False,love grafics love soundtrack love climate game cozy relaxing boring time definitely recommend,0.9537,1
223729905,english,"One of those games that looks simple and straightforward at first, but there's so much more to it than what meets the eye.

Don't judge a book by its cover.",1776717236,1776717236,True,0,0,0.5,False,0,True,False,one game look simple straightforward first there much meet eye dont judge book cover,0.0,1
223725416,english,"I think at this point it goes without saying the people who buy this game enjoy it.

It's not the most realistic farming sim, it's not the best game in the world but it is enjoyable to play.


The premise is really simple you (the player character) is burned by real life so you choose to go on a farm you got from you grandpa. You farm,care take of animals,mine and weirdly become the emotional anchor for almost everyone in the valley. 


The visuals and vibe of the game is for me probably the strongest part of the experience when different seasons change almost every texture and the first crop rotation happens in fall you feel it,it's not just oh wow everything is Orange now it really has a character that is capable of making you feel something when you stop and focus on the small things.


Now,to the more poorly made things.


I hate the villagers. Yes I said it I'm a jojo quest line enjoyer. 

I simply cannot get over how needy and fake half of the villagers are, Pierre being simply the worst of them all and the reason I choose to marry Abigail for the achievements,I felt physically sorry for her I felt sorry what horrible father she has. Also the major is also pretty iffy personality but I won't get into that area. 

I'm not even talking about the writing what wasn't the worst under the sun even if a little cliche,the reason I started to hate them is the fakeness or free speech. If you want full hearts with everyone you need to tell everyone what they want to hear because if you would be a decent person or realistic you lose hearts with them meaning you just lost weeks if not months of progress with them.

The only two people I never felt any negativity towards are Marnie and Willy, and eventually I started to like Abigail too but my first expression of her was really poor.


Overall I would say the game is good. The farming mechanic way look simple but if you have 1500 tiles of blue berries it becomes a blessing in disguise rather than poor game design.

Other activities like exploring, mining etc have their own skill trees I really enjoyed and the volcano island was nice bonus too, I would figure out it would be a DLC but nope it was free after reaching a specific point in the game.



So even if I yet didn't 100% the game i got to the end game and I made 60 000 000 millions in total so I would say I know the game fair bit to be able to say I  recommend this game.
",1776712768,1776712768,True,0,0,0.5,False,0,True,False,think point go without saying people buy game enjoy realistic farming sim best game world enjoyable play premise really simple player character burned real life choose go farm got grandpa farmcare take animalsmine weirdly become emotional anchor almost everyone valley visuals vibe game probably strongest part experience different season change almost every texture first crop rotation happens fall feel itits oh wow everything orange really character capable making feel something stop focus small thing nowto poorly made thing hate villager yes said im jojo quest line enjoyer simply get needy fake half villager pierre simply worst reason choose marry abigail achievementsi felt physically sorry felt sorry horrible father also major also pretty iffy personality wont get area im even talking writing wasnt worst sun even little clichethe reason started hate fakeness free speech want full heart everyone need tell everyone want hear would decent person realistic lose heart meaning lost week month progress two people never felt negativity towards marnie willy eventually started like abigail first expression really poor overall would say game good farming mechanic way look simple tile blue berry becomes blessing disguise rather poor game design activity like exploring mining etc skill tree really enjoyed volcano island nice bonus would figure would dlc nope free reaching specific point game even yet didnt game got end game made million total would say know game fair bit able say recommend game,0.8939,1
223719689,english,"very good game i like alot, its best cus i play with my wife and they make me happy we trying to get married",1776707433,1776707433,True,0,0,0.5,False,0,True,False,good game like alot best cu play wife make happy trying get married,0.9456,1
223719625,english,"banger cozy game, just gotta have a lot of patience for it but I think its totally worth it!!! One of my fav games ngl",1776707382,1776707382,True,0,0,0.5,False,0,True,False,banger cozy game got ta lot patience think totally worth one fav game ngl,0.8255,1
223712186,english,"this is a game that has everything, I have had so much fun playing it! there is so much to be explored and the amount of content that this game offers absolutely blows my mind!! :0",1776700454,1776700454,True,0,0,0.5,False,0,True,False,game everything much fun playing much explored amount content game offer absolutely blow mind,0.7592,1
223704288,english,Great game. Very relaxing any always something new to discover or secrets to find.,1776693803,1776693803,True,0,0,0.5,False,0,True,False,great game relaxing always something new discover secret find,0.8221,1
223695026,english,"I love this game so much. Honestly, it’s the only thing I actually play out of everything I’ve bought on Steam—the rest are just sitting there untouched because I always end up opening Stardew instead of trying anything else. People say other games like Minecraft or Terraria are similar, but they just don't hit the same for me. This game is just so chill. I really like being able to just rake up money, fight monsters, and tend to my farm and I don’t even care what my farm looks like as long as I’m making a profit. I can just basically do my own thing at my own pace.

I’ll never stop recommending this to my friends, buying it was so worth it. The developer deserves all our money, and I have so much respect for him. Seriously, thanks ConcernedApe for the amazing gameplay, music, and art.",1776683255,1776683255,True,0,0,0.5,False,0,True,False,love game much honestly thing actually play everything ive bought steamthe rest sitting untouched always end opening stardew instead trying anything else people say game like minecraft terrarium similar dont hit game chill really like able rake money fight monster tend farm dont even care farm look like long im making profit basically thing pace ill never stop recommending friend buying worth developer deserves money much respect seriously thanks concernedape amazing gameplay music art,0.991,1
223694902,english,"This is such a cosy, slow-paced game - it's perfect for unwinding!",1776683073,1776683073,True,0,0,0.5,False,0,True,False,cosy slowpaced game perfect unwinding,0.6114,1
223688440,english,"Best cosy game ever, the one to rule them all! It's not just a cute farm sim, trust me.",1776672927,1776672927,True,0,0,0.5,False,0,True,False,best cosy game ever one rule cute farm sim trust,0.744,1
223687315,english,I got the game and proceeded to play it for 7 hours straight.... so uh yeah its good :thumbs_up:,1776670941,1776670941,True,0,0,0.5,False,0,True,False,got game proceeded play hour straight uh yeah good thumbsup,0.7769,1
223682716,english,"This has to be one of the best time spending games out there. It is wholesome, fun, and always a good time. I have got this game on three different systems just to build the coziest farm I can. 10/10 would recommend to anyone (gamer or not)",1776662732,1776662732,True,0,0,0.5,False,0,True,False,one best time spending game wholesome fun always good time got game three different system build coziest farm would recommend anyone gamer,0.9169,1
223677657,english,"Graphics and music are well done. Its a cute game and you can progress however you want. Also seems like a cute game for couples! Cute friend of mine got me into this game and I have been enjoying it a lot, would recommend!!",1776654944,1776654944,True,0,0,0.5,False,0,True,False,graphic music well done cute game progress however want also seems like cute game couple cute friend mine got game enjoying lot would recommend,0.9768,1
223673822,english,"Its really such a great game so simple but so unique would really recomend
",1776649889,1776649889,True,0,0,0.5,False,0,True,False,really great game simple unique would really recomend,0.3998,1
223673290,english,Been playing this game on console for years and just got it on steam. This game keeps me entertained for hours!  And with a tutorial modding is super easy.,1776649158,1776649158,True,0,0,0.5,False,0,True,False,playing game console year got steam game keep entertained hour tutorial modding super easy,0.8908,1
223671661,english,I think my favourite part about this game is the community center and how you progress with it. Plus you make the little junimos happy and that's really cute. (+The fact I have a green junimo plush named Fruitcake ♥],1776647070,1776647070,True,0,0,0.5,False,0,True,False,think favourite part game community center progress plus make little junimos happy thats really cute fact green junimo plush named fruitcake,0.8596,1
223671228,english,"Stardew has been a game that Ive play on my Nintendo and laptop for years as a kid, and use it for comfort and get to have everything in a way that didnt make my brain go ""WHERE AM I, AAND WHAT AM I DOING"" it always felt  like it was best friend guiding me to the next task. 
Stardew is just a game I cant replace and even the mods are just as good.",1776646500,1776646500,True,0,0,0.5,False,0,True,False,stardew game ive play nintendo laptop year kid use comfort get everything way didnt make brain go aand always felt like best friend guiding next task stardew game cant replace even mod good,0.9493,1
223668556,english,"Unmodded or modded this game is a 10 out of 10! It's what I call a time waster, you start playing and soon you don't realize how much time you have put into it. The only thing wrong with this is the fishing....I hate the fishing! Other than that have spent way to many years of my life on this game!",1776642965,1776642965,True,0,0,0.5,False,0,True,False,unmodded modded game call time waster start playing soon dont realize much time put thing wrong fishingi hate fishing spent way many year life game,-0.783,1
223652109,english,"totally worth  it easy to spend many hours on the game, just bought the pc version its amazing",1776626364,1776626364,True,0,0,0.5,False,0,True,False,totally worth easy spend many hour game bought pc version amazing,0.8464,1
223651037,english,honestly one of the most relaxing games I've played. I mean if you somehow don't know what this game is by now I strongly suggest you give it a try.,1776625541,1776625541,True,0,0,0.5,False,0,True,False,honestly one relaxing game ive played mean somehow dont know game strongly suggest give try,0.8748,1
223636010,english,"amazing game, IMO! I really like the atmosphere, and vibe of most of the places in the game. You never really run out of things to do, (at least i dont) and most of the things to do are very fun. Plus, the game runs really well for how bad my laptop is at running most other games haha (sorry if formatting is bad, one of my first times reviewing a game lol)",1776614419,1776614419,True,0,0,0.5,False,0,True,False,amazing game imo really like atmosphere vibe place game never really run thing least dont thing fun plus game run really well bad laptop running game haha sorry formatting bad one first time reviewing game lol,0.8456,1
223631471,english,"Kept getting recommended this game since I enjoy similar games like Minecraft, The Sims, ACNH, etc. Similar to ACNH but more interesting as there's far more goals to work towards and your decisions impact the game. There's also nearly infinite combinations of gameplay styles so it is very re-playable.",1776611200,1776611200,True,0,0,0.5,False,0,True,False,kept getting recommended game since enjoy similar game like minecraft sims acnh etc similar acnh interesting there far goal work towards decision impact game there also nearly infinite combination gameplay style replayable,0.8042,1
223625530,english,"I own this game on 3 systems. It's undeniable. The developer is still coming out with new content 10 years later. It's open ended, so there are a thousand ways to play. Worth it to play for a few hours, but apparently I've racked up 270 hours just on Steam.",1776606897,1776606897,True,0,0,0.5,False,0,True,False,game system undeniable developer still coming new content year later open ended thousand way play worth play hour apparently ive racked hour steam,0.431,1
223625182,english,"I love this game, if you're thinking about getting it just GET IT. You can chose how you want to play, fast or slow, social or not, perfect or how ever you want. I've played close to 200h on my boyfriends account and I know people who have played over 600h and still find out new things while playing. I thought I'd be bothered by the ""old school looks"" of the game but once I started playing I didn't think about it at all.",1776606643,1776606643,True,0,0,0.5,False,0,True,False,love game youre thinking getting get chose want play fast slow social perfect ever want ive played close h boyfriend account know people played h still find new thing playing thought id bothered old school look game started playing didnt think,0.7141,1
223622314,english,might be the best farming game/dating sim ever...better with mods ngl,1776604407,1776604407,True,0,0,0.5,False,0,True,False,might best farming gamedating sim everbetter mod ngl,0.6369,1
223618905,english,"Coziest game that ever exists. this game hugs you with warmth of a cup of tea and a fluffy blanket, and feels like the beginning of a 'stay at home' day where it's raining and you have absolutely no urgency and nothing to do.",1776601669,1776601669,True,0,0,0.5,False,0,True,False,coziest game ever exists game hug warmth cup tea fluffy blanket feel like beginning stay home day raining absolutely urgency nothing,0.7357,1
223617198,english,"It should be obvious taht this is not a hardcore game.  Nonetheless, it offers some fun challenges (fighting in the mines) or puzzles (digging for walnuts).  It's perfect for younger kids who can read well. I'd say age 7-8 will do well with this game.

But it's also immersive enough to entertain an adult gamer. (At least, for around 80-100 hours.)  Well worth the price and a pretty entertaining game.",1776600137,1776600137,True,0,0,0.5,False,0,True,False,obvious taht hardcore game nonetheless offer fun challenge fighting mine puzzle digging walnut perfect younger kid read well id say age well game also immersive enough entertain adult gamer least around hour well worth price pretty entertaining game,0.9676,1
223608903,english,This game is so cozy and fun! I was struggling to get into it at the start but after I got the hang of things I played for 5 hours! You can find some really cute mods too.,1776592247,1776592247,True,0,0,0.5,False,0,True,False,game cozy fun struggling get start got hang thing played hour find really cute mod,0.8592,1
223605954,english,"Great modded, great vanilla :3

Fun to play with friends or alone, its a great time waster ^~^",1776589196,1776589196,True,0,0,0.5,False,0,True,False,great modded great vanilla fun play friend alone great time waster,0.9732,1
223600548,english,It is actually a pretty fun and relaxing game!,1776583448,1776583448,True,0,0,0.5,False,0,True,False,actually pretty fun relaxing game,0.8748,1
223594387,english,"I HATE the sound of the watering can and I dislike the fact that the white colored hair is chopped but other than its 10/10 minus the lack of choices for guy hairs but ID PLAY IT FOR A WEEK if i had time, yayaya its good very gud",1776575910,1776575910,True,0,0,0.5,False,0,True,False,hate sound watering dislike fact white colored hair chopped minus lack choice guy hair id play week time yayaya good gud,0.3783,1
223590414,english,My long distance GF and I love this. We playing legacy version cause her macbook is like 40 million years old lol. Best farming game i've ever played.,1776571208,1776571208,True,0,0,0.5,False,0,True,False,long distance gf love playing legacy version cause macbook like million year old lol best farming game ive ever played,0.9509,1
223588943,english,Absolutely amazing game I've been playing with my girlfriend and solo. I have never spent this much time on a single video game and it honestly feels like an infinite content glitch. There's always some new thing to work towards and I love being in the incredibly cute town and world created by ConcernedApe,1776569483,1776569483,True,0,0,0.5,False,0,True,False,absolutely amazing game ive playing girlfriend solo never spent much time single video game honestly feel like infinite content glitch there always new thing work towards love incredibly cute town world created concernedape,0.9632,1
223583473,english,"This is basically farming simulator, but Isekai. You also have to go combat if you want to go to the mines. Great game, great crafting, great stories. and also great soudntrack!",1776562962,1776562962,True,0,0,0.5,False,0,True,False,basically farming simulator isekai also go combat want go mine great game great crafting great story also great soudntrack,0.9757,1
223582433,english,"Yes 100% best game I ever did play. However, it drives me insane that you can't connect Steam saves to Nintendo Switch saves. I got to over 80% on my switch before changing to Steam, and now I have to start all over. Can you please connect the two?",1776561706,1776561706,True,0,0,0.5,False,0,True,False,yes best game ever play however drive insane cant connect steam save nintendo switch save got switch changing steam start please connect two,0.836,1
223576237,english,"It's Stardew Valley, what else is there to say? Just a lot of relaxing fun, taking it at your own pace, learning new recipes and eating a ton of foraged veggies to keep going. A classic.",1776554311,1776554311,True,0,0,0.5,False,0,True,False,stardew valley else say lot relaxing fun taking pace learning new recipe eating ton foraged veggie keep going classic,0.7579,1
223571252,english,I played this game so much that I forgot I actually had a real life It wasnt until I reached the end of the game and realized I was happily married to haley that it finally hit me 10/10 would choose a virtual blonde over reality again,1776549019,1776549019,True,0,0,0.5,False,0,True,False,played game much forgot actually real life wasnt reached end game realized happily married haley finally hit would choose virtual blonde reality,0.6912,1
223569559,english,"This game is incredibly cozy and I find myself playing it for hours on end. The environment is very nice, and the lore behind the game is very fun to interact with and discover.",1776547390,1776547390,True,0,0,0.5,False,0,True,False,game incredibly cozy find playing hour end environment nice lore behind game fun interact discover,0.8169,1
223568059,english,"The creator is amazing. Nothing problematic (to my knowledge), enjoyable game play, concept is the best developed of its kind, and easy (and expansive) modding. Love love love. I've paid $60 for the physical game card version (for the switch), along with the $15 for the steam version. I would pay double that if I had to. I will add that I play on a potato! Like the most potato you will ever get. Idk how my laptop still runs (made in 2016). And SDV has no issues running, modded or not.",1776546029,1776546029,True,0,0,0.5,False,0,True,False,creator amazing nothing problematic knowledge enjoyable game play concept best developed kind easy expansive modding love love love ive paid physical game card version switch along steam version would pay double add play potato like potato ever get idk laptop still run made sdv issue running modded,0.9889,1
223564222,english,"Amazing game that even though it has a time limit (stamina/hours in the day), I still find relaxing when I have been stressed out",1776542669,1776542669,True,0,0,0.5,False,0,True,False,amazing game even though time limit staminahours day still find relaxing stressed,0.6808,1
223562484,english,"Great game, very relaxing, I suggest for casual people.",1776541207,1776541207,True,0,0,0.5,False,0,True,False,great game relaxing suggest casual people,0.8553,1
223560620,english,Great game! There's a lot to do and plenty of puzzles to solve. One of the best games to ever be made!!,1776539634,1776539634,True,0,0,0.5,False,0,True,False,great game there lot plenty puzzle solve one best game ever made,0.8996,1
223546361,english,"This game is so good I played it instead of studying for my calculus exam. Failed the exam, totally worth it",1776528526,1776528526,True,0,0,0.5,False,0,True,False,game good played instead studying calculus exam failed exam totally worth,0.65,1
223545925,english,"Ten years in, and this remains a game I come back to regularly.  It's simple to learn, complex to master.  Total control of what goes on, but nothing you truly ""have"" to do.  It's one of the best sandbox games out there, which means you have to show self-discipline to achieve any one specific thing because the game won't push you in any direction.",1776528214,1776528214,True,0,0,0.5,False,0,True,False,ten year remains game come back regularly simple learn complex master total control go nothing truly one best sandbox game mean show selfdiscipline achieve one specific thing game wont push direction,0.5706,1
223538175,english,This game is perfect for those who don't want the violence.  It is a great way to take a break from the day.,1776522847,1776522847,True,0,0,0.5,False,0,True,False,game perfect dont want violence great way take break day,0.8973,1
223531995,english,"Game is very pleasant, music, atmosphere, pace, amount of things to do and try, several ways of playing.
The game feels rewarding enough to keep your interest.",1776518161,1776518161,True,0,0,0.5,False,0,True,False,game pleasant music atmosphere pace amount thing try several way playing game feel rewarding enough keep interest,0.8955,1
223526151,english,"cute, cozy, a lot of things to do and explore the map, i recommend it for sure<:",1776513069,1776513069,True,0,0,0.5,False,0,True,False,cute cozy lot thing explore map recommend sure,0.6705,1
223508568,english,"if i had the choice to sacrifice myself so that this game would be avaliable to the masses, i would.",1776493937,1776493937,True,0,0,0.5,False,0,True,False,choice sacrifice game would avaliable mass would,0.0,1
223507268,english,"This game takes me back to my youth, Harvest Moon 64 was such a good game, this just brings it to a level beyond what we all probably imagined back in the 90's.",1776492254,1776492254,True,0,0,0.5,False,0,True,False,game take back youth harvest moon good game brings level beyond probably imagined back,0.4404,1
223507263,english,One of my favorite games. Its a fun game that i can play for hours on end and still find new things. It is the perfect cozy game.,1776492246,1776492246,True,0,0,0.5,False,0,True,False,one favorite game fun game play hour end still find new thing perfect cozy game,0.9081,1
223505314,english,"I have bought this game on PC, mobile, and Switch. Absolutely worth supporting the dev of this game in aany way you can. Fantastic game!",1776489837,1776489837,True,0,0,0.5,False,0,True,False,bought game pc mobile switch absolutely worth supporting dev game aany way fantastic game,0.8505,1
223502986,english,Great game for people new to gaming while also having things for players with more experience to do. Really good game for playing with a partner as well.,1776486944,1776486944,True,0,0,0.5,False,0,True,False,great game people new gaming also thing player experience really good game playing partner well,0.8805,1
223499831,english,"playing this game is very relaxing. I really like it even though I'm still a beginner at this game. Nice game music, and nice 2D graphic.",1776483860,1776483860,True,0,0,0.5,False,0,True,False,playing game relaxing really like even though im still beginner game nice game music nice graphic,0.9178,1
223499509,english,"When I first bought the game, I didn't understand how any of it worked, but as I played longer and longer and worked for many ingame years, I understood more and more.",1776483495,1776483495,True,0,0,0.5,False,0,True,False,first bought game didnt understand worked played longer longer worked many ingame year understood,0.4767,1
223497659,english,"so fun and great with friends, I wish all achievements earned in co-op went to both players since it's a joint farm",1776481374,1776481374,True,0,0,0.5,False,0,True,False,fun great friend wish achievement earned coop went player since joint farm,0.9294,1
223489806,english,"Conffy, nice and relaxing game of farming",1776471744,1776471744,True,0,0,0.5,False,0,True,False,conffy nice relaxing game farming,0.7184,1
223482504,english,"the game is so cozy and pretty, it was just kinda boring for me after some time when i was playing alone but when i was playing with a friend it was way more fun 
i also really like the story and that it is possible to talk with everyone and unlock different stories depending on how often we talk with some characterss
",1776463184,1776463184,True,0,0,0.5,False,0,True,False,game cozy pretty kinda boring time playing alone playing friend way fun also really like story possible talk everyone unlock different story depending often talk characterss,0.9494,1
223481331,english,"Hands down one of the best games out there. Lots to do and not to do, depending on what you're looking for. The wiki is a must and a companion app is also helpful. I play through and then want to start again. I just don't get tired of playing it.",1776462043,1776462043,True,0,0,0.5,False,0,True,False,hand one best game lot depending youre looking wiki must companion app also helpful play want start dont get tired playing,0.917,1
223480635,english,"It may seem like I haven't spent that much time on this game, but I bought this on the nintendo switch, then played it on xbox for a while with gamepass, then bought it again so I could have it on my computer. So all of those hours  (which I mostly played on the xbox) combined. This game is super fun for singleplayer, and also fun to play with your friends. I love being able to interact and form relationships with the townsfolk and the story is great too. I've even considered gifting this game (when I never gift games) to my friend. Would and do reccomend",1776461358,1776461358,True,0,0,0.5,False,0,True,False,may seem like havent spent much time game bought nintendo switch played xbox gamepass bought could computer hour mostly played xbox combined game super fun singleplayer also fun play friend love able interact form relationship townsfolk story great ive even considered gifting game never gift game friend would reccomend,0.9928,1
223478000,english,genuinely the funnest indie game or game in general ive ever played,1776458844,1776458844,True,0,0,0.5,False,0,True,False,genuinely funnest indie game game general ive ever played,0.743,1
223477803,english,"This game is very well done, amazing to play, and holds up over time.",1776458654,1776458654,True,0,0,0.5,False,0,True,False,game well done amazing play hold time,0.8341,1
223476979,english,Stardew Valley is a really cozy game thats great for solo play or playing with friends,1776457954,1776457954,True,0,0,0.5,False,0,True,False,stardew valley really cozy game thats great solo play playing friend,0.886,1
223473237,english,"Made as an love letter to harvest moon, and ended up making the best version of it. 10/10 10 years later and still getting free content updates. Eat your heart out AAA gaming.",1776454594,1776454594,True,0,0,0.5,False,0,True,False,made love letter harvest moon ended making best version year later still getting free content update eat heart aaa gaming,0.9136,1
223462981,english,"Not the first ever comfy farming sim, but definitely one I would recommend.
Be it single- or multiplayer, I recommend playing it.

You can take your time at a comfortable pace or you can minmax the ♥♥♥♥ out of each and every day.
Play it however you want it.

Why can't I platonically raise children with Krobus tho...",1776446092,1776446092,True,0,0,0.5,False,0,True,False,first ever comfy farming sim definitely one would recommend single multiplayer recommend playing take time comfortable pace minmax every day play however want cant platonically raise child krobus tho,0.965,1
223461796,english,There is nothing quite like it. It is my go to cozy game to disassociate.,1776445160,1776445160,True,0,0,0.5,False,0,True,False,nothing quite like go cozy game disassociate,-0.3241,1
223456324,english,"Masterpiece Chillax Game, I Love it So MUCH. Highly Recomended to play before sleeping in night everyday.",1776441034,1776441069,True,0,0,0.5,False,0,True,False,masterpiece chillax game love much highly recomended play sleeping night everyday,0.8993,1
223451580,english,"Fun Farming game with a 90s feel. Love the background music and all the fun farm, mining and fishing adventures.",1776437478,1776437478,True,0,0,0.5,False,0,True,False,fun farming game feel love background music fun farm mining fishing adventure,0.9217,1
223439201,english,"I like being able to choose which challenges I work on and the order in which I work them.  The game moves at my pace; it does provide challenges but it is up to me whether to do them or not.  The fishing is probably the hardest part of the game.  I play on laptop using WASD.  I use both my mouse and keyboard for fishing.  It does get harder depending on the fish you're trying to catch.  All in all, it is an excellent game to just kick back and chill with.",1776426851,1776426851,True,0,0,0.5,False,0,True,False,like able choose challenge work order work game move pace provide challenge whether fishing probably hardest part game play laptop using wasd use mouse keyboard fishing get harder depending fish youre trying catch excellent game kick back chill,0.8807,1
223424684,english,One of the best game ever! I've been playing this game since 2016 and still playing it today. ConcernedApe is a rockstar!,1776409164,1776409164,True,0,0,0.5,False,0,True,False,one best game ever ive playing game since still playing today concernedape rockstar,0.8118,1
223422738,english,"Stardew Velly is a great cozy game, but also has plenty of content to keep you invested. At the moment I'm working towards 100% completion. There are also so many hidden details. Would love to see more furniture catalogues in future updates.",1776406478,1776406478,True,0,0,0.5,False,0,True,False,stardew velly great cozy game also plenty content keep invested moment im working towards completion also many hidden detail would love see furniture catalogue future update,0.8537,1
223421448,english,"The game is extremely relaxing and also a rewarding game as well. It's simple, but it's very satisfying. The game is cheap, especially for me and everybody else playing. You get dozens or even hundreds of hours of gameplay in that game. The free updates over the years were overwhelmingly good, and more free contents are adding more for relaxation! Absolutely, there are no microtransactions, only a complete cozy game to enjoy. It's not just a good game, but it's a comfort game for all people who want a cozy farming game like this.

If you are a casual player or a hardcore gamer, this game is for you to relax. Enjoy, and even chill by yourself, or if you have a friend with you to play this game!",1776404598,1776404598,True,0,0,0.5,False,0,True,False,game extremely relaxing also rewarding game well simple satisfying game cheap especially everybody else playing get dozen even hundred hour gameplay game free update year overwhelmingly good free content adding relaxation absolutely microtransactions complete cozy game enjoy good game comfort game people want cozy farming game like casual player hardcore gamer game relax enjoy even chill friend play game,0.9959,1
223420815,english,"I absolutely love playing this game! I don't usually get into games like these much. Like Minecraft for example I like playing it with friends, but I just can't get into it on my own cause I get bored after awhile. Same with Animal Crossing, I was superrr into it for awhileeee, but after playing it for a long time, I slowly stopped playing it until I barely touch it now. I ended up giving this game a chance solo and I absolutely love it!! I put so many hours in this game so quickly and I was literally addicted for a bit, but I've been more busy and I haven't been able to play it as much, but I highly recommend this great! 100000% worth the price and time!!! :D (also, I mostly play this game on my bf's PC which is the specs i attached, but this game doesn't take much at all and when I'm traveling I'll literally just bring my laptop which is basically just a chromebook and it runs just the same, which makes it so nice to not have to buy a steam deck and take my laptop to play this on the go!)",1776403660,1776403660,True,0,0,0.5,False,0,True,False,absolutely love playing game dont usually get game like much like minecraft example like playing friend cant get cause get bored awhile animal crossing superrr awhileeee playing long time slowly stopped playing barely touch ended giving game chance solo absolutely love put many hour game quickly literally addicted bit ive busy havent able play much highly recommend great worth price time also mostly play game bfs pc spec attached game doesnt take much im traveling ill literally bring laptop basically chromebook run make nice buy steam deck take laptop play go,0.9957,1
223418367,english,"phenomenal game, on my third playthrough and couldnt ask for more. be careful as this game is life ruiningly addictive and no amount of time played will be enough.",1776400288,1776400288,True,0,0,0.5,False,0,True,False,phenomenal game third playthrough couldnt ask careful game life ruiningly addictive amount time played enough,0.2682,1
223406056,english,"stardew valley was my escape game when i made the biggest mistake of my life after high school.

some person kept telling me to make maximum money but errhmm NO. for really i kinda just did whatever. the epic creator wants me to just be a little guy existing in the dirt with my chiggens.

shoutout to the wiki but like its so easy to sell one single rock to buy two seeds and then completely forget said seeds exist because of fish. i forgot to water the ancient fruit because i am too busy holding a seashell and staring at the villagers.

min maxing is pure propaganda. my farm is literally a minecraft dirt house. i parked my horsey next to the ghost rock where my grandpa lives and i never went back. the horsey and the ghost are best friends now.

this game is about living. i love it very much. if you do not love it that is fine goodbye.",1776382494,1776382494,True,0,0,0.5,False,0,True,False,stardew valley escape game made biggest mistake life high school person kept telling make maximum money errhmm really kinda whatever epic creator want little guy existing dirt chiggens shoutout wiki like easy sell one single rock buy two seed completely forget said seed exist fish forgot water ancient fruit busy holding seashell staring villager min maxing pure propaganda farm literally minecraft dirt house parked horsey next ghost rock grandpa life never went back horsey ghost best friend game living love much love fine goodbye,0.9281,1
223404751,english,"the game is pretty cool but adding mods makes a crazy dif. found out this is one caged-in community, every time, I am in a need for a new mode, there's always a ""questionable"" mode. No shame ;)",1776380689,1776380689,True,0,0,0.5,False,0,True,False,game pretty cool adding mod make crazy dif found one cagedin community every time need new mode there always questionable mode shame,-0.714,1
223402858,english,This game is super addictive. There's really something for anyone. It has wonderful pacing and worldbuilding.,1776378092,1776378092,True,0,0,0.5,False,0,True,False,game super addictive there really something anyone wonderful pacing worldbuilding,0.8225,1
223397220,english,"Adorable, nostalgic, high-quality animation. Whimsical music. A variety of story lines to explore and choose from, giving the game good replay-value. Satisfying tasks and routines. Slow, relaxing pacing for laid back gameplay. Super cute and fun game. Really sweet.",1776371595,1776371595,True,0,0,0.5,False,0,True,False,adorable nostalgic highquality animation whimsical music variety story line explore choose giving game good replayvalue satisfying task routine slow relaxing pacing laid back gameplay super cute fun game really sweet,0.9808,1
223385003,english,"Love the game a lot, it's very cozy however sometimes with the 3 year timeline you feel like you are on a time crunch even though you must realize that you actually have a lot of time",1776359378,1776359378,True,0,0,0.5,False,0,True,False,love game lot cozy however sometimes year timeline feel like time crunch even though must realize actually lot time,0.7717,1
223383010,english,"Literally downloaded this game two weeks ago and have logged over 40 hours already. For a cozy game, it really puts you in the grindset (I will finish the community center and marry Harvy)",1776357363,1776357363,True,0,0,0.5,False,0,True,False,literally downloaded game two week ago logged hour already cozy game really put grindset finish community center marry harvy,0.0,1
223376282,english,"---{ Graphics }---
☐ You forget what reality is
☐ Beautiful
☑ Good
☐ Decent
☐ Bad
☐ Don‘t look too long at it
☐ MS-DOS

---{ Gameplay }---
☑ Very good
☐ Good
☐ It's just gameplay
☐ Mehh
☐ Watch paint dry instead
☐ Just don't

---{ Audio }---
☐ Eargasm
☑ Very good
☐ Good
☐ Not too bad
☐ Bad
☐ I'm now deaf

---{ Audience }---
☐ Kids
☑ Teens
☑ Adults
☐ Grandma

---{ PC Requirements }---
☐ Check if you can run paint
☐ Potato
☑ Decent
☐ Fast
☐ Rich boi
☐ Ask NASA if they have a spare computer

---{ Game Size }---
☐ Floppy Disk
☑ Old Fashioned
☐ Workable
☐ Big
☐ Will eat 15% of your 1TB hard drive
☐ You will want an entire hard drive to hold it
☐ You will need to invest in a black hole to hold all the data

---{ Difficulty }---
☐ Just press 'W'
☐ Easy
☑ Easy to learn / Hard to master
☐ Significant brain usage
☐ Difficult
☐ Dark Souls

---{ Grind }---
☐ Nothing to grind
☑ Only if u care about leaderboards/ranks
☐ Isn't necessary to progress
☐ Average grind level
☐ Too much grind
☐ You'll need a second life for grinding

---{ Story }---
☐ No Story
☐ Some lore
☐ Average
☐ Good
☑ Lovely
☐ It'll replace your life

---{ Game Time }---
☐ Long enough for a cup of coffee
☐ Short
☐ Average
☑ Long
☐ To infinity and beyond

---{ Price }---
☐ It's free!
☑ Worth the price
☐ If it's on sale
☐ If u have some spare money left
☐ Not recommended
☐ You could also just burn your money

---{ Bugs }---
☐ Never heard of
☑ Minor bugs
☐ Can get annoying
☐ ARK: Survival Evolved
☐ The game itself is a big terrarium for bugs

---{ ? / 10 }---
☐ 1
☐ 2
☐ 3
☐ 4
☐ 5
☐ 6
☐ 7
☐ 8
☐ 9
☑ 10

---{ Author }---
☑ https://vojtastruhar.github.io/steam-review-template",1776350843,1776350843,True,0,0,0.5,False,0,True,False,graphic forget reality beautiful good decent bad dont look long msdos gameplay good good gameplay mehh watch paint dry instead dont audio eargasm good good bad bad im deaf audience kid teen adult grandma pc requirement check run paint potato decent fast rich boi ask nasa spare computer game size floppy disk old fashioned workable big eat tb hard drive want entire hard drive hold need invest black hole hold data difficulty press w easy easy learn hard master significant brain usage difficult dark soul grind nothing grind u care leaderboardsranks isnt necessary progress average grind level much grind youll need second life grinding story story lore average good lovely itll replace life game time long enough cup coffee short average long infinity beyond price free worth price sale u spare money left recommended could also burn money bug never heard minor bug get annoying ark survival evolved game big terrarium bug author httpsvojtastruhargithubiosteamreviewtemplate,0.9774,1
223373386,english,"It's cheap, fun, and every time you play you can get a different outcome! Only issue is that you can't date Willy...",1776347855,1776347855,True,0,0,0.5,False,0,True,False,cheap fun every time play get different outcome issue cant date willy,0.7177,1
223368234,english,"For me, this is the perfect game to occupy my time while listening to something, and if I need to direct my attention to elsewhere, it's a simple pause.  It's kinda like playing solitaire for me, because I just enjoy doing the daily chores and don't really persue relationships.  You don't incur any penalties for not marrying someone, so it's kinda perfect.

If you're goal oriented and want to ""win"", that's still an option for you.  Whoever you are, there's enough in the game to encourage you to explore and achieve certain goals, or all of them at your own pace.",1776342136,1776342136,True,0,0,0.5,False,0,True,False,perfect game occupy time listening something need direct attention elsewhere simple pause kinda like playing solitaire enjoy daily chore dont really persue relationship dont incur penalty marrying someone kinda perfect youre goal oriented want win thats still option whoever there enough game encourage explore achieve certain goal pace,0.9585,1
223360545,english,"This is my second time giving this game a try. I originally tried it on my switch but just couldnt get the hang of it so quit after a few hours, but i decided to give it a try on my macbook and im quite enjoying it so far. I still need to get used to the WASD controls since im more used to using controllers then keyboards but other than that ive having a good time so far. I feel less frustrated with the game this time around.",1776330289,1776330289,True,0,0,0.5,False,0,True,False,second time giving game try originally tried switch couldnt get hang quit hour decided give try macbook im quite enjoying far still need get used wasd control since im used using controller keyboard ive good time far feel less frustrated game time around,0.7528,1
223356716,english,I wrote this game off for years. I heard the buzz and figured it was not for me. Well I was wrong. This game is peak. It is the hybrid between Terraria and Minecraft that I have been craving for a decade! 30 hours deep and I plan to spend 200 more.,1776323863,1776323863,True,0,0,0.5,False,0,True,False,wrote game year heard buzz figured well wrong game peak hybrid terrarium minecraft craving decade hour deep plan spend,-0.6377,1
223349663,english,"I thought this would be a fun little casual game, which it is, but I'm casually playing it for 3-4 hours at  time...",1776311029,1776311029,True,0,0,0.5,False,0,True,False,thought would fun little casual game im casually playing hour time,0.6862,1
223347668,english,Absolutely goated game. Could not recommend a better game to play with your siblings (siblings specifically).,1776307875,1776307875,True,0,0,0.5,False,0,True,False,absolutely goated game could recommend better game play sibling sibling specifically,-0.2769,1
223344352,english,this game is great fun to play with my kid. this was the first computer game we got her and she loves it.,1776302976,1776302976,True,0,0,0.5,False,0,True,False,game great fun play kid first computer game got love,0.926,1
223344192,english,"i like this game because it allows you to do things at your own pace. If you enjoy animal crossing:new horizions, or wii, you will like this game. It almost reminds me of the academic game, ""prodigy"". I really really enjoy this game. :)",1776302783,1776302783,True,0,0,0.5,False,0,True,False,like game allows thing pace enjoy animal crossingnew horizions wii like game almost reminds academic game prodigy really really enjoy game,0.9246,1
223342914,english,"It's alright. The dating aspect is better if you buy into the characters, but even setting that aside, the gameplay loop is very solid.",1776300881,1776300881,True,0,0,0.5,False,0,True,False,alright dating aspect better buy character even setting aside gameplay loop solid,0.5844,1
223340348,english,best game ever i dont see why everyone says its for girls just play it. you wont regret it,1776296932,1776296932,True,0,0,0.5,False,0,True,False,best game ever dont see everyone say girl play wont regret,0.8373,1
223339157,english,"Incredible game both as co-op and solo. So much depth and replay value. Something for everyone - mines if you like dungeon crawlers / ARPG, light dating sim for those who appreciate that, fishing, animal crossing-esque home + farm decoration, dopamine treadmill. Hard to put down.",1776295159,1776295159,True,0,0,0.5,False,0,True,False,incredible game coop solo much depth replay value something everyone mine like dungeon crawler arpg light dating sim appreciate fishing animal crossingesque home farm decoration dopamine treadmill hard put,0.7351,1
223334047,english,I absolutely adore Stardew Valley and would play it forever honestly. ConcernedApe outdid himself with this game and I know him and his team will continue to do amazing things!,1776288207,1776288207,True,0,0,0.5,False,0,True,False,absolutely adore stardew valley would play forever honestly concernedape outdid game know team continue amazing thing,0.9244,1
223329813,english,Fun game. Good rest if you play something stressful. Relaxing 100% recommend much better with friends,1776283433,1776283433,True,0,0,0.5,False,0,True,False,fun game good rest play something stressful relaxing recommend much better friend,0.9432,1
223328062,english,"I really enjoyed the calm aspect of the game, not to say there was a lack of action to it but it was well adapt to go at your own pace instead of following a set path. I think this really helped it connect a wide net of people instead of just the cozy game enjoyers.",1776281523,1776281523,True,0,0,0.5,False,0,True,False,really enjoyed calm aspect game say lack action well adapt go pace instead following set path think really helped connect wide net people instead cozy game enjoyer,0.8548,1
223323748,english,"2,000 hours in just over two years. I'm obsessed. I love this game. I've gotten three other friends on this game and I try to convince anyone I meet to play. This game is the best.",1776277086,1776277086,True,0,0,0.5,False,0,True,False,hour two year im obsessed love game ive gotten three friend game try convince anyone meet play game best,0.9349,1
223323119,english,"Even though i have 6 hrs in the pc version i have over 200hrs in the moblie version, this game is one of the best games ive ever played and ever spent my time on its soo fun and it has alot of fun things to do and when u 100% game it feels sooo rewarding and it makes u rethink how good this game is. Concerned Ape i must say u really coocked with this game!",1776276443,1776276443,True,0,0,0.5,False,0,True,False,even though hr pc version hr moblie version game one best game ive ever played ever spent time soo fun alot fun thing u game feel sooo rewarding make u rethink good game concerned ape must say u really coocked game,0.9628,1
223318902,english,"10/10

Farm, food, animal, tree, seasons, socializing with fictional characters.
Need I say more?

Also, it's on the PS Vita!",1776272141,1776272141,True,0,0,0.5,False,0,True,False,farm food animal tree season socializing fictional character need say also p vita,0.0,1
223317296,english,"What can i say that a million other people haven't already said. So ill just give my exact opinion. Buy this game. It got me through so many harsh times in my life. Every time i was upset, depressed or anything hurting me i could just boot this up and feel happy. So please do yourself a favorite. Buy this game. Its nearly the same price as a Big Mac Meal. Its worth it.",1776270573,1776270573,True,0,0,0.5,False,0,True,False,say million people havent already said ill give exact opinion buy game got many harsh time life every time upset depressed anything hurting could boot feel happy please favorite buy game nearly price big mac meal worth,-0.5688,1
223309075,english,"Played this on mobile half a decade ago, and it quickly became more than just a game. I shared a lot of moments talking about it with friends, classmates, and especially my younger sister. I loved everything. The story, farming, relationships, marriage, and the lively seasonal events. It always felt calm but full of life. Now that I own it on PC, I get to play it together with my sister, not just talk about it. It feels nostalgic but even better. Definitely one of the games I love.",1776262425,1776262425,True,0,0,0.5,False,0,True,False,played mobile half decade ago quickly became game shared lot moment talking friend classmate especially younger sister loved everything story farming relationship marriage lively seasonal event always felt calm full life pc get play together sister talk feel nostalgic even better definitely one game love,0.9771,1
223307559,english,"Great game, played and reached ""perfection"" in the IOS version but still have the excitement to play this game on PC, because it is awesomely good and relaxing.",1776260891,1776260891,True,0,0,0.5,False,0,True,False,great game played reached perfection io version still excitement play game pc awesomely good relaxing,0.9638,1
223304326,english,Very good change for a person who usually play chaotic of fps games.,1776256943,1776256943,True,0,0,0.5,False,0,True,False,good change person usually play chaotic fps game,0.3384,1
223301030,english,"Amazing game, can run on a PC worse than a potato, Leah is the best romance option and I will stand by that.",1776252291,1776252291,True,0,0,0.5,False,0,True,False,amazing game run pc worse potato leah best romance option stand,0.8591,1
223298720,english,"sort of has a 90s/early 2000s animation style with the pixelation which I love, its a super cute game and really easy to figure out as a beginner!",1776248555,1776248555,True,0,0,0.5,False,0,True,False,sort searly animation style pixelation love super cute game really easy figure beginner,0.9391,1
223297428,english,"Stardew Valley is such a relaxing and charming game. The cozy art, peaceful music and freedom to play at your own pace make it the perfect escape. Whether you’re farming, exploring or getting to know the townspeople, it always feels rewarding (especially if you enjoy playing with mods, which add even more depth and creativity). Definitely one of those games you can keep coming back to.",1776246307,1776246307,True,0,0,0.5,False,0,True,False,stardew valley relaxing charming game cozy art peaceful music freedom play pace make perfect escape whether youre farming exploring getting know townspeople always feel rewarding especially enjoy playing mod add even depth creativity definitely one game keep coming back,0.9853,1
223296988,english,"Its super cozy and fun to play, my favorite parts of the game are decorating the valley (and my farm) and the bachelors and bachelorettes. great rec for all the people who play terreria (stardew valley is like a more lowkey farming version and the style is VERY similar)",1776245453,1776245453,True,0,0,0.5,False,0,True,False,super cozy fun play favorite part game decorating valley farm bachelor bachelorette great rec people play terreria stardew valley like lowkey farming version style similar,0.9666,1
223294880,english,"This is a slow-paced but highly-addictive game. Certain tasks can feel very tedious when repeated daily, but the interactions with the villagers help make each day feel unique and immerse you as a resident of the town and part of a vibrant rural community. There's also an extensive list of crops, lifestyle choices and relationship dynamics to pick from in each playthrough, so I look forward to seeing what the game has to offer me from here on out (:",1776241762,1776241798,True,0,0,0.5,False,0,True,False,slowpaced highlyaddictive game certain task feel tedious repeated daily interaction villager help make day feel unique immerse resident town part vibrant rural community there also extensive list crop lifestyle choice relationship dynamic pick playthrough look forward seeing game offer,0.9568,1
223294380,english,"Peak. I have bought this game at least three separate times on multiple different platforms and I have most definitely sunk more than the 250 hours I have on Steam into playing this game for about 10 years of my life. There is no game that I love more dearly than Stardew, and everything about it is immaculate. I would buy it 10 times again just to support Concerned Ape because I love this game so much and all the hard work he has put into it.

There is no better farming sim or cozy village game you will ever find than Stardew, and at the same time it is by far the most intense, cutthroat and life consuming game you will ever play. Your intensity and enjoyment is entirely up to you, I simply play the game like a complete masochist and torture myself into achieving complete optimization.

Also Elliot is the best bachelor in the game and I will not be taking any criticism. Anyone who objects will be run over by my horse wearing a sun hat.

10 million iridium bars/10, just waiting to have an update where we can storm the Joja HQ in the big city.",1776240755,1776240755,True,0,0,0.5,False,0,True,False,peak bought game least three separate time multiple different platform definitely sunk hour steam playing game year life game love dearly stardew everything immaculate would buy time support concerned ape love game much hard work put better farming sim cozy village game ever find stardew time far intense cutthroat life consuming game ever play intensity enjoyment entirely simply play game like complete masochist torture achieving complete optimization also elliot best bachelor game taking criticism anyone object run horse wearing sun hat million iridium bar waiting update storm joja hq big city,0.9773,1
223293891,english,"While playing with my wife, I noticed that if she'd already selected a building from Robin, I could spend all our money and the building would still start (for free). Apparently, the process of withdrawing money in the game isn't atomic, and it's better to protect such operations with a mutex. I didn't know where i can reporting the bug, so I'll just leave it here.",1776239780,1776239780,True,0,0,0.5,False,0,True,False,playing wife noticed shed already selected building robin could spend money building would still start free apparently process withdrawing money game isnt atomic better protect operation mutex didnt know reporting bug ill leave,0.7037,1
223289865,english,Relaxing and enjoyable game to play alone or with friends.,1776231459,1776231459,True,0,0,0.5,False,1,True,False,relaxing enjoyable game play alone friend,0.8625,1
223289834,english,Didn't think I liked video games until I tried Stardew one day.... it opened my eyes to the world of cozy games and has brought me so much joy!,1776231393,1776231393,True,0,0,0.5,False,0,True,False,didnt think liked video game tried stardew one day opened eye world cozy game brought much joy,0.4657,1
223287449,english,"Started playing in 2026. I had left video games for years and decided to get back into them. I wanted something chill and chill this is. A bit of escapism never hurt anybody, but this gets addictive and I end up playing 2 hours over what I had set aside for it. Oh well...",1776226919,1776226919,True,0,0,0.5,False,0,True,False,started playing left video game year decided get back wanted something chill chill bit escapism never hurt anybody get addictive end playing hour set aside oh well,0.5405,1
223287251,english,"One of the most fun farming games I’ve ever played. At first it looks simple, but the longer you play, the more you realize how deep it actually is--- it’s packed with content. There’s so much to do besides farming—like mining, fishing, and getting to know the villagers, who all have their own stories. Compared to other farming games, this one feels way more alive and never really gets boring.",1776226593,1776226593,True,0,0,0.5,False,0,True,False,one fun farming game ive ever played first look simple longer play realize deep actually packed content there much besides farminglike mining fishing getting know villager story compared farming game one feel way alive never really get boring,0.9134,1
223283864,english,"Super cute, cozy game. Besides the cozy farming, and doing quests, there is so much life in each character and so much town lore. You can have pets, marry a cute town folk, play Co-Op, mine, design, fight monsters, unlock another island, and it soooo much story to it. It's a cute cozy game that I love to play to wind down and explore. Would recommend <3
",1776220969,1776220969,True,0,0,0.5,False,0,True,False,super cute cozy game besides cozy farming quest much life character much town lore pet marry cute town folk play coop mine design fight monster unlock another island soooo much story cute cozy game love play wind explore would recommend,0.9741,1
223281370,english,"This game is perfect it has farming, fishing, hot men, hot women, fighting, literally all that you can ask for. Only thing I want is a murder mechanic.",1776217228,1776217228,True,0,0,0.5,False,0,True,False,game perfect farming fishing hot men hot woman fighting literally ask thing want murder mechanic,-0.4939,1
223277066,english,best most realistic unrealistic farming sim,1776210977,1776210977,True,0,0,0.5,False,0,True,False,best realistic unrealistic farming sim,0.6369,1
223270954,english,Very chill and relaxing game. I literally get lost in this game for HOURS at a go.,1776202754,1776202754,True,0,0,0.5,False,0,True,False,chill relaxing game literally get lost game hour go,0.2878,1
223270251,english,"First time leaving a review on Steam, and nothing really has to be said here. This game is incredible, and it has changed my life.",1776201909,1776201909,True,0,0,0.5,False,0,True,False,first time leaving review steam nothing really said game incredible changed life,0.0,1
223267255,english,"Slept on this game for a while, little did I know it would scratch an itch Animal Crossing would leave me with.",1776198654,1776198654,True,0,0,0.5,False,0,True,False,slept game little know would scratch itch animal crossing would leave,-0.0516,1
223265494,english,"Stardew Valley is my favorite game by a mile, I play quite a lot of different games but this one is always the one I come back to when I want to play a and relax. The games always has something else you can do on it and something to improve, and it also doesn't demand you to do right away so you can go slow or fast is up to you. I would recommend to anyone that is interested, it is for sure worth it!!",1776196830,1776196830,True,0,0,0.5,False,0,True,False,stardew valley favorite game mile play quite lot different game one always one come back want play relax game always something else something improve also doesnt demand right away go slow fast would recommend anyone interested sure worth,0.9802,1
223264166,english,"I bought this a week ago... I now have 40 hours in this game... I saw a couple videos on the game over the last ten years, never really felt like playing it until I really needed to calm down: this is so relaxing that I might have gotten addicted.",1776195364,1776195364,True,0,0,0.5,False,1,True,False,bought week ago hour game saw couple video game last ten year never really felt like playing really needed calm relaxing might gotten addicted,0.7527,1
223256421,english,This game so fun and is very aesthetically pleasing to play. So fun to play with friends.,1776187943,1776187943,True,0,0,0.5,False,0,True,False,game fun aesthetically pleasing play fun play friend,0.9641,1
223254313,english,"Just made it to year 3. Would definitely recommend to others especially those who do 2-player coop. Always a fun time (except when trying to do the quest to beat 50,000 in junimo cart).",1776185879,1776185879,True,0,0,0.5,False,0,True,False,made year would definitely recommend others especially player coop always fun time except trying quest beat junimo cart,0.8176,1
223253722,english,"Very light game even with mods (60fps smoothly), gameplay is very good for a chill gaming night, no stress, you can play or archive the goal later (personaly absolute love this!). Great sound design, so many feature and easter eggs for you to not get bored quick. 10/10",1776185298,1776185298,True,0,0,0.5,False,0,True,False,light game even mod fps smoothly gameplay good chill gaming night stress play archive goal later personaly absolute love great sound design many feature easter egg get bored quick,0.9,1
223249821,english,"The Bottom Line: A 9.5/10 cozy masterpiece. A brilliant blend of farming, exploration, and life simulation that serves as the perfect low-stress ""fall back"" game when you just want to relax.

The ""Crunch"" (Mechanics & Activities): The genius of this game lies in how much freedom it gives you. It plays like a mix between a farming simulator and Minecraft, but with surprisingly deep RPG elements. You can spend your days optimizing massive crop layouts, delving deep into the mines to fight monsters for ore, or simply fishing. While the overarching genre might not be for everyone, the sheer variety of mechanics ensures that almost any type of player can find a gameplay loop they enjoy.

The ""Flow"" (Pacing & World Building): The pacing is entirely self-directed, which is what makes it the ultimate ""chill"" gaming experience. You start as a city-dweller escaping to your late grandfather's farm, but as you begin helping the town, the world opens up. The relationship system is exceptionally well done—befriending different townsfolk unlocks unique character arcs and reveals new, often mysterious, layers to the town and its surrounding areas. There is no rush or intense pressure, allowing you to just sit back and exist in the world.

The Setup (Hardware & Routine): Flawless on the Steam Deck. It is the absolute perfect title to keep installed as a palette cleanser for when you want to spend an afternoon gaming but don't have the mental energy for high-intensity, mechanically demanding titles",1776181699,1776181699,True,0,0,0.5,False,0,True,False,bottom line cozy masterpiece brilliant blend farming exploration life simulation serf perfect lowstress fall back game want relax crunch mechanic activity genius game lie much freedom give play like mix farming simulator minecraft surprisingly deep rpg element spend day optimizing massive crop layout delving deep mine fight monster ore simply fishing overarching genre might everyone sheer variety mechanic ensures almost type player find gameplay loop enjoy flow pacing world building pacing entirely selfdirected make ultimate chill gaming experience start citydweller escaping late grandfather farm begin helping town world open relationship system exceptionally well donebefriending different townsfolk unlocks unique character arc reveals new often mysterious layer town surrounding area rush intense pressure allowing sit back exist world setup hardware routine flawless steam deck absolute perfect title keep installed palette cleanser want spend afternoon gaming dont mental energy highintensity mechanically demanding title,0.9859,1
223239988,english,I've played this on both my PC and Steamdeck and its such a peaceful game. You can easily lose hours into it. It is the perfect game to play on the sofa on the Steamdeck after a long day.,1776171548,1776171548,True,0,0,0.5,False,0,True,False,ive played pc steamdeck peaceful game easily lose hour perfect game play sofa steamdeck long day,0.886,1
223228525,english,"Its a great game, but i fell like you need mods to truly enjoy it. Like to make the days longer, to get rid of fishing mini game ( trust me after catching 100 fish it gets really annoying ) Another mod to look up info about things. ",1776154167,1776700787,True,0,0,0.5,False,0,True,False,great game fell like need mod truly enjoy like make day longer get rid fishing mini game trust catching fish get really annoying another mod look info thing,0.9563,1
223227461,english,"I have this game on PC, the Nintendo Switch and on Playstation. I've poured hundreds of hours into it on all platforms and wouldn't be surprised if I am well into 1000+ hours. This game is amazing and nothing comes close to scratching the same itch.

Plus there's an insane amount of mods and the modding community is unbelievably active even after 10 years.",1776152015,1776152522,True,0,0,0.5,False,0,True,False,game pc nintendo switch playstation ive poured hundred hour platform wouldnt surprised well hour game amazing nothing come close scratching itch plus there insane amount mod modding community unbelievably active even year,0.6733,1
223222762,english,"Great game, chill, fun, single player or with a friend(s).",1776142643,1776142643,True,0,0,0.5,False,0,True,False,great game chill fun single player friend,0.8126,1
223221219,english,"Game is fun and relaxing, was recommended to help with my ADHD.",1776139721,1776139721,True,0,0,0.5,False,0,True,False,game fun relaxing recommended help adhd,0.875,1
223220630,english,"Whenever I feel bad, I open it up and play for an hour, it never gets boring.",1776138673,1776138673,True,0,0,0.5,False,0,True,False,whenever feel bad open play hour never get boring,-0.0356,1
223198269,english,"Pros: very relaxing game, no real negative outcomes if you miss something or fail a challenge other than having to wait until next year round. Lots to do and focus on.
Cons: time goes by pretty quickly so time management is a very real thing.  several things arent as obvious or easilly understood right away so if you arent against it the internet is very useful in this aspect",1776107950,1776107950,True,0,0,0.5,False,0,True,False,pro relaxing game real negative outcome miss something fail challenge wait next year round lot focus con time go pretty quickly time management real thing several thing arent obvious easilly understood right away arent internet useful aspect,-0.0201,1
223197983,english,"10/10

One of the first games that introduced me to the genre that totally consumed my life. This game is filled with expansion levels of content and still being updated. There's a large amount of people with a variety of personalities and events, a variety of skills with perks, the farm upgrades and add ons give you something to keep working towards with plenty of room for customization, huge caves to explore, and lots of stuff to collect.",1776107648,1776113301,True,0,0,0.5,False,0,True,False,one first game introduced genre totally consumed life game filled expansion level content still updated there large amount people variety personality event variety skill perk farm upgrade add ons give something keep working towards plenty room customization huge cave explore lot stuff collect,0.3182,1
223197494,english,apparently this can be a relaxing game; I'm just having a super stressful time with it. Completely addictive,1776107152,1776107152,True,0,0,0.5,False,0,True,False,apparently relaxing game im super stressful time completely addictive,0.5859,1
223193977,english,"id rather rip out my own ♥♥♥♥♥♥♥ kidney than give up the sexual tension ive got with that stupid ♥♥♥♥♥♥♥ jock, this game is perfect in everyway except the fact that i cant cause the married people to go through divorces and steal some of these ladies husbands.",1776103542,1776103542,True,0,0,0.5,False,1,True,False,id rather rip kidney give sexual tension ive got stupid jock game perfect everyway except fact cant cause married people go divorce steal lady husband,-0.6369,1
223192271,english,"I have bought Stardew on every platform I own (so, Steam and Switch). 

So many hours, so much fun. 100%'d it with friends who were there with me the entire time.",1776101800,1776101800,True,0,0,0.5,False,0,True,False,bought stardew every platform steam switch many hour much fun friend entire time,0.7703,1
223190598,english,i've never been so lost in the sauce before... i didnt really want to download it at first wondering how good can it really be... for a game to be 500mb and have this much depth .. 10/10 man you just have to try it to understand me.,1776100032,1776100032,True,0,0,0.5,False,0,True,False,ive never lost sauce didnt really want download first wondering good really game mb much depth man try understand,-0.1356,1
223186612,english,"Good game.
Pickled shrooms.
No good spouse.
Get over sebastian/abigail.
Plant more corn.",1776095981,1776095981,True,0,0,0.5,False,2,True,False,good game pickled shrooms good spouse get sebastianabigail plant corn,0.5574,1
223178687,english,"
---{ Graphics }---
☐ You forget what reality is
☐ Beautiful
☑ Good
☐ Decent
☐ Bad
☐ Don‘t look too long at it
☐ MS-DOS

---{ Gameplay }---
☐ Very good
☑ Good
☐ It's just gameplay
☐ Mehh
☐ Watch paint dry instead
☐ Just don't

---{ Audio }---
☑ Eargasm
☐ Very good
☐ Good
☐ Not too bad
☐ Bad
☐ I'm now deaf

---{ Audience }---
☑ Kids
☑ Teens
☑ Adults
☑ Grandma

---{ PC Requirements }---
☑ Check if you can run paint
☐ Potato
☐ Decent
☐ Fast
☐ Rich boi
☐ Ask NASA if they have a spare computer

---{ Game Size }---
☑ Floppy Disk
☐ Old Fashioned
☐ Workable
☐ Big
☐ Will eat 15% of your 1TB hard drive
☐ You will want an entire hard drive to hold it
☐ You will need to invest in a black hole to hold all the data

---{ Difficulty }---
☐ Just press 'W'
☑ Easy
☐ Easy to learn / Hard to master
☐ Significant brain usage
☐ Difficult
☐ Dark Souls

---{ Grind }---
☐ Nothing to grind
☐ Only if u care about leaderboards/ranks
☑ Isn't necessary to progress
☐ Average grind level
☐ Too much grind
☐ You'll need a second life for grinding

---{ Story }---
☐ No Story
☐ Some lore
☐ Average
☐ Good
☑ Lovely
☐ It'll replace your life

---{ Game Time }---
☐ Long enough for a cup of coffee
☐ Short
☐ Average
☐ Long
☑ To infinity and beyond

---{ Price }---
☐ It's free!
☑ Worth the price
☐ If it's on sale
☐ If u have some spare money left
☐ Not recommended
☐ You could also just burn your money

---{ Bugs }---
☑ Never heard of
☐ Minor bugs
☐ Can get annoying
☐ ARK: Survival Evolved
☐ The game itself is a big terrarium for bugs

---{ ? / 10 }---
☐ 1
☐ 2
☐ 3
☐ 4
☐ 5
☐ 6
☐ 7
☐ 8
☐ 9
☑ 10

Is Stardew Valley one of the most iconic games of all time? Heck yeah! When it comes to the entire farming and life sim genre, Stardew Valley inspires almost every other game that releases in the same space at this point. With how many platforms the game is available on, it's attracted one of the most varied player bases in gaming history. In terms of the pantheon of games that set the standard in this genre like Animal Crossing and the Harvest Moon series, Stardew Valley carved itself into gaming history with it's own addictive gameplay cycle.

The advantages of playing on PC instead of other platforms is that you'll get updates first that can take months to arrive on others. The developer (ConcernedApe) continues to pour love into the game for the community, long past the release date that's officially a decade at this point. Even when working on new games, they ensure that the game continues to evolve for new playerthroughs or staying relevant for new players.

The gameplay loop that I mentioned being so addictive is entirely up to you to decide upon. Are you interested in combat? Mining and making your own weapons and armor sets make it so that you can take on enemies within ""dungeons"" and caves to get treasure to empower yourself and your pouch of money for other things in the game. 

Not as interested in the combat? You can still focus on mining without being too pressured on becoming some variant of fighter. You can also focus on farming, survival, or fishing to make your character and playstyle your own on the farm that you inherit at the beginning of the game. It starts off small, unattended, and overgrown --- but you can transform it into whatever you want it to be over the time of the game. Crops everywhere? You can do it! Making an animal farm and selling food? You can do that too! Are you interested in everything? You can be a jack of all trades and master every part of the game.

Relationships and friendships are enjoyable little quirky storylines that show off the depth of each character that you may initially judge differently based upon first impressions. The further you increase these level of ""friendship"" with others in town, the different in dialogue that you get from different characters. Getting friendship level to max allows you to choose your different bachelors or bachelorettes to marry that also include different dialogue depending on what you wish to do each playthrough. You can even have kids!

The different seasons in the game ensure that you have something different to do during each part of the year. With different holidays and community events that are enjoyable to take part in to learn more of the story of your village and farm. Help restore the town, or allow the ""evil"" Joja Corporation to take over and industrialize the simple farming town. No matter what you choose to do, your playthrough will be unique each time because of these events and choices.

The modding community for the game is also significantly impressive with how you can change just about anything in the game. You can also choose to play entirely unmodded for an immersive playthrough without extra bells and whistles. The fact that the mods are there is always an enticing thing to do to change playthroughs even more. Or, maybe, you just want the portraits to look different than the games artstyle. You really can change just about **anything** in the game through this mods people create. 

This is probably one of the best Steam Deck games that you can have in your library and lose hours to before you realize it's time to take a break. It also uses very little battery, so you'll end up playing it for way longer than expected before your Steam Deck needs a recharge. 

All and All, I don't think your Steam Library (or any console library) is complete without adding Stardew Valley to it. People that have never even been interested in this genre before have given the game a whirl and ended up enjoying it without expecting to. The game is so cheap that it's worth buying when it's not even on sale (and when it is, it's one of the best deals in gaming you'll ever purchase).",1776087990,1776087990,True,0,0,0.5,False,0,True,False,graphic forget reality beautiful good decent bad dont look long msdos gameplay good good gameplay mehh watch paint dry instead dont audio eargasm good good bad bad im deaf audience kid teen adult grandma pc requirement check run paint potato decent fast rich boi ask nasa spare computer game size floppy disk old fashioned workable big eat tb hard drive want entire hard drive hold need invest black hole hold data difficulty press w easy easy learn hard master significant brain usage difficult dark soul grind nothing grind u care leaderboardsranks isnt necessary progress average grind level much grind youll need second life grinding story story lore average good lovely itll replace life game time long enough cup coffee short average long infinity beyond price free worth price sale u spare money left recommended could also burn money bug never heard minor bug get annoying ark survival evolved game big terrarium bug stardew valley one iconic game time heck yeah come entire farming life sim genre stardew valley inspires almost every game release space point many platform game available attracted one varied player base gaming history term pantheon game set standard genre like animal crossing harvest moon series stardew valley carved gaming history addictive gameplay cycle advantage playing pc instead platform youll get update first take month arrive others developer concernedape continues pour love game community long past release date thats officially decade point even working new game ensure game continues evolve new playerthroughs staying relevant new player gameplay loop mentioned addictive entirely decide upon interested combat mining making weapon armor set make take enemy within dungeon cave get treasure empower pouch money thing game interested combat still focus mining without pressured becoming variant fighter also focus farming survival fishing make character playstyle farm inherit beginning game start small unattended overgrown transform whatever want time game crop everywhere making animal farm selling food interested everything jack trade master every part game relationship friendship enjoyable little quirky storyline show depth character may initially judge differently based upon first impression increase level friendship others town different dialogue get different character getting friendship level max allows choose different bachelor bachelorette marry also include different dialogue depending wish playthrough even kid different season game ensure something different part year different holiday community event enjoyable take part learn story village farm help restore town allow evil joja corporation take industrialize simple farming town matter choose playthrough unique time event choice modding community game also significantly impressive change anything game also choose play entirely unmodded immersive playthrough without extra bell whistle fact mod always enticing thing change playthroughs even maybe want portrait look different game artstyle really change anything game mod people create probably one best steam deck game library lose hour realize time take break also us little battery youll end playing way longer expected steam deck need recharge dont think steam library console library complete without adding stardew valley people never even interested genre given game whirl ended enjoying without expecting game cheap worth buying even sale one best deal gaming youll ever purchase,0.9984,1
223171124,english,"⭐⭐⭐⭐⭐
Stardew Valley is exactly the kind of indie game I love. It’s crazy how a game that’s less than 1 GB can have such a huge amount of things to do. Farming, mining, fishing, building relationships, exploring, decorating, and so much more—it never feels empty.

The world feels vast and alive, the NPCs all have personality, and the storyline is surprisingly charming. Everything has that cozy and cute vibe that makes it hard to stop playing.

A masterpiece that proves you don’t need massive storage for a massive experience.
",1776078365,1776078365,True,0,0,0.5,False,0,True,False,stardew valley exactly kind indie game love crazy game thats less gb huge amount thing farming mining fishing building relationship exploring decorating much moreit never feel empty world feel vast alive npc personality storyline surprisingly charming everything cozy cute vibe make hard stop playing masterpiece prof dont need massive storage massive experience,0.9617,1
223159473,english,"I had to be talked into this game...  The thought of playing low-res games like this and Terraria never seemed terribly appealing to me.

Man, was I wrong.

After almost 300 hours from beginning to perfection, I loved this game.  It's funny, cute, and corny.  It's fun and presents some challenges late-game.  For a guy that likes to collect EVERYTHING, this game checked a lot of boxes.  Really, the only negative I could give it is the levelling system.  I had maxed out all of the skills by early year two and I finished in year seven, so it would have been nice to still be able to improve over a longer span of time.  I don't know if I would play through again unless it was with someone as the early game grind (in retrospect) isn't something I wanna do so soon after finishing a pretty complete run-through.

Highly recommended!",1776055829,1776055829,True,0,0,0.5,False,0,True,False,talked game thought playing lowres game like terrarium never seemed terribly appealing man wrong almost hour beginning perfection loved game funny cute corny fun present challenge lategame guy like collect everything game checked lot box really negative could give levelling system maxed skill early year two finished year seven would nice still able improve longer span time dont know would play unless someone early game grind retrospect isnt something wan na soon finishing pretty complete runthrough highly recommended,0.9845,1
223156794,english,"Awesome little game, and quite adictive.",1776051094,1776051094,True,0,0,0.5,False,0,True,False,awesome little game quite adictive,0.6249,1
223156258,english,Very fun and long story with many mysteries and puzzles! Would very much recommend and i think is great for the price.,1776050230,1776050230,True,0,0,0.5,False,0,True,False,fun long story many mystery puzzle would much recommend think great price,0.8948,1
223155239,english,"Very accessible to beginner gamers but still fun for experienced ones. Love how the creator updates the game even years after release. The game has a bit of everything, chill farming and house decorating, fighting monsters and mining, secrets, missions, building connections with NPCs. You really can't go wrong with this game",1776048568,1776048568,True,0,0,0.5,False,0,True,False,accessible beginner gamers still fun experienced one love creator update game even year release game bit everything chill farming house decorating fighting monster mining secret mission building connection npc really cant go wrong game,0.914,1
223153535,english,its so freaking relaxing and i love the storyline and all of the npcs (besides alexes 14 heart event),1776045949,1776045949,True,0,0,0.5,False,0,True,False,freaking relaxing love storyline npc besides alexes heart event,0.6793,1
223153267,english,"HIghly recommend it to play, It's my favorite game to play since I played it on PS5 and I love to play it every chance I get",1776045583,1776045583,True,0,0,0.5,False,0,True,False,highly recommend play favorite game play since played p love play every chance get,0.9617,1
223152994,english,"Just one of the best games of all time. Clearly inspired by old school Harvest Moon, and doesn't shy away from the mature themes like the newer Story of Seasons games do. Can't wait for his new game!!",1776045184,1776045184,True,0,0,0.5,False,0,True,False,one best game time clearly inspired old school harvest moon doesnt shy away mature theme like newer story season game cant wait new game,0.9495,1
223152661,english,"I love this game so much. It's one of those games that I don't think is for everyone, but those of us who enjoy it REALLY do. I think the difficultly is perfect for those newer to gaming while also giving enough challenge on the optional things in game like completing the arcade games in the saloon or catching all the legendary fish. I also LOVE that you can see you perfection stats in game to know exactly what is needed. Overall, I think this game is great and I'm pleasantly pleased to see it still receives cool little updates here and there.",1776044712,1776044712,True,0,0,0.5,False,0,True,False,love game much one game dont think everyone u enjoy really think difficultly perfect newer gaming also giving enough challenge optional thing game like completing arcade game saloon catching legendary fish also love see perfection stats game know exactly needed overall think game great im pleasantly pleased see still receives cool little update,0.9935,1
223152382,english,I love stardew. so cozy and fun i have sooooo much time on sv across my devices,1776044303,1776044303,True,0,0,0.5,False,0,True,False,love stardew cozy fun sooooo much time sv across device,0.83,1
223152257,english,very fun and addicting can be calm but is grindy but overall very fun!,1776044110,1776044110,True,0,0,0.5,False,0,True,False,fun addicting calm grindy overall fun,0.8453,1
223150240,english,"Such a great game, not other farming sim even gets close to this good.",1776041185,1776041185,True,0,0,0.5,False,0,True,False,great game farming sim even get close good,0.8164,1
223150163,english,Absolutely AMAZING game. I love playing it alone AND with other people.,1776041081,1776041081,True,0,0,0.5,False,0,True,False,absolutely amazing game love playing alone people,0.8776,1
223145199,english,"Everything about this game is utterly perfect, from farming to mining, killing beasts, building relationships. You can do and be anything",1776034458,1776034458,True,0,0,0.5,False,0,True,False,everything game utterly perfect farming mining killing beast building relationship anything,-0.1045,1
223137389,english,"Is lowkey confusing during the first year, but if you look up the wiki and guides online it gets much easier. Great gameplay!",1776026237,1776026237,True,0,0,0.5,False,0,True,False,lowkey confusing first year look wiki guide online get much easier great gameplay,0.8805,1
223123619,english,"I have it on the switch and love it, grab it on steam for the modding support.",1776014635,1776014635,True,0,0,0.5,False,1,True,False,switch love grab steam modding support,0.7845,1
223122885,english,Genuinly one of the best games i've ever played. The Dev (concerned ape) makes all major updates completely free aswell! definitly would recommend buying it,1776014017,1776014017,True,0,0,0.5,False,1,True,False,genuinly one best game ive ever played dev concerned ape make major update completely free aswell definitly would recommend buying,0.9183,1
223122049,english,My favorite game of all time. The slow progression makes it all the more satisfying when you complete things.,1776013350,1776013350,True,0,0,0.5,False,0,True,False,favorite game time slow progression make satisfying complete thing,0.7425,1
223120553,english,Just simply one of the greatest games of all time. ConcernedApe is a genius and this game will live forever,1776012156,1776012156,True,0,0,0.5,False,1,True,False,simply one greatest game time concernedape genius game live forever,0.6369,1
223118647,english,"I played 1.5 on the switch and i already liked it, but my goodness, 1.6 added so such it kinda feeels like it a new game... but not, like its the same game, but itsnt. NOT IN A BAD WAY. Just, strange. idk, i still really like the game",1776010587,1776010587,True,0,0,0.5,False,0,True,False,played switch already liked goodness added kinda feeels like new game like game itsnt bad way strange idk still really like game,0.9508,1
223118609,english,"It hasnt even been 24 hours since i bought the game, this game is addicting asf, i recommend it if you like chill games",1776010564,1776010598,True,0,0,0.5,False,1,True,False,hasnt even hour since bought game game addicting asf recommend like chill game,0.6124,1
223117154,english,"One of the best farm sims. It's easy to pick up and play. There is a bit of a learning curve for first time players, but it's worth it. There are plenty of self-imposed challenges for more experienced players. You can do whatever you want, the game doesn't force you into any specific role.",1776009440,1776009440,True,0,0,0.5,False,0,True,False,one best farm sims easy pick play bit learning curve first time player worth plenty selfimposed challenge experienced player whatever want game doesnt force specific role,0.8176,1
223109047,english,"100% recommended, and as long as you know how to not develop a crippling addiction to these kinds of games, it is VERY worth the small $15 cost.",1776003168,1776003168,True,0,0,0.5,False,0,True,False,recommended long know develop crippling addiction kind game worth small cost,0.5756,1
223107392,english,"When something rips off another thing, it is seen as bad. In this case however Stardew Valley is the Harvest Moon ripoff we all needed. The soundtrack is cozy. Working on the farm is fun. Lots of things to do and the art is just amazing. Every day feels like your progressing further, even if all you did was chop down a tree or plant some parsnip. It does have some flaws. The quests get super boring after a while and if you were hoping for Animal Crossing social mechanics think again.",1776001793,1776001793,True,0,0,0.5,False,1,True,False,something rip another thing seen bad case however stardew valley harvest moon ripoff needed soundtrack cozy working farm fun lot thing art amazing every day feel like progressing even chop tree plant parsnip flaw quest get super boring hoping animal crossing social mechanic think,0.8885,1
223107133,english,"This is a cool little simulation game. It is easy enough for a non gamer to play, but it has enough features to keep the interest of some more advanced players.",1776001577,1776001577,True,0,0,0.5,False,0,True,False,cool little simulation game easy enough non gamer play enough feature keep interest advanced player,0.8817,1
223103824,english,Great game to play alone and with others via multiplayer! Great building up to a more creative and gameplay throught the game. The storylines and the seasonal gatherings make ist all worth it. Theres easy and hard achievements -  but its not to difficult.,1775998660,1775998660,True,0,0,0.5,False,0,True,False,great game play alone others via multiplayer great building creative gameplay throught game storyline seasonal gathering make ist worth there easy hard achievement difficult,0.8898,1
223103010,english,I genuinely love this game as it offers a lot of enjoyment and experience. There is no rule in playing stardew and there is no wrong way of playing it.,1775997847,1775997847,True,0,0,0.5,False,0,True,False,genuinely love game offer lot enjoyment experience rule playing stardew wrong way playing,0.5994,1
223102503,english,"After more than 20 hours of playing, I can confidently say Stardew Valley is an absolute gem. The game strikes a perfect balance between relaxation and challenge—you’re free to manage your farm, explore the town, and build relationships with its charming residents.

What I love most is the freedom of choice: you can grow crops, raise animals, mine, fish, or simply spend time making friends. Every in-game day feels fresh and rewarding, and the longer you play, the more attached you become to this cozy little world.

The pixel art style is simple yet vibrant, and the soothing soundtrack creates a warm, inviting atmosphere. Stardew Valley isn’t just a game—it’s a place to unwind and find peace after a busy day.

Conclusion:  
If you’re looking for a game that’s both entertaining and relaxing, Stardew Valley is a must-play. I wholeheartedly recommend it!",1775997382,1775997382,True,0,0,0.5,False,0,True,False,hour playing confidently say stardew valley absolute gem game strike perfect balance relaxation challengeyoure free manage farm explore town build relationship charming resident love freedom choice grow crop raise animal mine fish simply spend time making friend every ingame day feel fresh rewarding longer play attached become cozy little world pixel art style simple yet vibrant soothing soundtrack creates warm inviting atmosphere stardew valley isnt gameits place unwind find peace busy day conclusion youre looking game thats entertaining relaxing stardew valley mustplay wholeheartedly recommend,0.9955,1
223096020,english,"I really love this game. I have it everywhere. On Steam, XBox, Switch and iOS",1775990634,1775990634,True,0,0,0.5,False,1,True,False,really love game everywhere steam xbox switch io,0.6697,1
223095770,english,"Stardew valley, where do i even start, at first when i started playing the game, i got a feeling that it's not the game for me and surely because of that i just dropped playing it altogether. Then i got my steam deck and i was looking for the best games to play on the console and sure enough in the top 5 most played steam deck games, I saw Stardew valley. So i gave it another go and slowly slowly this game and the fact that i can play it on my bed on the Steam deck before going to sleep for few hours started replacing my doomscrolling and slowly i have grown to like this game. Then i discovered Stardew wiki exists, and now 220 hours later i reached perfection on my farm, started a new save and finished the Joja route as well, heck i even did the Fector's challenge in the journey of the prairie king and got 100% steam completion. Best F**king game ever. I am trying my best not to start another save file. Anyone looking for a generational indie game experience this is it, just get it and quick tip: Please use the Stardew wiki. :D",1775990339,1775990339,True,0,0,0.5,False,1,True,False,stardew valley even start first started playing game got feeling game surely dropped playing altogether got steam deck looking best game play console sure enough top played steam deck game saw stardew valley gave another go slowly slowly game fact play bed steam deck going sleep hour started replacing doomscrolling slowly grown like game discovered stardew wiki exists hour later reached perfection farm started new save finished joja route well heck even fectors challenge journey prairie king got steam completion best fking game ever trying best start another save file anyone looking generational indie game experience get quick tip please use stardew wiki,0.9939,1
223094807,english,"If you wanna relax after a hard day of work and losing your mind with MP games, get this game.",1775989243,1775989243,True,0,0,0.5,False,0,True,False,wan na relax hard day work losing mind mp game get game,-0.0258,1
223091110,english,"It’s similar to Harvest Moon, but has so much more to explore and do. I’m addicted to it.",1775985153,1775985153,True,0,0,0.5,False,1,True,False,similar harvest moon much explore im addicted,0.0,1
223082103,english,"Super chill and loaded with easter eggs and surprises, this game is great for anyone looking to just relax and have a good time. It's the only farmer sim I consistently(I originally started out on Xbox!) play.",1775973847,1775973847,True,0,0,0.5,False,0,True,False,super chill loaded easter egg surprise game great anyone looking relax good time farmer sim consistentlyi originally started xbox play,0.9545,1
223077012,english,"Its fun, relaxing, and kind of addictive. And for only $15 bucks? Not a bad game to play. Plus (and I think its worth saying) I pretty much just started playing this game. I played for a little on my switch and decided to try on here and so far I think I like it better through desktop. I have NOWHERE experienced everything the game offers, but like I said for $15 dollars I'd say its worth it. Also idk if it matters, might as well say it in case it does, but I am playing on Mac. Happy playing!",1775967552,1775967552,True,0,0,0.5,False,0,True,False,fun relaxing kind addictive buck bad game play plus think worth saying pretty much started playing game played little switch decided try far think like better desktop nowhere experienced everything game offer like said dollar id say worth also idk matter might well say case playing mac happy playing,0.9823,1
223074350,english,"Stardew has always been a favorite of mine. I brought it a few years ago on Android, and then I brought it on iOS, and now I have it on Steam. It's always so relaxing to play when I'm stressed out and feeling down. The music and the visuals just bring it all together. I will forever love this game..",1775964526,1775964526,True,0,0,0.5,False,0,True,False,stardew always favorite mine brought year ago android brought io steam always relaxing play im stressed feeling music visuals bring together forever love game,0.9198,1
223070818,english,"Don't you just love it when you are building the community center, and you forget to get a Cauliflower for the spring bundle, then you have to wait twenty hours of playtime to get to plant some again? I love this game! So great! So awesome! (Please remember to fill your bundles before the season ends. It is not fun) 10/10",1775960232,1775960232,True,0,0,0.5,False,1,True,False,dont love building community center forget get cauliflower spring bundle wait twenty hour playtime get plant love game great awesome please remember fill bundle season end fun,0.5089,1
223070012,english,"Really chill game allowing players to explore the village, sometimes encountering interesting events and surprises. Since a lot of tasks are based on luck, it can be frustrating once in a while. :)",1775959238,1775959238,True,0,0,0.5,False,0,True,False,really chill game allowing player explore village sometimes encountering interesting event surprise since lot task based luck frustrating,0.7717,1
223062634,english,"Stardew Valley is one of the most enjoyable and engaging games I have played in my life. You just cant stop playing this game until you get every achievement. The content varies from farming, mining, fishing, friendships, and combat in a perfect way. There's always something you can work towards. The game is also lowkey and relaxing as well, which makes it more enjoyable. I truly see no flaws with this game, and would recommend it to anyone. If you need something relaxing and addicting to play, this is a must play",1775950152,1775950828,True,0,0,0.5,False,0,True,False,stardew valley one enjoyable engaging game played life cant stop playing game get every achievement content varies farming mining fishing friendship combat perfect way there always something work towards game also lowkey relaxing well make enjoyable truly see flaw game would recommend anyone need something relaxing addicting play must play,0.984,1
223061702,english,"Everyone knows Stardew Valley is a classic cozy game. I came to the cozy gaming community a little late... I only discovered Stardew about a year ago. I know, I know, crazy! But, it's a classic for a reason. I fell in love with it so quickly after being bullied into trying it by my brother. I've now sunk hours and hours into this game and still feel like I can keep coming back. That's the real reason I love this game so much. The replayability! I know people who've been playing this since it's release years ago and still find new things to try and to love. If you're on the fence like I was because the graphics look ""old"" or ""weird,"" just give it a shot. It's worth it.",1775949039,1775949039,True,0,0,0.5,False,0,True,False,everyone know stardew valley classic cozy game came cozy gaming community little late discovered stardew year ago know know crazy classic reason fell love quickly bullied trying brother ive sunk hour hour game still feel like keep coming back thats real reason love game much replayability know people whove playing since release year ago still find new thing try love youre fence like graphic look old weird give shot worth,0.9741,1
223057126,english,"chill and fun game, great way to pass the time.",1775944209,1776706727,True,0,0,0.5,False,0,True,False,chill fun game great way pas time,0.8126,1
223052114,english,"Between my mom and I, we've put more than 700 hours into this game on Switch. I bought it for PC to play it with some of my other friends who prefer to access it this way. As a whole, this game is an absolute masterpiece and you'll find yourself getting sucked into it like it's a black hole. On top of that, it's both cheap and can run on a potato!",1775939492,1775939492,True,0,0,0.5,False,0,True,False,mom weve put hour game switch bought pc play friend prefer access way whole game absolute masterpiece youll find getting sucked like black hole top cheap run potato,0.8805,1
223051736,english,"This game serves only one specific purpose. And it does this perfectly.
To make humans mentally relax and feel better overall from a stressful life.
Recommended to everyone that needs this type of support from playing an online game.
",1775939157,1775939206,True,0,0,0.5,False,0,True,False,game serf one specific purpose perfectly make human mentally relax feel better overall stressful life recommended everyone need type support playing online game,0.9153,1
223030286,english,I'm playing the game with my fiance.She is in love with it :D. It is incredibile for the variety of gameplay. Take you time to do things and have fun,1775921687,1775921687,True,0,0,0.5,False,0,True,False,im playing game fianceshe love incredibile variety gameplay take time thing fun,0.8519,1
223026912,english,This game poses one of the most difficult decisions you'll ever be faced with... who you are going to marry,1775919056,1775919056,True,0,0,0.5,False,0,True,False,game pose one difficult decision youll ever faced going marry,-0.4201,1
223023616,english,"love it , get lots of dopamine from completing achievements and seeing my world improve",1775916386,1775916386,True,0,0,0.5,False,0,True,False,love get lot dopamine completing achievement seeing world improve,0.7964,1
223023130,english,"Rating: 9/10

A deeply addictive and relaxing farming sim where you can farm, mine, fish, and build relationships at your own pace. Its open-ended gameplay, charming world, and strong sense of progression make it easy to sink dozens (or hundreds) of hours into.

However, combat is basic, the game can feel slow or repetitive over time, and there’s little guidance for new players.

Bottom line:
One of the best cozy games ever made—very addictive and rewarding, but not for players who want fast-paced action.

(ChatGPT, 2026)",1775916015,1775916015,True,0,0,0.5,False,0,True,False,rating deeply addictive relaxing farming sim farm mine fish build relationship pace openended gameplay charming world strong sense progression make easy sink dozen hundred hour however combat basic game feel slow repetitive time there little guidance new player bottom line one best cozy game ever madevery addictive rewarding player want fastpaced action chatgpt,0.8684,1
223017402,english,Amazing game to chill out with. Not much else to say. Good game.,1775910837,1775910837,True,0,0,0.5,False,0,True,False,amazing game chill much else say good game,0.7717,1
223017395,english,"This might be the best, most life changing game of all time. strongly recommended to every person who has the possibilities to play this game",1775910832,1775910832,True,0,0,0.5,False,0,True,False,might best life changing game time strongly recommended every person possibility play game,0.8591,1
223017071,english,"The greatest game i ever play, after LOL its the peacefull game i play",1775910534,1775910534,True,0,0,0.5,False,0,True,False,greatest game ever play lol peacefull game play,0.9106,1
223014771,english,"Thousands of people have already talked about the game, so I have nothing to add - only this: It's definitely one of the games I always get back to. Play it for a while, then leave it for a few months or even a year, and then I'm starting a new farm. Always fun to build up everything from scratch!

And on top of that there's still new content being added for free, so, even better!",1775908212,1775908212,True,0,0,0.5,False,0,True,False,thousand people already talked game nothing add definitely one game always get back play leave month even year im starting new farm always fun build everything scratch top there still new content added free even better,0.9438,1
223009335,english,"Well crafted. Relaxing. Plenty to do, plenty of lives to lead. The attention to different details is impressive. One of the best in the genre.",1775902102,1775902102,True,0,0,0.5,False,0,True,False,well crafted relaxing plenty plenty life lead attention different detail impressive one best genre,0.9153,1
223006852,english,"Good game and not boring to play, the system is complex but treated very simply, there are many upcoming updates that may be very interesting, very suitable to play especially during free time",1775899152,1775899152,True,0,0,0.5,False,0,True,False,good game boring play system complex treated simply many upcoming update may interesting suitable play especially free time,0.8487,1
222997290,english,"Its very relaxing and fun, if you want just a chill game to play, then it would be perfect",1775886615,1775886615,True,0,0,0.5,False,0,True,False,relaxing fun want chill game play would perfect,0.9254,1
222995624,english,"Stardew Valley is a great game. I never find myself never running out of things to do, and the world surprisingly feels very alive, which is impressive for a game being made by one person. The music is relaxing, the vibe is cozy, and the gameplay is enjoyable.",1775884293,1775884293,True,0,0,0.5,False,0,True,False,stardew valley great game never find never running thing world surprisingly feel alive impressive game made one person music relaxing vibe cozy gameplay enjoyable,0.9558,1
222988875,english,Stardew is a super fun casual game! It's become a comfort game of mine because of how simple yet lore rich it is and no matter how many saves I have it never gets old. There's never nothing to do and discovering all of the little secrets makes it all the more worth while. Overall I highly recommend this game to anyone!,1775875764,1775875764,True,0,0,0.5,False,0,True,False,stardew super fun casual game become comfort game mine simple yet lore rich matter many save never get old there never nothing discovering little secret make worth overall highly recommend game anyone,0.9557,1
222987973,english,"Love Stardew Valley, there's so much still to unlock, but it's never ending.",1775874540,1775874540,True,0,0,0.5,False,0,True,False,love stardew valley there much still unlock never ending,0.3818,1
222987618,english,"I am absolutely in love with this game. It felt like I was experiencing the actual farming life, away from my dreary 9-5 job that I currently have. So in love love love",1775874082,1775874082,True,0,0,0.5,False,0,True,False,absolutely love game felt like experiencing actual farming life away dreary job currently love love love,0.9639,1
222987433,english,"Stardew Valley is a lovely little farming sim game with adorable pixel graphics. The whole atmosphere of the game is really relaxing, and the gameplay loop feels nice. Compared to some other, similar games that I tried, I would say Stardew Valley is the best one of them. I do dislike the energy system a little bit, since it does limit the amount of things you can do daily (keep in mind, you can use food / drinks to restore energy, I'm just too lazy to buy it and all), but besides that I found it to be enjoyable. Fishing is a tiny bit difficult to get used to in the beginning, since it does work in a bit of an unusual way. Everything else is basically super straight forward and easy to do. Considering Graveyard Keeper is free to get at the moment, I tried it for a little bit and came here to leave a positive review since SV is miles ahead of it and the other ""competition"" games and I think it deserves some love. Stardew Valley has an amazing balance between QoL things and challenging things, unlike its clones. I would definitely recommend it!",1775873816,1775873816,True,0,0,0.5,False,0,True,False,stardew valley lovely little farming sim game adorable pixel graphic whole atmosphere game really relaxing gameplay loop feel nice compared similar game tried would say stardew valley best one dislike energy system little bit since limit amount thing daily keep mind use food drink restore energy im lazy buy besides found enjoyable fishing tiny bit difficult get used beginning since work bit unusual way everything else basically super straight forward easy considering graveyard keeper free get moment tried little bit came leave positive review since sv mile ahead competition game think deserves love stardew valley amazing balance qol thing challenging thing unlike clone would definitely recommend,0.9942,1
222986787,english,"I've never beaten this game. Which is a shame. I don't know why, I just keep starting over if I take an exceedingly long break. But no matter what, I have such a fond time in this game. If you ever have 20 minutes, it's quite peaceful to just, fish, water some plants. Not play efficiently, or you can mine for hours like a sweaty try hard. But it's whatever you want to make of it. Probably a large part of why I stopped using my phone as much too.",1775872939,1775872939,True,0,0,0.5,False,0,True,False,ive never beaten game shame dont know keep starting take exceedingly long break matter fond time game ever minute quite peaceful fish water plant play efficiently mine hour like sweaty try hard whatever want make probably large part stopped using phone much,0.4338,1
222985118,english,Best game to play with your girlfriends. It’s my favorite cozy game I’ve played,1775870656,1775870656,True,0,0,0.5,False,0,True,False,best game play girlfriend favorite cozy game ive played,0.9001,1
222981681,english,"This is the best game ever! It has something for everyone- dungeons, decorating, animal care, plot and quests, and the best graphics.",1775866056,1775866056,True,0,0,0.5,False,0,True,False,best game ever something everyone dungeon decorating animal care plot quest best graphic,0.9168,1
222981601,english,Great game that is reminiscent of old school Harvest Moon but honestly better. Great storyline and has plenty of mods available through Vortex (nexusmods),1775865967,1775865967,True,0,0,0.5,False,0,True,False,great game reminiscent old school harvest moon honestly better great storyline plenty mod available vortex nexusmods,0.952,1
222969019,english,"An unparalleled masterpiece. I most definitely recommend it. If you haven't played this game yet, then you're just wasting your life.",1775851747,1775851747,True,0,0,0.5,False,0,True,False,unparalleled masterpiece definitely recommend havent played game yet youre wasting life,0.7299,1
222962034,english,It is so good and relaxing and I 100% think it is minecraft pixelated with quests,1775845162,1775845162,True,0,0,0.5,False,0,True,False,good relaxing think minecraft pixelated quest,0.8023,1
222961018,english,"I'm not a fan of this type of games, but Stardew Valley did somehow keep me hooked for quite some time. After a while it did however make me question my life choices, as i was getting so many chores done in game but barely nothing in RL - so if anything I suppose it helped me, as we say in Sweden, få tummen ur r*ven, and ended up getting sh*t done I've procrastinated for a way too long. Apart from acting as a procrastination defeater, it is definitely a cozy, comfy ride, and something I can see myself diving back into the next time I get the flu - or just need to feel like I'm a productive human being.",1775844286,1775844286,True,0,0,0.5,False,0,True,False,im fan type game stardew valley somehow keep hooked quite time however make question life choice getting many chore done game barely nothing rl anything suppose helped say sweden f tummen ur rven ended getting sht done ive procrastinated way long apart acting procrastination defeater definitely cozy comfy ride something see diving back next time get flu need feel like im productive human,0.0693,1
222958817,english,"By far one of the best purchases to make.
The gameplay is pleasant, the features are endless and the updates are great! I only play vanilla and I'm not bored of it after all this time, the music even gets better as it goes on.
Wish we had wayyyy more games like this one <3",1775842343,1775842343,True,0,0,0.5,False,0,True,False,far one best purchase make gameplay pleasant feature endless update great play vanilla im bored time music even get better go wish wayyyy game like one,0.9785,1
222957987,english,Overall one of the greater games ever. Long journey to the summit and not a moment was dull.,1775841560,1775841560,True,0,0,0.5,False,0,True,False,overall one greater game ever long journey summit moment dull,0.5801,1
222947806,english,This is a very chill game until you learn how to play it. Then it becomes more fun and a challenge at the same time. Great game 10/10 recommend,1775832304,1775832304,True,0,0,0.5,False,0,True,False,chill game learn play becomes fun challenge time great game recommend,0.921,1
222947797,english,"Watched a ""Lets Play"" on youtube, thought it'd be fun to try out. Got addicted for a while, then fell away from it. Every once in a while I bring it back up for a binge farming session. Love this game!",1775832295,1775832295,True,0,0,0.5,False,0,True,False,watched let play youtube thought itd fun try got addicted fell away every bring back binge farming session love game,0.8805,1
222945237,english,"Damn, so really good and cozy game.
AMAZING",1775829910,1775829910,True,0,0,0.5,False,0,True,False,damn really good cozy game amazing,0.7434,1
222942561,english,I love benefiting off of an old lady's dementia by gifting her glasses i got from the trash over and over again. 10/10 game would recommend.,1775827202,1775827202,True,0,0,0.5,False,0,True,False,love benefiting old lady dementia gifting glass got trash game would recommend,0.7717,1
222938745,english,"Love this game, it has a lots of elements and activities, loads of targets or goals to work on. Time flies when playing this game. Really really enjoy it.",1775823002,1775823002,True,0,0,0.5,False,0,True,False,love game lot element activity load target goal work time fly playing game really really enjoy,0.868,1
222933115,english,"Very nice game, the gameplay and graphics are smooth even on my potato PC. Love the story and would recomend",1775815007,1775815007,True,0,0,0.5,False,0,True,False,nice game gameplay graphic smooth even potato pc love story would recomend,0.807,1
222930123,english,I love this game. Farming is so relaxing and annoying at the same time which is exactly what I need sometimes. Big plus for the fact that I can get humbled by a blonde hottie and relate to characters about alcoholism and father abandonment :),1775810092,1775810092,True,0,0,0.5,False,0,True,False,love game farming relaxing annoying time exactly need sometimes big plus fact get humbled blonde hottie relate character alcoholism father abandonment,0.7143,1
222929671,english,"It's for everyone. Caves for fighters, Bachelors for the dating sim people, and real farming for those who want a wholesome and relaxing game. I recommend Stardew Valley to everyone willing to try!",1775809315,1775809315,True,0,0,0.5,False,0,True,False,everyone cave fighter bachelor dating sim people real farming want wholesome relaxing game recommend stardew valley everyone willing try,0.7263,1
222928274,english,"I've put over 800 hours into this game. I get so absorbed into it I sometimes have to take a break because I'll just fixate and lose time. With all the ways you can play it, it's like a whole new game every time. Nexus mods are a lot of fun to get even more enjoyment out of it!",1775806906,1775806906,True,0,0,0.5,False,0,True,False,ive put hour game get absorbed sometimes take break ill fixate lose time way play like whole new game every time nexus mod lot fun get even enjoyment,0.8653,1
222928112,english,A cozy game with a lot to do! I recommend downloading mods if you want to romance someone-- the original options aren't at least to my tase,1775806603,1775806603,True,0,0,0.5,False,0,True,False,cozy game lot recommend downloading mod want romance someone original option arent least tase,0.8398,1
222919018,english,"I adore the features ConcernedApe continues to add and the mods for this game by community is endless. I love the game, community and the creator.",1775790617,1775790617,True,0,0,0.5,False,0,True,False,adore feature concernedape continues add mod game community endless love game community creator,0.8316,1
222913734,english,"One of the best games of all time. It provides loads of fun, romance options, very easy to mod with a quick tutorial, and the best blonde baddie the world has ever seen. You could even say it's...Perfection.",1775782773,1775782773,True,0,0,0.5,False,0,True,False,one best game time provides load fun romance option easy mod quick tutorial best blonde baddie world ever seen could even say itsperfection,0.9612,1
222913129,english,it is an amazing game there are so many adorable animals you can take care of and nice freindly nabores that are ai.,1775781955,1775781955,True,0,0,0.5,False,0,True,False,amazing game many adorable animal take care nice freindly nabores ai,0.9228,1
222912950,english,The unholy optimization high I get from this game needs to be studied and put into more games,1775781669,1775781669,True,0,0,0.5,False,0,True,False,unholy optimization high get game need studied put game,0.3818,1
222909317,english,"This is the game I always go back to, its amazing in every way. Theres so many small secrets and easter eggs, as well as a fun story and characters. The design is amazing, and its taken over my life. This game makes me want to buy a chicken coop",1775776557,1775776557,True,0,0,0.5,False,0,True,False,game always go back amazing every way there many small secret easter egg well fun story character design amazing taken life game make want buy chicken coop,0.9231,1
222896705,english,"As a former player and avid lover of Harvest Moon SNES and Harvest Moon Friends of Mineral Town, this game is truly a must play for the original harvest moon lovers. This game's core mechanics are more similar to Harvest Moon SNES version but I could say better or more refined (modernised) that Harvest Moon Friends of Mineral Town. 

Stardew valley is a great game and it reminisce my great fun days of old during my childhood. We are truly fortunate that we have ConcernedApe for Stardew valley. It is truly a blessing for Gaming and humanity as a whole. Keep up the good work kind sir Concerned ape. Kudos to you.",1775762312,1775762312,True,0,0,0.5,False,0,True,False,former player avid lover harvest moon snes harvest moon friend mineral town game truly must play original harvest moon lover game core mechanic similar harvest moon snes version could say better refined modernised harvest moon friend mineral town stardew valley great game reminisce great fun day old childhood truly fortunate concernedape stardew valley truly blessing gaming humanity whole keep good work kind sir concerned ape kudos,0.9966,1
222892575,english,"BEST GAME EVER!! stardew is so fun, so sweet, and just overall such a game of love. You can really tell concernedape put his all into this <3",1775758402,1775758402,True,0,0,0.5,False,0,True,False,best game ever stardew fun sweet overall game love really tell concernedape put,0.9736,1
222883877,english,"One of the most stressful cozy games out there - depending on how you want to play. You can take your time or rush to get things done, either way, it's an amazing game.",1775749863,1775749863,True,0,0,0.5,False,0,True,False,one stressful cozy game depending want play take time rush get thing done either way amazing game,0.4417,1
222882436,english,Stardew Valley is the kind of game you play to relax then suddenly it's 2AM. The pixel art and music just make everything feel cozy and calm. Looking forward to unlocking all the achievements. Gonna take a while. Hehe.,1775748479,1775748479,True,0,0,0.5,False,0,True,False,stardew valley kind game play relax suddenly pixel art music make everything feel cozy calm looking forward unlocking achievement gon na take hehe,0.765,1
222877361,english,"you can feel that every millimeter of this game was made for fun, for enjoyment, for the pure love of it. i paid only 3-4 bucks on this game with sales and it's honestly criminal that i can pay that low of a price for this monstrosity of a game, not even including the giant modding scene for this game. Play this game if you're ever interested in gaming in the slightest",1775743630,1775743630,True,0,0,0.5,False,0,True,False,feel every millimeter game made fun enjoyment pure love paid buck game sale honestly criminal pay low price monstrosity game even including giant modding scene game play game youre ever interested gaming slightest,0.9231,1
222876498,english,"Stardew Valley is a heartwarming masterpiece that transcends the farming simulator genre, offering a deeply therapeutic and soulful experience. Its magic lies in the perfect harmony between the rewarding loop of restoring a rustic farm and the genuine emotional connections you build with the vibrant residents of Pelican Town. With its timeless pixel art, a cozy soundtrack that shifts beautifully with the seasons, and an incredible depth of content—from mysterious mines to tranquil fishing spots—the game grants you the ultimate freedom to thrive at your own pace. It isn't just a game; it’s a digital sanctuary that radiates kindness and creativity, making it a true ""comfort game"" for anyone looking to escape the hustle of modern life.",1775742765,1775742765,True,0,0,0.5,False,0,True,False,stardew valley heartwarming masterpiece transcends farming simulator genre offering deeply therapeutic soulful experience magic lie perfect harmony rewarding loop restoring rustic farm genuine emotional connection build vibrant resident pelican town timeless pixel art cozy soundtrack shift beautifully season incredible depth contentfrom mysterious mine tranquil fishing spotsthe game grant ultimate freedom thrive pace isnt game digital sanctuary radiates kindness creativity making true comfort game anyone looking escape hustle modern life,0.9912,1
222875985,english,"If you like chill games, you'll love Stardew Valley. The pace is perfect for me, relaxed enough to unwind but with enough to do that each session feel satisfying. The pixel art is adorable, the characters and their stories are surprisingly moving, and the farming, mining, and other stuff always pulls me back. I also love that I can pick it up for 10 minutes or sink hours in without it feeling stressful. I highly recommend for casual, cozy play.",1775742222,1775742222,True,0,0,0.5,False,0,True,False,like chill game youll love stardew valley pace perfect relaxed enough unwind enough session feel satisfying pixel art adorable character story surprisingly moving farming mining stuff always pull back also love pick minute sink hour without feeling stressful highly recommend casual cozy play,0.9892,1
222874536,english,I am obsessed with this game and I actually can not stop playing it. If you like strategic games with a cozy feeling this is the game for you! Could not recommend this game more! Love it!,1775740706,1775740706,True,0,0,0.5,False,0,True,False,obsessed game actually stop playing like strategic game cozy feeling game could recommend game love,0.7817,1
222872741,english,"If you love cozy game, you will enjoy this game as you progress. You might find it boring in the end. if you rather choose fast paced game, so I would not recommend this to you. Eventually some may go to that point but there is a solution for that; to use a mod on the game. My gameplay to this game was so memorable to be, it feels like the other me on the alternate universe :)",1775738676,1775738676,True,0,0,0.5,False,0,True,False,love cozy game enjoy game progress might find boring end rather choose fast paced game would recommend eventually may go point solution use mod game gameplay game memorable feel like alternate universe,0.9255,1
222870256,english,"Best game i have ever played and will continue to play, it never gets old or boring and its one of those games you just get lost in for hours :]",1775735531,1775735531,True,0,0,0.5,False,0,True,False,best game ever played continue play never get old boring one game get lost hour,0.8225,1
222868281,english,"Very good game.

Can seem shallow at first but I ended up moved by the gameplay and depth of the world, I loved the feeling of satisfaction I got after perfection, which took 104 hours on one save.

 I also really liked the freedom that ConcernedApe provides the player to not miss many events, I ended the perfection run on the 1st of Autumn, Year 14. Most of that gameplay was spent hibernating for several days at a time to run machines, and I still did not miss out on much of the story elements of the game. I like that players are not railroaded into a particular playstyle, like mine of somewhat greedy design (a whole shed full of crystalariums), or that of someone like my sister who loves the social aspect of the game with stardrop teas from the racoon shop.

In terms of performance the game ran well on both my desktop and my laptop PC, the desktop which is approaching 15 years old did not flinch one bit, which is a testament to the effort that was put in to make the game performant on a wide range of hardware.

Would definitely reccomend.",1775732863,1775732863,True,0,0,0.5,False,0,True,False,good game seem shallow first ended moved gameplay depth world loved feeling satisfaction got perfection took hour one save also really liked freedom concernedape provides player miss many event ended perfection run st autumn year gameplay spent hibernating several day time run machine still miss much story element game like player railroaded particular playstyle like mine somewhat greedy design whole shed full crystalariums someone like sister love social aspect game stardrop tea racoon shop term performance game ran well desktop laptop pc desktop approaching year old flinch one bit testament effort put make game performant wide range hardware would definitely reccomend,0.9962,1
222862783,english,"Relaxing, retro and filled with fun. Impossible to get bored.",1775724149,1775724149,True,0,0,0.5,False,0,True,False,relaxing retro filled fun impossible get bored,0.6597,1
222860056,english,its a very nice game if you just want to sit down and relax. It has a nice story with many sidequests along the way. I highly recommend.,1775719400,1775719400,True,0,0,0.5,False,0,True,False,nice game want sit relax nice story many sidequests along way highly recommend,0.9038,1
222857835,english,Stardew Valley has so much to offer. There are so many fun hidden gems to uncover. If you dont want to farm theres a ton of other things to do as well. Easily one of my favorite games. Plus the art is just so cute.,1775715236,1775715236,True,0,0,0.5,False,0,True,False,stardew valley much offer many fun hidden gem uncover dont want farm there ton thing well easily one favorite game plus art cute,0.929,1
222857607,english,literally the best game of all time. god bless ape and his concerns.,1775714835,1775714835,True,0,0,0.5,False,0,True,False,literally best game time god bless ape concern,0.8442,1
222853079,english,Stardew Valley is one of those rare games that feels simple at first but slowly becomes something you can sink hundreds of hours into without even realizing it.,1775706843,1775706843,True,0,0,0.5,False,0,True,False,stardew valley one rare game feel simple first slowly becomes something sink hundred hour without even realizing,0.0,1
222848209,english,"Hands down the best game I've played. Playing Stardew feels like coming home after a long day, you just never get tired of it! Tons of different farm layouts to build on and customize with decorations, you can really put a lot of time into creating something you are proud of! Not to mention all the care and attention to detail that goes into the content updates to add onto the story. I will come back to this game time and time again!",1775699437,1775699437,True,0,0,0.5,False,0,True,False,hand best game ive played playing stardew feel like coming home long day never get tired ton different farm layout build customize decoration really put lot time creating something proud mention care attention detail go content update add onto story come back game time time,0.9669,1
222846620,english,got the game three days ago. played for 47 hours. spent one day contemplating my life. 10/10,1775697104,1775697104,True,0,0,0.5,False,0,True,False,got game three day ago played hour spent one day contemplating life,0.34,1
222846461,english,Everyone already knows how absolutely goated this game is. I literally already had it on Switch and then bought it again to play on PC. One of my favorite games of all time!,1775696878,1775696878,True,0,0,0.5,False,0,True,False,everyone already know absolutely goated game literally already switch bought play pc one favorite game time,0.69,1
222845750,english,This game is the absolute epitome of cozy and a nerve wracking kind of relaxation. Perfect for winding down after a long day; I always play stardew on my phone and laptop.,1775695898,1775695898,True,0,0,0.5,False,0,True,False,game absolute epitome cozy nerve wracking kind relaxation perfect winding long day always play stardew phone laptop,0.8484,1
222845073,english,best indie game I've ever played. take it at your own pace and you'll find something you love no matter who you are.,1775694926,1775694926,True,0,0,0.5,False,0,True,False,best indie game ive ever played take pace youll find something love matter,0.8658,1
222841865,english,"This game is a great cozy game. It has farming, mining, fishing, interesting characters, and the developer continues to update the game. I highly recommend.",1775690391,1775690391,True,0,0,0.5,False,0,True,False,game great cozy game farming mining fishing interesting character developer continues update game highly recommend,0.8622,1
222841299,english,only game where fish and trees speak to you and you arent considered crazy,1775689638,1775689638,True,0,0,0.5,False,0,True,False,game fish tree speak arent considered crazy,0.2584,1
222840366,english,If every simulator game from farming to fishing and even mining turned into a dating sim with actually fun characters to meet?,1775688379,1775688379,True,0,0,0.5,False,0,True,False,every simulator game farming fishing even mining turned dating sim actually fun character meet,0.5106,1
222839227,english,tbh i love playing stadew valley the game is so warm and give you a great fealing abt yourself,1775686862,1775686862,True,0,0,0.5,False,0,True,False,tbh love playing stadew valley game warm give great fealing abt,0.9116,1
222834665,english,"One of the games that I have logged the most hours on single-player, and I will continue to until I stop gaming. Such a simple yet beautiful game in all aspects 11/10 absolutely recommend.",1775681478,1775681478,True,0,0,0.5,False,0,True,False,one game logged hour singleplayer continue stop gaming simple yet beautiful game aspect absolutely recommend,0.6697,1
222834459,english,"I mean, Its alright

OH! Btw best game

 besides HK and SS, and Fallout, and like- idk maybe mc",1775681260,1775681260,True,0,0,0.5,False,0,True,False,mean alright oh btw best game besides hk s fallout like idk maybe mc,0.8221,1
222827567,english,"After starting a farm 2-3 times over the past 4 years and never making it past spring day 5, it clicked in 2026. I did not min max my farm and I feel it vastly increased my enjoyment and the game just makes you feel nice when playing it. Highly recommend to anyone, especially if you're in a transitional phase in your life like i was when i started playing.",1775674354,1775674354,True,0,0,0.5,False,0,True,False,starting farm time past year never making past spring day clicked min max farm feel vastly increased enjoyment game make feel nice playing highly recommend anyone especially youre transitional phase life like started playing,0.9371,1
222817822,english,"play this game its addicting and fun
if your ever bored you can just play this game
this game has a lot of stuff to do",1775665018,1775665018,True,0,0,0.5,False,0,True,False,play game addicting fun ever bored play game game lot stuff,0.7184,1
222806750,english,Good game but needs for easier modding (as in it being easy to add and remove mods) and your birthday and more roomates,1775654314,1776180076,True,0,0,0.5,False,0,True,False,good game need easier modding easy add remove mod birthday roomates,0.8591,1
222805592,english,Stardew Valley is THE best farming game out there. No suprise there when you see how many games created in the last ten years that have the same type of gameplay.,1775653055,1775653055,True,0,0,0.5,False,0,True,False,stardew valley best farming game suprise see many game created last ten year type gameplay,0.6124,1
222799524,english,"I played on switch quite some hours before getting the pc version. If youre looking for a cozy and enriched island farm enviroment, or just a game to chill and unwind to, then this is the one. Theres so much to do and youre never left without a goal to achieve, without having the feeling of progress being cumbersome. Truely a masterpiece and a must play for gamers of all genera. I struggle to find bad things to say about this game honestly, and the continued updates after all these years would likely fix any that arise :) WWWWWW",1775645236,1775645557,True,0,0,0.5,False,0,True,False,played switch quite hour getting pc version youre looking cozy enriched island farm enviroment game chill unwind one there much youre never left without goal achieve without feeling progress cumbersome truely masterpiece must play gamers genus struggle find bad thing say game honestly continued update year would likely fix arise wwwwww,0.8893,1
222789558,english,"Literally one of my favorite games of all time. There's so much to do, you can never get bored of it. Don't really want to farm? Focus on the animals, working your way through the mines, or fishing to make money instead. Just in it for the NPCs? No one would blame you. Wanna maximize profits as much as possible and hit perfection in record time? Also an option. Wanna do the complete opposite and take years to complete the community center? Honestly even better! AND there's so much more story to explore! Everyone should play this game, no matter what you are into, there is something fun to do :)",1775627922,1775627922,True,0,0,0.5,False,0,True,False,literally one favorite game time there much never get bored dont really want farm focus animal working way mine fishing make money instead npc one would blame wan na maximize profit much possible hit perfection record time also option wan na complete opposite take year complete community center honestly even better there much story explore everyone play game matter something fun,0.9658,1
222786908,english,Everybody loves this game. Classic chill farm sim with a surprising amount of depth. An inspiration of a generation of games that have followed in its footsteps.,1775623020,1775623020,True,0,0,0.5,False,0,True,False,everybody love game classic chill farm sim surprising amount depth inspiration generation game followed footstep,0.8481,1
222782904,english,"my cousin has been recommending this game for yrs but i wasnt really interested until recently and im so mad i didnt play sooner bc girl... THIS GAME IS SO FUN, the storys, the farm, the npcs, and just everything is perfect i really really REALLLLLY recommend if ur into story/farm game you will NOOOOT be disappointed!!!!!!",1775616488,1775616488,True,0,0,0.5,False,0,True,False,cousin recommending game yr wasnt really interested recently im mad didnt play sooner bc girl game fun story farm npc everything perfect really really reallllly recommend ur storyfarm game noooot disappointed,0.8193,1
222780501,english,"To say that I'm addicted to this game, well, that would definitely be an understatement. 

I'll admit, I'm not usually into these kinds of farming games, I play things like GTAV, Doom, and awhole bunch of racing games. So at first, I thought I would have been wasting 16 of my hard earned dollars. Turns out, I was wrong. 

It was hard to get the hang of it at first because I kind of wasn't sure what to do after doing the basics, so after scrolling TikTok I found out I can interact with villagers and then proceeded to find out I can romance some of these guys? Now THAT is something I wasn't expecting. Such an underrated game mechanic I wish more games had something like this! 

Anyways, the more I progressed and figured things out, the better and more enjoyable it became. I only have one save, but it's grown and I'm doing well. Now I'll admit here as well - I've began pining for Shane and Harvey and NO ONE CAN STOP ME. 

To that person on here who said they liked to throw rocks at Clint, me too. You're absolutely real for that bro.",1775612972,1775612972,True,0,0,0.5,False,0,True,False,say im addicted game well would definitely understatement ill admit im usually kind farming game play thing like gtav doom awhole bunch racing game first thought would wasting hard earned dollar turn wrong hard get hang first kind wasnt sure basic scrolling tiktok found interact villager proceeded find romance guy something wasnt expecting underrated game mechanic wish game something like anyways progressed figured thing better enjoyable became one save grown im well ill admit well ive began pining shane harvey one stop person said liked throw rock clint youre absolutely real bro,0.8849,1
222774586,english,"Its a very cozy game. Recommended for all players, especially if you're a fan of pixelart, and games like Animal Crossing.",1775604604,1775604604,True,0,0,0.5,False,0,True,False,cozy game recommended player especially youre fan pixelart game like animal crossing,0.7292,1
222772194,english,"Amazing game, love the visuals, the soundtrack, and especially the characters.
My only personal issue is the coinflip I must make each playthrough between either Abigail or Haley...",1775601459,1775601459,True,0,0,0.5,False,0,True,False,amazing game love visuals soundtrack especially character personal issue coinflip must make playthrough either abigail haley,0.8402,1
222771644,english,"It's the perfect cozy game that you can very rapidly take completely seriously. Truly, the game is what you make it and I think that's awesome. Be warned: it will consume you for a week or two, you'll forget about it for six months, and then it will consume you again. Amazing 10/10 experience.",1775600816,1775600816,True,0,0,0.5,False,0,True,False,perfect cozy game rapidly take completely seriously truly game make think thats awesome warned consume week two youll forget six month consume amazing experience,0.8953,1
222764670,english,GOATED GAME. If you're ever on the edge about getting this game - don't think twice and just get it. I'm not a gamer and I was addicted quick.,1775593089,1775593089,True,0,0,0.5,False,0,True,False,goated game youre ever edge getting game dont think twice get im gamer addicted quick,0.0,1
222759982,english,This game is absolutely addicting.. so calming and I love how the creator made it so easy to mod!,1775588356,1775588356,True,0,0,0.5,False,0,True,False,game absolutely addicting calming love creator made easy mod,0.9234,1
222751256,english,"bought this game 2 years ago and never put a minute into it, but sheesh. when i did it opened up a whole new realm of enjoyment for me at a different pace. great game and i havent even gone into much but fishin and farmin.
",1775580190,1775580190,True,0,0,0.5,False,0,True,False,bought game year ago never put minute sheesh opened whole new realm enjoyment different pace great game havent even gone much fishin farmin,0.9109,1
222749617,english,"Great farming game! Has something for everyone: casual gamers as well as min-maxers. Great to play with friends, too! (Panda <3)",1775578641,1775578641,True,0,0,0.5,False,0,True,False,great farming game something everyone casual gamers well minmaxers great play friend panda,0.953,1
222746450,english,"[b]Gameplay:[/b] Easy to learn, challenging to fully master. Even better with mods.
[b]Story & progression:[/b] Farming feels slow at first, but the characters and little stories suck you in and before you know it you are Pelican Town's favorite farmer.
[b]Visuals:[/b] Charming, colorful, there's a good reason people call this game cozy.
[b]Music & sound:[/b] The music hits you in the feels, and the sound effects are pure ASMR.
[b]Performance & polish:[/b] Polished to perfection, and runs on practically anything.

[b]My go-to comfort game that quietly takes over my brain in the best way. Thank you so much for everything, ConcernedApe and all the modders.[/b]",1775575592,1775575592,True,0,0,0.5,False,0,True,False,bgameplayb easy learn challenging fully master even better mod bstory progressionb farming feel slow first character little story suck know pelican town favorite farmer bvisualsb charming colorful there good reason people call game cozy bmusic soundb music hit feel sound effect pure asmr bperformance polishb polished perfection run practically anything bmy goto comfort game quietly take brain best way thank much everything concernedape moddersb,0.9865,1
222738245,english,"I'm playing Stardew Valley as an isekai. That means means fully immersing myself as an outsider transported into Pelican Town, focusing on building a ""harem"" of friendship/romance, mastering skills, and creating an ""aesthetically capitalist"" farm.  I AM Stardew Valley.... this is not cozy y'all",1775567729,1775567729,True,0,0,0.5,False,0,True,False,im playing stardew valley isekai mean mean fully immersing outsider transported pelican town focusing building harem friendshipromance mastering skill creating aesthetically capitalist farm stardew valley cozy yall,0.4588,1
222722740,english,i put off playing stardew valley for so long because i just thought i wouldnt like it but i finally started playing with a friend and now stardew valley invades my every waking and sleeping thought...help me,1775546102,1775546102,True,0,0,0.5,False,0,True,False,put playing stardew valley long thought wouldnt like finally started playing friend stardew valley invades every waking sleeping thoughthelp,0.7465,1
222722504,english,"i love stardew valley

heres my proper review:
stardew valley is genuinely adorable. the pixel art is super charming, and the game runs really smoothly. gameplay wise, theres a ton to do farming, fishing, mining, finding random secrets, building relationships with villagers, decorating your farm, and so much more.

i genuinely recommend it, especially since it goes on sale pretty often, so you might as well grab it.
i hope you find this review helpful <3

absolutely no cons perfect game",1775545659,1775545659,True,0,0,0.5,False,0,True,False,love stardew valley here proper review stardew valley genuinely adorable pixel art super charming game run really smoothly gameplay wise there ton farming fishing mining finding random secret building relationship villager decorating farm much genuinely recommend especially since go sale pretty often might well grab hope find review helpful absolutely con perfect game,0.9888,1
222719764,english,"Playing through this blind for the first time! Lots of trial and error involved, very cute game with cute, simple, and iconic graphics! I would personally recommend using the wiki, but the game is completely doable without it!",1775540511,1775540511,True,0,0,0.5,False,0,True,False,playing blind first time lot trial error involved cute game cute simple iconic graphic would personally recommend using wiki game completely doable without,0.5602,1
222717370,english,"I don't normally right proper reviews for games just a few words a maybe joking around but this game is something completely different to me. 

I usually get mad at games and things so easily but ever since I started playing this game a few days ago I feel such a sense of calm its crazy. This game is so relaxing and peaceful. Its mechanics are so simple but yet so fun an enjoyable. You can do whatever you want at your own pace. Its simply amazing. 

Giving people gifts and being able to pursue a relationship with certain people is also such a nice touch. I just got into a relationship with Haley and I've already had a few cutscenes with her since we were together and they are so cute! It's so simple but it shows love and its so sweet. 

This game has made me feel so much in such a short amount of time. I never thought I would enjoy this game as much as I do. 

11/10 would be the lowest I would go to rate this game.",1775536530,1775536530,True,0,0,0.5,False,0,True,False,dont normally right proper review game word maybe joking around game something completely different usually get mad game thing easily ever since started playing game day ago feel sense calm crazy game relaxing peaceful mechanic simple yet fun enjoyable whatever want pace simply amazing giving people gift able pursue relationship certain people also nice touch got relationship haley ive already cutscenes since together cute simple show love sweet game made feel much short amount time never thought would enjoy game much would lowest would go rate game,0.9948,1
222717281,english,"hi i freaking love this game. steam doesn't know this cuz i played stardew before i started syncing it through steam, but i have an additional 100 hours of gameplay that steam doesnt know about. i love this game i love this game i love this game i love this game i love this game. i have been using one singular save file this whole time and i haven't deviated or created another save ONCE and sebastian is my husband and i love this game",1775536377,1775536377,True,0,0,0.5,False,0,True,False,hi freaking love game steam doesnt know cuz played stardew started syncing steam additional hour gameplay steam doesnt know love game love game love game love game love game using one singular save file whole time havent deviated created another save sebastian husband love game,0.9942,1
222716813,english,"I love this game, it's so addicting and I'll lose myself into the rhythm of it for hours.",1775535637,1775535637,True,0,0,0.5,False,0,True,False,love game addicting ill lose rhythm hour,0.3612,1
222715810,english,"A timeless classic.
Cozy and chill—perfect to unwind with.

I got this for my girlfriend, who hadn’t played video games before, and she binge-played Stardew Valley like crazy. We both had a blast.

It’s perfect for couples.
Also i like Chickens !",1775534007,1775534007,True,0,0,0.5,False,1,True,False,timeless classic cozy chillperfect unwind got girlfriend hadnt played video game bingeplayed stardew valley like crazy blast perfect couple also like chicken,0.8398,1
222714275,english,Relaxing game that is great to play either alone or with friends and family.,1775531679,1775531679,True,0,0,0.5,False,0,True,False,relaxing game great play either alone friend family,0.8957,1
222714153,english,"I think that anything that could possibly be said about this game has already been said. It's very cute, relaxing, and just chaotic enough to keep any person with any playstyle interested for tens to hundreds of hours. 10/10",1775531498,1775531498,True,0,0,0.5,False,0,True,False,think anything could possibly said game already said cute relaxing chaotic enough keep person playstyle interested ten hundred hour,0.7408,1
222713211,english,My wife and I started playing this on the Nintendo Switch and now we have it on ps4/ps5 and computer so that we can play it wherever we need to. I would say its a game where life is a paradise and you can do whatever you want.  Very cozy and can fill hours of play time. I believe total we have close to 750 hours on it. Great game and happy to buy it again.,1775530152,1775530152,True,0,0,0.5,False,0,True,False,wife started playing nintendo switch psps computer play wherever need would say game life paradise whatever want cozy fill hour play time believe total close hour great game happy buy,0.9578,1
222708786,english,"This is the best game ever. This has cured all my aliments. It will cure all of yours. 1000/10 best thing since things have existed


Krobus is baby",1775523805,1775523805,True,0,0,0.5,False,0,True,False,best game ever cured aliment cure best thing since thing existed krobus baby,0.8555,1
222708043,english,"Stardew Valley is the perfect game to sit down and just chill. There's something really relaxing about the loop of it farming, mining, getting to know the villagers and it never really pressures you to do any of it. You set your own pace and that's kind of the point. I picked it up again on my Steam Deck and it's honestly the best way to play it. Perfect for on the road or just kicking back somewhere away from your desk. Highly recommend if you haven't tried it handheld.",1775522787,1775522787,True,0,0,0.5,False,0,True,False,stardew valley perfect game sit chill there something really relaxing loop farming mining getting know villager never really pressure set pace thats kind point picked steam deck honestly best way play perfect road kicking back somewhere away desk highly recommend havent tried handheld,0.9763,1
222708025,english,I have spent some time on this game and its really worth getting its like a mix of terraria and the sims but mods do make it alot better 10/10,1775522765,1775522765,True,0,0,0.5,False,0,True,False,spent time game really worth getting like mix terrarium sims mod make alot better,0.7349,1
222704869,english,Really good game! Really interesting history and graphics.,1775518536,1775518536,True,0,0,0.5,False,0,True,False,really good game really interesting history graphic,0.7564,1
222704024,english,"The best game ever made and it can run on a literal potato probably. And it's not $80.  And the solo dev is a nice guy, WTF more could you ask for?",1775517303,1775517303,True,0,0,0.5,False,0,True,False,best game ever made run literal potato probably solo dev nice guy wtf could ask,0.3542,1
222701998,english,"Well, this is a very nice game, indeed. The co-op option is so much fun. Helped me with loneliness; i've been playing once a week with a friend from university",1775514839,1775514839,True,0,0,0.5,False,0,True,False,well nice game indeed coop option much fun helped loneliness ive playing week friend university,0.8742,1
222701565,english,"fun and captivating, may seem repetitive at first but it's still really fun, especially with friends.",1775514342,1775514342,True,0,0,0.5,False,0,True,False,fun captivating may seem repetitive first still really fun especially friend,0.8926,1
222701165,english,"This game has little to no flaws, absolutely love the aesthetics and its a calm non overstimulating game for people",1775513890,1775513890,True,0,0,0.5,False,0,True,False,game little flaw absolutely love aesthetic calm non overstimulating game people,0.707,1
222701090,english,"I knew of the game for years as I was into crafting- and looting-heavy games. However, due to the pixel look of it, I avoided it for years. ""It can't be worthy of all that hype,"" I thought.  When I finally tried... OH MY GOD. What have I missed in my life for all these years!!! The music, the mechanism, the chill vibe, the pixelated but realistic everything (look at the maple tree seeds!). Of course, for a beginner who refused to cheat (okay I did eventually chicken-coded some sprinklers and a Return Scepter), I worked harder in Stardew Valley than my real work! Being a farmer 6-2!! Dang, I bet my character miss the easy life of a white-collar worker in the city... But what a world ConcernedApe has built! And he did it as a one-man team! What a dream! No marketing, product, IT team to meet constantly debating what's the best directions? And being one of the best selling game?! A living legend and a continuous inspiration for solo developers. I recently saw an interview with him where they discussed about fishing mechanism in the game being too hard. Lol. Get better noobs. And no, I have not got the Legend. So? Still love it. Without the challenge it wouldn't be so fun. That's the perfect balance of the game - not too easy to be boring but not too hard that you give up. I don't remember how much I bought it for, but it is one of the best however much I spent on a game. Last but not least, the items do not expire!!! What a relief for stress-prone people like me! I always come back when I need a escape. Thank you Stardew Valley! Thank you Eric!",1775513795,1775513795,True,0,0,0.5,False,0,True,False,knew game year crafting lootingheavy game however due pixel look avoided year cant worthy hype thought finally tried oh god missed life year music mechanism chill vibe pixelated realistic everything look maple tree seed course beginner refused cheat okay eventually chickencoded sprinkler return scepter worked harder stardew valley real work farmer dang bet character miss easy life whitecollar worker city world concernedape built oneman team dream marketing product team meet constantly debating whats best direction one best selling game living legend continuous inspiration solo developer recently saw interview discussed fishing mechanism game hard lol get better noobs got legend still love without challenge wouldnt fun thats perfect balance game easy boring hard give dont remember much bought one best however much spent game last least item expire relief stressprone people like always come back need escape thank stardew valley thank eric,0.9949,1
222701020,english,"Anyone who tells you that is this a relaxing game is a bold-faced liar. There is nothing ""cozy"" about double checking the game wiki every 10 seconds to plan out your day or booking it through the mines/caverns to farm enough material for some quests/recipes. Don't even get me started on digging for random artifacts to complete your collection. I wouldn't have it any other way.

10/10",1775513720,1775513720,True,0,0,0.5,False,0,True,False,anyone tell relaxing game boldfaced liar nothing cozy double checking game wiki every second plan day booking minescaverns farm enough material questsrecipes dont even get started digging random artifact complete collection wouldnt way,0.1154,1
222700835,english,"Seeing as I only have 22 hours on this game Ill need more time to make a fair judgement on it , so see you back in like 800 more hours. Buy it , you wont regret it . its peak
relaxing and just nice overall , i dont know what else to say . the OST is amazing too and just all the different things you can do is nice 10/10",1775513520,1775513520,True,0,0,0.5,False,0,True,False,seeing hour game ill need time make fair judgement see back like hour buy wont regret peak relaxing nice overall dont know else say ost amazing different thing nice,0.9426,1
222697262,english,Haven't made it past the first year yet but this game is fantastic. Would be peak gaming if you could marry multiple partners without modding.,1775509525,1775509525,True,0,0,0.5,False,0,True,False,havent made past first year yet game fantastic would peak gaming could marry multiple partner without modding,0.7096,1
222696396,english,Its so fun and addicting! I've played 70 hours and i haven't even done half of what this game has to offer!,1775508605,1775508605,True,0,0,0.5,False,0,True,False,fun addicting ive played hour havent even done half game offer,0.7634,1
222692987,english,good game very addictive but remember to irl hug your mother brush your teeth yake care,1775505327,1775505327,True,0,0,0.5,False,0,True,False,good game addictive remember irl hug mother brush teeth yake care,0.886,1
222691951,english,"Classic cozy farming game. I first played SDV in the 1.0 release, and come back to it over and over. I have bought it on OG PC, Tablet, Switch and Steam. I have thousands of hours in it over the years, and am having another run before the next update comes out. If you want a cozy game that has enough content to keep you busy for years without being a grind, this is the perfect game!",1775504342,1775504342,True,0,0,0.5,False,0,True,False,classic cozy farming game first played sdv release come back bought og pc tablet switch steam thousand hour year another run next update come want cozy game enough content keep busy year without grind perfect game,0.7712,1
222691191,english,"This game is perfect. Vanilla, modded, doesn't matter. It's sheer, life consuming perfection.",1775503691,1775503691,True,0,0,0.5,False,0,True,False,game perfect vanilla modded doesnt matter sheer life consuming perfection,0.8088,1
222688122,english,"I was a diehard hater of this game, though I have to admit it was mostly from biasies i gained from people who werent good to me loving it, but I tried it again after years, with a fresh plate, pushing down the bad memories, and I love it, I love it a lot, thank you ConcernedApe.",1775501024,1775501024,True,0,0,0.5,False,0,True,False,diehard hater game though admit mostly biasies gained people werent good loving tried year fresh plate pushing bad memory love love lot thank concernedape,0.9441,1
222687060,english,Wow I Always used to play This moded on my phone  but ♥♥♥♥♥♥♥♥♥ this is so fun while not having inf money and also doing comunnity center instead of joja for firts Time is alsó so friking good whould recomned this game,1775500086,1775500086,True,0,0,0.5,False,0,True,False,wow always used play moded phone fun inf money also comunnity center instead joja firts time al friking good whould recomned game,0.9352,1
222686314,english,"Great game on any platform. I enjoy it so much I purchased it for multiple platforms so I can play it on different devices! But WARNING: If you purchase, clear your schedule. This game is now your life. You've been warned.",1775499444,1775499444,True,0,0,0.5,False,0,True,False,great game platform enjoy much purchased multiple platform play different device warning purchase clear schedule game life youve warned,0.3252,1
222683049,english,"ARE YOU A MAN?

LISTEN up, i tell you good sir.
one does not need to farm cows and play nice with everyone.
a MAN can just brew ale and wine all day.
become a storied monster-slayer in the mines.
all the while orchestrating a harem of cute local girls.

yes, good sir.  the game is good.
(did i tell you, you can mod it as well)",1775496488,1775496488,True,0,0,0.5,False,0,True,False,man listen tell good sir one need farm cow play nice everyone man brew ale wine day become storied monsterslayer mine orchestrating harem cute local girl yes good sir game good tell mod well,0.9559,1
222682485,english,"i love this game, everything about this game is great. except for when i accidentally upset elliot. that made me cry.",1775496002,1775496002,True,0,0,0.5,False,0,True,False,love game everything game great except accidentally upset elliot made cry,0.296,1
222679445,english,I love this game! <3 I'm not even that far in but it's so cute and fun. Definitely good for the relatively low price too.,1775493372,1775493372,True,0,0,0.5,False,0,True,False,love game im even far cute fun definitely good relatively low price,0.9672,1
222676187,english,"I really like the game for its rewarding nature. However, I don't think that it is replayable for me",1775490575,1775490575,True,0,0,0.5,False,0,True,False,really like game rewarding nature however dont think replayable,0.7346,1
222675804,english,"I bought Stardew Valley thinking i'd casually water some crops and unwind. Instead, I accidentally became a full-time farmer, amateur fisherman, part-time miner, local therapist and unofficial mayor because the actual mayor is...let's just say 'busy'.",1775490224,1775490224,True,0,0,0.5,False,0,True,False,bought stardew valley thinking id casually water crop unwind instead accidentally became fulltime farmer amateur fisherman parttime miner local therapist unofficial mayor actual mayor islet say busy,-0.1779,1
222673311,english,"A fantastic game if you need to get away from life for a little while, or a long while...",1775488165,1775488165,True,0,0,0.5,False,0,True,False,fantastic game need get away life little long,0.5574,1
222672377,english,relaxing and amazing games even for my really old laptop,1775487417,1775487417,True,0,0,0.5,False,0,True,False,relaxing amazing game even really old laptop,0.7906,1
222669564,english,"I'm just play since 2016, still the best game chill for my history and for mechanic game is not really compleks but STILL FUN for play this game now on.",1775485034,1775485034,True,0,0,0.5,False,0,True,False,im play since still best game chill history mechanic game really compleks still fun play game,0.9177,1
222669288,english,"One of the best (actually) farming game I've ever played, it's like Terraria but top-down. It's like Foxhole but there are monsters and magic, and less stressful as well. The best is you can play it both online and offline, so in case you have a terrible internet but still wanna play a game, this is a go. Also it's heckin small for the size, and the vanilla version of the game is already filled with so many contents, I'd probably try using the mods in near future. Do wait for sale or huge sale to get a copy or copies for your friends. Or buy it in full price to support the one man dev.",1775484773,1775484773,True,0,0,0.5,False,0,True,False,one best actually farming game ive ever played like terrarium topdown like foxhole monster magic less stressful well best play online offline case terrible internet still wan na play game go also heckin small size vanilla version game already filled many content id probably try using mod near future wait sale huge sale get copy copy friend buy full price support one man dev,0.9729,1
222659581,english,"Very good very nice, I love this game too much to stop playing and study for my exams.

It's a problem, but I won't change",1775475317,1775475317,True,0,0,0.5,False,0,True,False,good nice love game much stop playing study exam problem wont change,0.6078,1
222654480,english,"I quit my corporate job in real life just by playing this game. Therapeutic masterpiece.

",1775469266,1775469266,True,0,0,0.5,False,0,True,False,quit corporate job real life playing game therapeutic masterpiece,0.7096,1
222652727,english,Brilliant game to play on relaxed nights with co-op.,1775467100,1775467100,True,0,0,0.5,False,0,True,False,brilliant game play relaxed night coop,0.8555,1
222651249,english,"This game is both - it keeps you stressed while being in a cave without better equipment (or go fishing )and is super cozy - taking care of animals, having a relationship, watering the plants and decorating the farm.

It is great if you want to play a game with different type of gamers, becuase you can switch between their play styles, join them and sometimes just seperate so you can just do you. 

It's great for it's simplicity. It looks like a little game, but the lore is huge. There are even apps to help you out how to receive something, how to make your relationship better (for example giving Abi the whole time stones) and how to make money and defeat the evil corperation. 

If you don't don't what game you should play next with your friends, because they are way to different for their playstyles, give Stardew Valley a try.",1775465231,1775465231,True,0,0,0.5,False,0,True,False,game keep stressed cave without better equipment go fishing super cozy taking care animal relationship watering plant decorating farm great want play game different type gamers becuase switch play style join sometimes seperate great simplicity look like little game lore huge even apps help receive something make relationship better example giving abi whole time stone make money defeat evil corperation dont dont game play next friend way different playstyles give stardew valley try,0.9151,1
222647985,english,"I love everything about this game, what i disliked about this game is the lack of auto move from place to place, teleport is bad but what about auto move, auto move if it's available would be good to have for me.",1775460702,1775460806,True,0,0,0.5,False,0,True,False,love everything game disliked game lack auto move place place teleport bad auto move auto move available would good,0.4019,1
222647862,english,this is a good game and you should play it because it has farming and it has fishes and it has mushrooms and it has chickens and cows and other cool farm animals and it also has cats and dogs and theres flowers and you can pick berries and make lots of money and also make lots of friends so you should play this game play it alone or play it with your friends the more the merrier,1775460547,1775460547,True,0,1,0.5,False,0,True,False,good game play farming fish mushroom chicken cow cool farm animal also cat dog there flower pick berry make lot money also make lot friend play game play alone play friend merrier,0.9637,1
222644680,english,"coming from a guy who mainly plays games like tf2, max payne and resident evil I still think this a really good game. its nice, easy, no high stakes, no losing progress because of one mistake. To me the best way to explain this game is nice even with the weird and now kinda sad way i got into the game. If you want something to relax and just have fun with play stardew",1775456240,1775456240,True,0,0,0.5,False,0,True,False,coming guy mainly play game like tf max payne resident evil still think really good game nice easy high stake losing progress one mistake best way explain game nice even weird kinda sad way got game want something relax fun play stardew,0.9298,1
222644354,english,"best game of all time. i owe thousands of hours across a dozen different platforms to concernedape. a true artist, endless respect",1775455771,1775455771,True,0,0,0.5,False,0,True,False,best game time owe thousand hour across dozen different platform concernedape true artist endless respect,0.8779,1
222643891,english,"It's a perfect game for casual gamer. All you just do is enjoy the game. No need to rush anything, especially for you who just wants to play slow and don't want to speed run this game. 9/10 game, highly recommend",1775455103,1775455103,True,0,0,0.5,False,0,True,False,perfect game casual gamer enjoy game need rush anything especially want play slow dont want speed run game game highly recommend,0.8878,1
222641112,english,"After 65 hours, I can safely say that Stardew Valley is more than just a farming simulator; it’s a masterpiece of game design. What starts as a simple task of clearing weeds and planting parsnips quickly evolves into a deeply rewarding loop of exploration, friendship, and discovery.

What I love: 
[b] The Atmosphere [/b]: The changing seasons and the incredible soundtrack make every day in-game feel unique.
[b] Depth [/b]: There is always something to do, whether it’s reaching the bottom of the mines, finishing the Community Center, or mastering the art of fishing.
[b] Character Growth [/b]: The NPCs aren't just background noise; they have real stories and struggles that make you feel like part of a community.

It’s the perfect game to unwind with after a long day. If you’re looking for a world to get lost in, this is it.",1775451075,1775451075,True,0,0,0.5,False,0,True,False,hour safely say stardew valley farming simulator masterpiece game design start simple task clearing weed planting parsnip quickly evolves deeply rewarding loop exploration friendship discovery love b atmosphere b changing season incredible soundtrack make every day ingame feel unique b depth b always something whether reaching bottom mine finishing community center mastering art fishing b character growth b npc arent background noise real story struggle make feel like part community perfect game unwind long day youre looking world get lost,0.9771,1
222635988,english,this game is the perfect mix of both casual farming game and adventure and roleplay game,1775444249,1775444249,True,0,0,0.5,False,0,True,False,game perfect mix casual farming game adventure roleplay game,0.7783,1
222634209,english,"Honestly, this is one of the best games I've ever played. Even the tedium feels surmountable. I come back to Stardew Valley regularly, and adore it every time. Even when things get weird...maybe especially when things get weird.",1775442060,1775442060,True,0,0,0.5,False,0,True,False,honestly one best game ive ever played even tedium feel surmountable come back stardew valley regularly adore every time even thing get weirdmaybe especially thing get weird,0.91,1
222632198,english,"Very cute, satisfying game with a lot of great lore to explore. Mods and additions are constantly added if that's what you're into, but I certainly find the vanilla game to be great! Lots of different ways to play the game.",1775439721,1775439721,True,0,0,0.5,False,0,True,False,cute satisfying game lot great lore explore mod addition constantly added thats youre certainly find vanilla game great lot different way play game,0.9582,1
222632004,english,"I really enjoy this game! really cozy and fun, although it does need the wiki unless you can remember every little thing. other than that it is really fun!",1775439491,1775439491,True,0,0,0.5,False,0,True,False,really enjoy game really cozy fun although need wiki unless remember every little thing really fun,0.9043,1
222630983,english,Its fun and amazing! That also adds a great farming feature and exploration with funny moments,1775438455,1775438455,True,0,0,0.5,False,0,True,False,fun amazing also add great farming feature exploration funny moment,0.9459,1
222624260,english,Really calm and good game but it can get a bit frustrated at times,1775431307,1775431307,True,0,0,0.5,False,0,True,False,really calm good game get bit frustrated time,-0.4062,1
222623809,english,"it's cozy and slow paced. Time doesn't move when offline so I can pick it up after a year of not playing just fine. I've only played for a bit, and don't remember all the controls yet, but it's good soft vibes. Lots and lots of content.",1775430811,1775430811,True,0,0,0.5,False,0,True,False,cozy slow paced time doesnt move offline pick year playing fine ive played bit dont remember control yet good soft vibe lot lot content,0.6301,1
222618000,english,"amazing games, never bored, always date sebs, been through many runs but haven't success any lol",1775424967,1775424967,True,0,0,0.5,False,0,True,False,amazing game never bored always date seb many run havent success lol,-0.6355,1
222617877,english,I have over 1000 hours in this on Nintendo Switch/Switch 2. I believe this is the best game ever made. HIGHLY RECOMMEND.,1775424853,1775424853,True,0,0,0.5,False,0,True,False,hour nintendo switchswitch believe best game ever made highly recommend,0.8576,1
222617413,english,Extremely cozy and if you don't want to speed run it feels like a game I could just play casually for as long or as little as I need.,1775424411,1775424411,True,0,0,0.5,False,0,True,False,extremely cozy dont want speed run feel like game could play casually long little need,0.6573,1
222615188,english,"Lovely time here, wish there were more trans townsfolks but tbh this game was already ahead of its time for the amount of work done by a single dev.",1775422452,1775422452,True,0,0,0.5,False,0,True,False,lovely time wish trans townsfolk tbh game already ahead time amount work done single dev,0.5023,1
222613600,english,A classic cozy game that you can lose yourself playing. This is a great introduction if you're looing to get into gaming. It has a great story line and a little bit of everything. Concerned Ape is a fantastic developer and I cannot wait to see what other worlds he creates. I will always come back to this game.,1775421024,1775421024,True,0,0,0.5,False,0,True,False,classic cozy game lose playing great introduction youre looing get gaming great story line little bit everything concerned ape fantastic developer wait see world creates always come back game,0.9186,1
222610304,english,"this game is so fun, i love how the storyline plays out and i cant wait to play more EEEEEK",1775418313,1775418313,True,0,0,0.5,False,0,True,False,game fun love storyline play cant wait play eeeeek,0.8652,1
222604500,english,"i am in love with this game! i can play as much and as little as i want, i dont have real time gardens to worry about, I have alot of game files spread over multiple platforms because i cant get enough!
10/10!!",1775413718,1775413718,True,0,0,0.5,False,0,True,False,love game play much little want dont real time garden worry alot game file spread multiple platform cant get enough,0.7086,1
222603901,english,It's extremely cozy with just enough randomness and comedy. Really love this game.,1775413239,1775413239,True,0,0,0.5,False,0,True,False,extremely cozy enough randomness comedy really love game,0.7902,1
222602108,english,its just amzing but not a simply farming game if thats what your looking for go elsewhere,1775411788,1775411788,True,0,0,0.5,False,0,True,False,amzing simply farming game thats looking go elsewhere,0.0,1
222598692,english,"spent 3 years talking to no one in the town then married Haley in Year 4 spring by spamming gifts up til her birthday, very realistic. love it.",1775409051,1775409051,True,0,0,0.5,False,0,True,False,spent year talking one town married haley year spring spamming gift til birthday realistic love,0.046,1
222598071,english,I find it so relaxing to play this game. it also helps me with making sure i am not rushing through things and just taking my time to enjoy the process. I also just love all the cozy vibes I get and how I don't feel tense the entire time I am playing the game. This is a game I can see myself continuing to play for years to come even after updates stop.,1775408547,1775408547,True,0,0,0.5,False,0,True,False,find relaxing play game also help making sure rushing thing taking time enjoy process also love cozy vibe get dont feel tense entire time playing game game see continuing play year come even update stop,0.9697,1
222596125,english,A classic and addictive farming simulator. Cannot believe it took me 10 years to play this game.,1775407068,1775407068,True,0,0,0.5,False,0,True,False,classic addictive farming simulator believe took year play game,0.34,1
222595435,english,"One of my favorite sandbox experiences ever. The ability to go in any direction you want; you can focus on the small story elements, interactions with NPC's, or just work on your farm. Just a super addicting game 10/10",1775406534,1775406534,True,0,0,0.5,False,0,True,False,one favorite sandbox experience ever ability go direction want focus small story element interaction npc work farm super addicting game,0.8591,1
222594080,english,"I love playing this game. There are a lot of mindless tasks to complete. Finishing them gives rewards. And if you don't complete them then you aren't pushed. It takes a bit of effort to complete some tasks. I have needed to look up how to do certain things (like how to make clothes, what people like, etc). All in all. It is a great game for anyone looking for easy fun.",1775405500,1775405500,True,0,0,0.5,False,0,True,False,love playing game lot mindless task complete finishing give reward dont complete arent pushed take bit effort complete task needed look certain thing like make clothes people like etc great game anyone looking easy fun,0.9643,1
222589723,english,This game is a hard but slow game. It is a very good game to play if you just want to relax. I can also be able to play it for 5 mins at a time an then stop and continue the next day. perfect for relaxing.,1775402180,1775402180,True,0,0,0.5,False,0,True,False,game hard slow game good game play want relax also able play min time stop continue next day perfect relaxing,0.9724,1
222589164,english,"the BEST game ever. it can be confusing at first but the more you play it the better it gets and theres so much to do, especially with friends!",1775401768,1775401768,True,0,0,0.5,False,0,True,False,best game ever confusing first play better get there much especially friend,0.9407,1
222587841,english,"Stardew Valley is a calm and relaxing game that’s easy to get into.

It offers a nice balance between farming, exploration, and interacting with villagers. If you feel a bit tired or just want something peaceful, this game is a great choice.

The pacing is flexible—you can play at your own speed without pressure, which makes it easy to come back to anytime.

Simple, but very enjoyable.
",1775400784,1775400784,True,0,0,0.5,False,0,True,False,stardew valley calm relaxing game thats easy get offer nice balance farming exploration interacting villager feel bit tired want something peaceful game great choice pacing flexibleyou play speed without pressure make easy come back anytime simple enjoyable,0.9458,1
222586189,english,"Great game, can play it over and over with all the farms you can try. Closest thing to Harvest Moon which I love. Some adult themes.",1775399594,1775399594,True,0,0,0.5,False,0,True,False,great game play farm try closest thing harvest moon love adult theme,0.8934,1
222586073,english,"stardew valley is a really fun and addicting game. it isnt fast paced or slow paced unless you want it to be. i like how theres not really a goal you have to follow in the game but you can make your own goal. get this game if you like cozy stuff, farming, animal crossing, and few restrictions from doing what you want to",1775399511,1775399511,True,0,0,0.5,False,0,True,False,stardew valley really fun addicting game isnt fast paced slow paced unless want like there really goal follow game make goal get game like cozy stuff farming animal crossing restriction want,0.7843,1
222578895,english,Super relaxing game even if I do get frustrated trying to get the community centre tasks!,1775393506,1775393506,True,0,0,0.5,False,0,True,False,super relaxing game even get frustrated trying get community centre task,0.6114,1
222577968,english,fun cozy game can spend endless hours and playthroughs sticking it to the man and growing a wholesome community,1775392733,1775392733,True,0,0,0.5,False,0,True,False,fun cozy game spend endless hour playthroughs sticking man growing wholesome community,0.6124,1
222568893,english,"[i] On a personal note: this game literally pulled me out of a mental abyss. I spent hundreds of hours in Stardew while stuck in a hospital bed for months. When my real world shrank to four walls and depression made it hard to even breathe, Stardew Valley became the one place where I felt like I could ""function"" again.
There’s this quirk in the game: at exactly 2:00 AM, you pass out right where you stand. You’d think panicking to get out of the mines before you collapse next to a slime wouldn't be ""relaxing,"" but there’s a strange salvation in that limit. When your real life is falling apart and everything feels out of control, these predictable little days give you a foothold. You start planning: ""Today, I’ll water the pumpkins and visit some friends."" That tiny in-game success trickles into reality, making you believe you can handle things there, too. The rush becomes a cozy ritual that helps you get through one more day. It doesn't let you stay stuck; you’re the one deciding what tomorrow morning looks like. [/i]

[b] Why you’ll want to stay: [/b]

[b] The Magic of Small Things [/b]
• There’s no overwhelming ""grand quest."" Your world is just a neglected plot of land, a couple of chickens, and an old watering can. But watching a wasteland turn into tidy rows of crops gives you more strength than slaying any dragon ever could. It’s about creating something when you feel burnt out inside.

 [b] Heartfelt Characters [/b] 
• The NPCs aren't just collections of dialogue; they are deeply human. Everyone has their own pain, their own quiet joys and fears. You’ll meet people struggling with addiction, feeling useless, or fearing the future. As you build friendships, you realize you aren't alone in your vulnerability. I love how they move through the world, living their own lives regardless of what you're doing./

[b] The Passing of Seasons [/b] 
•  When you’re physically stuck indoors, the shifting seasons in the game feel almost tangible. That first day of Spring after a long, quiet Winter feels like a genuine breath of fresh air.

•  [b] You can really fix him. [/b]

The Verdict:
If reality feels too heavy right now, or if you just need a cozy corner to hide from the chaos-get this game without a second thought. It’s a place where you’re allowed to just be.
Take care of yourselves, and remember: Spring always follows Winter. Even when it feels like it might never show up.",1775383901,1775384065,True,0,0,0.5,False,0,True,False,personal note game literally pulled mental abyss spent hundred hour stardew stuck hospital bed month real world shrank four wall depression made hard even breathe stardew valley became one place felt like could function there quirk game exactly pas right stand youd think panicking get mine collapse next slime wouldnt relaxing there strange salvation limit real life falling apart everything feel control predictable little day give foothold start planning today ill water pumpkin visit friend tiny ingame success trickle reality making believe handle thing rush becomes cozy ritual help get one day doesnt let stay stuck youre one deciding tomorrow morning look like b youll want stay b b magic small thing b there overwhelming grand quest world neglected plot land couple chicken old watering watching wasteland turn tidy row crop give strength slaying dragon ever could creating something feel burnt inside b heartfelt character b npc arent collection dialogue deeply human everyone pain quiet joy fear youll meet people struggling addiction feeling useless fearing future build friendship realize arent alone vulnerability love move world living life regardless youre b passing season b youre physically stuck indoors shifting season game feel almost tangible first day spring long quiet winter feel like genuine breath fresh air b really fix b verdict reality feel heavy right need cozy corner hide chaosget game without second thought place youre allowed take care remember spring always follows winter even feel like might never show,0.9578,1
222562074,english,"Absolutely great indie game, bought it a week ago and already so hooked onto it, wide variety of stuff you can do and many different quests so you don't get bored, absolute",1775376242,1775376242,True,0,0,0.5,False,0,True,False,absolutely great indie game bought week ago already hooked onto wide variety stuff many different quest dont get bored absolute,0.7357,1
222556042,english,Best game to play before bed. Love that is has local coop too,1775368620,1775368620,True,0,0,0.5,False,0,True,False,best game play bed love local coop,0.8957,1
222555028,english,"Love the game, keep coming back to it.

Dev also keeps providing updates every so often.",1775367331,1775367331,True,0,0,0.5,False,0,True,False,love game keep coming back dev also keep providing update every often,0.6369,1
222554739,english,Stardew is a relaxing and just really satisfying game to play. If you like cozy games Stardew Valley is 100% worth it. Also its very easy to run even with mods with low specs,1775366926,1775366926,True,0,0,0.5,False,0,True,False,stardew relaxing really satisfying game play like cozy game stardew valley worth also easy run even mod low spec,0.9244,1
222553353,english,"Best farm sim ever, spent the entire week playing this game after the day I got it, the artwork is fabulous and such a chill / relaxing vibe this game has.",1775365062,1775365062,True,0,0,0.5,False,0,True,False,best farm sim ever spent entire week playing game day got artwork fabulous chill relaxing vibe game,0.9118,1
222552940,english,"the OG, an iconic piece of game tech. I prefer to play with light QOL mods, i'm not into grinding. Definitely still a fun, replayable game.",1775364563,1775364563,True,0,0,0.5,False,0,True,False,og iconic piece game tech prefer play light qol mod im grinding definitely still fun replayable game,0.5334,1
222552118,english,lovely game! and so much storyline then just a little farming sim once you get into it!,1775363567,1775363567,True,0,0,0.5,False,0,True,False,lovely game much storyline little farming sim get,0.658,1
222551449,english,The game was a little confusing at the start for someone who hasn't played or watched content of it but the more I play the more hooked I get,1775362713,1775362713,True,0,0,0.5,False,0,True,False,game little confusing start someone hasnt played watched content play hooked get,0.4055,1
222546953,english,I think the amount of hours I played on this game speak for itself. This game is a masterpiece that you'll never get tired of.,1775357094,1775357094,True,0,0,0.5,False,0,True,False,think amount hour played game speak game masterpiece youll never get tired,0.8362,1
222546753,english,"Have played through this game multiple times and still keep coming back to it. The ultimate cozy escapist fantasy come true. Build your farm, meet the townspeople, go explore the mines, ride your horse, go to the fair, adopt a pet, find a spouse, have some kids, kick the corporate machine out of town, raise a cow, a chicken, an ostrich, or a dinosaur. Make friends, sell wine, build an island resort, and make sure to impress grandpa!",1775356864,1775356970,True,0,0,0.5,False,0,True,False,played game multiple time still keep coming back ultimate cozy escapist fantasy come true build farm meet townspeople go explore mine ride horse go fair adopt pet find spouse kid kick corporate machine town raise cow chicken ostrich dinosaur make friend sell wine build island resort make sure impress grandpa,0.9412,1
222540988,english,"Sadly you can't marry the hot sexy mysterious wizard who lives in a tower away from society, which is a reallllll bummer but overall pretty great game concerned ape.",1775349944,1775349944,True,0,0,0.5,False,0,True,False,sadly cant marry hot sexy mysterious wizard life tower away society reallllll bummer overall pretty great game concerned ape,0.8873,1
222536529,english,"Played this game since release on PS4, IoS, PC, and Switch. Play it with my entire family, and would recommend it to everyone!",1775344769,1775344769,True,0,0,0.5,False,0,True,False,played game since release p io pc switch play entire family would recommend everyone,0.7644,1
222536512,english,"i love this game so much i've bought it for pc, xbox, switch, mobile and i also have the boardgame, highly recommend!",1775344751,1775344751,True,0,0,0.5,False,0,True,False,love game much ive bought pc xbox switch mobile also boardgame highly recommend,0.8066,1
222536347,english,"Cozy game that never disappoints.  Build a cute farm, make friends with the villagers, and delve deep into the mines and lore of the game.",1775344560,1775344560,True,0,0,0.5,False,0,True,False,cozy game never disappoints build cute farm make friend villager delve deep mine lore game,0.4222,1
222528235,english,"【 401 Hours: The ""Cozy Farming"" Lie 】

They told me this was a cozy, relaxing farming simulator where I could escape the stressful corporate grind. 401 hours later, I am running a ruthless, multi-million dollar ancient fruit wine monopoly, I have a spreadsheet open on my second monitor, and I haven't slept because ""I just need to finish this one season.""

Stardew Valley is the most stressful relaxing game ever made, and I am hopelessly addicted.

The ""Just One More Day"" Pipeline
The gameplay loop is dangerously perfect. You start off just watering a few parsnips and chatting with the locals. But before you know it, you are calculating the exact growth cycles of starfruit to maximize profit, memorizing the villagers' daily schedules like a stalker just to hand them a jar of mayonnaise, and plotting the absolute financial ruin of Pierre (because we all hate Pierre).

The Masterclass of Solo Development
We have to talk about ConcernedApe (Eric Barone). The fact that this entire game—the code, the gorgeous pixel art, the incredibly catchy soundtrack, and years of massive, free content updates—was created by one guy is mind-blowing. It genuinely makes modern AAA studios with $200 million budgets look embarrassing.

The Verdict
Whether you actually want to relax, pet your chickens, and decorate a cute farm, or you want to min-max your crop yield and turn into an agricultural capitalist optimizing every single square tile of your land, this game accommodates you perfectly.

Just a warning: Do not buy this if you value your sleep schedule. You will blink, and it will be 4 AM.

【 Final Ratings 】

Addiction Level: 11/10

Developer Respect: 100/10

Hatred for Pierre: Infinite

Overall Masterpiece: 10/10",1775336713,1775336713,True,0,0,0.5,False,0,True,False,hour cozy farming lie told cozy relaxing farming simulator could escape stressful corporate grind hour later running ruthless multimillion dollar ancient fruit wine monopoly spreadsheet open second monitor havent slept need finish one season stardew valley stressful relaxing game ever made hopelessly addicted one day pipeline gameplay loop dangerously perfect start watering parsnip chatting local know calculating exact growth cycle starfruit maximize profit memorizing villager daily schedule like stalker hand jar mayonnaise plotting absolute financial ruin pierre hate pierre masterclass solo development talk concernedape eric barone fact entire gamethe code gorgeous pixel art incredibly catchy soundtrack year massive free content updateswas created one guy mindblowing genuinely make modern aaa studio million budget look embarrassing verdict whether actually want relax pet chicken decorate cute farm want minmax crop yield turn agricultural capitalist optimizing every single square tile land game accommodates perfectly warning buy value sleep schedule blink final rating addiction level developer respect hatred pierre infinite overall masterpiece,0.9903,1
222524125,english,"This game is absolutely incredible, there are plenty of quests to do and so many different jobs to do. If you like adventurous fun-filled games, you will love this. From farming to mining, to making friends to fishing and sooo much more. I highly recommend this game. Has had a big update recently too.",1775333161,1775333161,True,0,0,0.5,False,0,True,False,game absolutely incredible plenty quest many different job like adventurous funfilled game love farming mining making friend fishing sooo much highly recommend game big update recently,0.9357,1
222521863,english,"ConcernedApe is the best! lots of free updates with new content, works around MODS and listens to his fans! ive been playing Stardew for almost 3 years now on Xbox and Mobile. I wanted a PC version to add mods but honestly this game is the best game out there.",1775331359,1775331359,True,0,0,0.5,False,0,True,False,concernedape best lot free update new content work around mod listens fan ive playing stardew almost year xbox mobile wanted pc version add mod honestly game best game,0.948,1
222521841,english,"It's the perfect blend of Harvest Moon, Animal Crossing, and darker, adult themes. It's a sandbox farming simulator but with just enough guidance to still make it enjoyable.",1775331344,1775331344,True,0,0,0.5,False,0,True,False,perfect blend harvest moon animal crossing darker adult theme sandbox farming simulator enough guidance still make enjoyable,0.7351,1
222521232,english,"would recommend if you enjoy:

turning spreadsheets into personality
emotional attachment to pixel chickens
forgetting what year it is (in-game AND real life)

anyway gotta go, my strawberries are ready and I haven’t spoken to a real human in 3 days 🌚",1775330884,1775330884,True,0,1,0.5,False,0,True,False,would recommend enjoy turning spreadsheet personality emotional attachment pixel chicken forgetting year ingame real life anyway got ta go strawberry ready havent spoken real human day,0.875,1
222519679,english,I love Stardew so much!!! Such a peaceful break from the stresses of real life. I would happily play this game for years.,1775329631,1775329631,True,0,0,0.5,False,0,True,False,love stardew much peaceful break stress real life would happily play game year,0.9107,1
222519194,english,"Really soothing game. It's more complex than it looks. Characters are very well written, and makes you want to actually figure out their interests and befriend them.",1775329267,1775329267,True,0,0,0.5,False,0,True,False,really soothing game complex look character well written make want actually figure interest befriend,0.742,1
222519184,english,i was hesitant about this game because i dont like animal crossing. i love fishing.,1775329255,1775329255,True,0,0,0.5,False,0,True,False,hesitant game dont like animal crossing love fishing,0.2709,1
222514342,english,"OMG I LOVE this game!!! Its not just about farming there is SO many paths you can take. The cute art style and music is just what I need after a long day. Its good far all ages, I think i started my first one when I was 4. I have loved this game for years ( I have over 300 hours on it ) and would definitely recommend it to all. You must try it!!!!",1775325494,1775325494,True,0,0,0.5,False,0,True,False,omg love game farming many path take cute art style music need long day good far age think started first one loved game year hour would definitely recommend must try,0.9686,1
222510013,english,"my gf makes me play this game alot and i think its fun when im in the mood

i also like saying senbonzakura kageyoshi when cherry blossoms fall",1775322153,1775322153,True,0,0,0.5,False,0,True,False,gf make play game alot think fun im mood also like saying senbonzakura kageyoshi cherry blossom fall,0.802,1
222508776,english,LOve this game so fun as a multi-player game and to play with friends!!!,1775321223,1775321223,True,0,0,0.5,False,0,True,False,love game fun multiplayer game play friend,0.9415,1
222506765,english,"An amazing game you can play with your friends, and explore a lot of things, I Suggest it for people who wanna relax, explore and love to design and do tasks",1775319698,1775319698,True,0,0,0.5,False,0,True,False,amazing game play friend explore lot thing suggest people wan na relax explore love design task,0.9468,1
222505461,english,One of the greatest video games of all time. Achieves number one spot with the mod that removes Clint and Pierre,1775318742,1775318742,True,0,0,0.5,False,0,True,False,one greatest video game time achieves number one spot mod remove clint pierre,0.6705,1
222500643,english,"love this game sm! I love the variety it offers with the farm types, pets and spouses (tho I choose <harvey every time). SV works amazingly with mods as well and ConcernedApe (the creator) always looks out for us mod users as well",1775315136,1775315136,True,0,0,0.5,False,0,True,False,love game sm love variety offer farm type pet spouse tho choose harvey every time sv work amazingly mod well concernedape creator always look u mod user well,0.9168,1
222483837,english,"I have this game on just about every platform that I play on but I didn't give it the proper time that it deserves until recently. I have been playing it a TON throughout the last month or so and it's a very refreshing break from the fast pace shooters like COD or Apex Legends that I used to play a couple years ago. But I've started shifting towards the more slow pace and relaxing games like Minecraft and Truck/Train Simulator, and now this as well, the past while. The thing I find most enjoyable is the amount of ways you can make money in the game. I have a very ADHD brain and so it's nice that I'm not forced to spend my time doing 3 or 4 activities to gain money, but it's also nice that I can make my own things as well or focus on the community center or birthdays, relationships, or any of the other things that I'm yet to explore.

I like the idea of keeping some crops and areas of the map hidden or locked until you've worked for it. I LOVE the way all the buildings are actually explorable and have secrets/functions instead of just being for show, I love RP style games and stuff like that really is noticed. 

The seasons are a really cool feature as well, I like how in winter it can be really challenging and frustrating because a lot of things don't grow, and I like how the crops from the previous season will be destroyed in the next, that really adds to making sure you are on top of the date and planning or future seasons really well.

The last thing I have to add is the microtransactions in this game, and by that, I mean that as far as I've seen their aren't any. Seriously hats off for still having a game this simple all these years later. In a world where every game has microtransactions and skins to unlock and battle passes and all that, it is so breathtakingly wonderful to in 2026 be able to still click play, no ads or events or anything stupid, and within 15 seconds of starting the game I'm in my farm, thank you for not changing that.

Anyways I'd highly recommend this game if you're looking for something that will keep you occupied for a long time.",1775300476,1775300476,True,0,0,0.5,False,0,True,False,game every platform play didnt give proper time deserves recently playing ton throughout last month refreshing break fast pace shooter like cod apex legend used play couple year ago ive started shifting towards slow pace relaxing game like minecraft trucktrain simulator well past thing find enjoyable amount way make money game adhd brain nice im forced spend time activity gain money also nice make thing well focus community center birthday relationship thing im yet explore like idea keeping crop area map hidden locked youve worked love way building actually explorable secretsfunctions instead show love rp style game stuff like really noticed season really cool feature well like winter really challenging frustrating lot thing dont grow like crop previous season destroyed next really add making sure top date planning future season really well last thing add microtransactions game mean far ive seen arent seriously hat still game simple year later world every game microtransactions skin unlock battle pass breathtakingly wonderful able still click play ad event anything stupid within second starting game im farm thank changing anyways id highly recommend game youre looking something keep occupied long time,0.9978,1
222481948,english,"There is so much to do in this game it's actually ridiculous. I thought I was making good progress and then I opened the wiki and realised I had barely touched half of it. It's weirdly relaxing. Therapeutic almost. And if you're the type who needs to finish everything? Buckle up. In the best way. There's always something to chase, always a reason to get through one more day, just one more season. The ""one more turn"" feeling but make it cottagecore.",1775298516,1775298516,True,0,0,0.5,False,0,True,False,much game actually ridiculous thought making good progress opened wiki realised barely touched half weirdly relaxing therapeutic almost youre type need finish everything buckle best way there always something chase always reason get one day one season one turn feeling make cottagecore,0.6797,1
222476923,english,best indie farming game on the platform . well you cant call it farming when you are getting chased by green demons in an a ancient cavern with a skull . zero survival instincts . excellent game .,1775293069,1775293069,True,0,0,0.5,False,0,True,False,best indie farming game platform well cant call farming getting chased green demon ancient cavern skull zero survival instinct excellent game,0.875,1
222472205,english,"Cozy and easy for beginner gamers, and overall just a fun game. Kinda similar to animal crossing in some ways, so if you like that game, this will probably be for you.",1775287360,1775287360,True,0,0,0.5,False,0,True,False,cozy easy beginner gamers overall fun game kinda similar animal crossing way like game probably,0.8387,1
222472194,english,"chill game, you can do a lot of stuff depending on what you want to do.",1775287345,1775287345,True,0,0,0.5,False,0,True,False,chill game lot stuff depending want,0.0772,1
222465824,english,"I have almost 0 complaintds about this game. Vanilla game is loaded with content, and mods expand those even more. Perfect to play after school, work, or even just as a pasttime. My only complaint with this is that it doesn't support crossplay which made me unable to play with some friends who had the game on their phones. Would be better if it supported crossplay so I can play with others on all platforms. 
",1775279394,1775279394,True,0,0,0.5,False,0,True,False,almost complaintds game vanilla game loaded content mod expand even perfect play school work even pasttime complaint doesnt support crossplay made unable play friend game phone would better supported crossplay play others platform,0.9526,1
222463967,english,this game is so cute and so awesome with friends would recommend this game to all my friend's and family one hundred and a thousand forty six percent!,1775277157,1775277157,True,0,0,0.5,False,0,True,False,game cute awesome friend would recommend game friend family one hundred thousand forty six percent,0.9373,1
222460255,english,"STARDEW VALLEY. this is a very fun game, i havent even finished my first year in this game and im obbsesed, if your wondering why i have so much hours on this game, its because i go afk sometimes. If your deciding weather or not to buy this game, just trust me on this weather your a boy, girl, young, or old, get the damn game. its addicting but not in a way thats bad for you. its got so much stuff to do that theres just nothing you cant do. from fishing the 5 legendery fish in the game (or 6 i dont remember) to choosing the right person to marry and give gifts to. at first, you may think this game is boring or just simple. but just trust the process. i wish you luck on your farm!",1775272756,1775272993,True,0,0,0.5,False,0,True,False,stardew valley fun game havent even finished first year game im obbsesed wondering much hour game go afk sometimes deciding weather buy game trust weather boy girl young old get damn game addicting way thats bad got much stuff there nothing cant fishing legendery fish game dont remember choosing right person marry give gift first may think game boring simple trust process wish luck farm,0.8014,1
222459085,english,Literally the best farming simulator & cozy game ever made.,1775271395,1775271395,True,0,0,0.5,False,0,True,False,literally best farming simulator cozy game ever made,0.6369,1
222458667,english,"This is the GAME, if you are thinking of buying the game, dont think it anymore, BUY THIS GEM!",1775270927,1775270927,True,0,0,0.5,False,0,True,False,game thinking buying game dont think anymore buy gem,0.0,1
222452967,english,I have played this game 40+ hours on my Xbox and it was an addicting amount of fun!  Because of that I purchased it here on steam.  I look forward to my Stardew adventures!  I wish I had tried this game sooner!,1775264656,1775264656,True,0,0,0.5,False,0,True,False,played game hour xbox addicting amount fun purchased steam look forward stardew adventure wish tried game sooner,0.8928,1
222452534,english,"if you like cozy games with a tiny bit of action on the side this game is definitely for you. I like Stardew Valley because i can get married, its a cozy farming simulator and its a game that you can just zone out and play. There is nothing that i dont like about Stardew Valley, its the ideal game for we becuase it includes everything i wanted in a game.",1775264169,1775264169,True,0,0,0.5,False,0,True,False,like cozy game tiny bit action side game definitely like stardew valley get married cozy farming simulator game zone play nothing dont like stardew valley ideal game becuase includes everything wanted game,0.9325,1
222450453,english,"This game is a good game and interesting to play, until i forgot time. Bread 👍",1775261496,1775261496,True,0,0,0.5,False,0,True,False,game good game interesting play forgot time bread,0.7906,1
222448437,english,"As someone who has poured just under 500 hours into this game over the course of many years, I would be remiss not to give it my sincerest recommendation. For anybody who's mind is quieted and calmed by structure and schedule, anybody who is thrilled with gradually expanding exploration, for the people who like to collect and forage all that they can, for the side-questers, for the monster-hunters, and for the dads who just love to catch fish and date deadbeat alcoholics. This game is truly one of the most versatile, yet interesting and well-defined games I have ever played. I highly encourage you to try it if any of the above is your thing, as the best part is you can choose when and what you spend your time doing.

10/10.",1775259117,1775259117,True,0,0,0.5,False,0,True,False,someone poured hour game course many year would remiss give sincerest recommendation anybody who mind quieted calmed structure schedule anybody thrilled gradually expanding exploration people like collect forage sidequesters monsterhunters dad love catch fish date deadbeat alcoholic game truly one versatile yet interesting welldefined game ever played highly encourage try thing best part choose spend time,0.9851,1
222446630,english,"There's a surprising amount of content in this ""small"" game and for a low price. There are also many mods available for an even more enjoyable experience. I highly recommend trying this out even if it's not usually your type of game.",1775257121,1775257121,True,0,0,0.5,False,0,True,False,there surprising amount content small game low price also many mod available even enjoyable experience highly recommend trying even usually type game,0.7172,1
222437314,english,Actually nice to have a game that has SOUL and lots of effort put into it. Good to know the dev also just enjoys making games and wouldn't scam his fans.,1775248436,1775248436,True,0,0,0.5,False,0,True,False,actually nice game soul lot effort put good know dev also enjoys making game wouldnt scam fan,0.9,1
222436327,english,"Planting, harvesting, selling and fishing, and mining, great addictive game to past time. 

Ever since then, i have always longed for the mines, i yearned for the mines.",1775247611,1775247611,True,0,0,0.5,False,0,True,False,planting harvesting selling fishing mining great addictive game past time ever since always longed mine yearned mine,0.6249,1
222433984,english,"a calm game for farm sin lovers it is so enjoyable and i have had a fantastic time, and i meaan it.",1775245654,1775245654,True,0,0,0.5,False,0,True,False,calm game farm sin lover enjoyable fantastic time meaan,0.857,1
222430944,english,"I bought this game on one occasion and thought it was boring, but I tried it a second time and it was awesome. The game is simply godlike — it’s like cocaine. I’ve played around 50 hours, and I bought it just a week ago.
",1775243187,1775243187,True,0,0,0.5,False,0,True,False,bought game one occasion thought boring tried second time awesome game simply godlike like cocaine ive played around hour bought week ago,0.9072,1
222428160,english,"Honestly such a cozy fun chill game, i went into it without any high expectations but wow how i got easily addicted -w-
honestly such a perfect game whether you wanna play alone, with friends or SO~
from quest, story, dating and farming there's so much to do but also no rush..
i highly recommend this game as it's easily become one if my favourites ^^",1775240994,1775241392,True,0,0,0.5,False,0,True,False,honestly cozy fun chill game went without high expectation wow got easily addicted w honestly perfect game whether wan na play alone friend quest story dating farming there much also rush highly recommend game easily become one favourite,0.9852,1
222425226,english,"livelaughlove stardew. an amazing game with lots to offer, plus a ton of amazing mods can be added to it as well. awesome if you like farming sims or cute and chill games to pass time.",1775238668,1775238668,True,0,0,0.5,False,0,True,False,livelaughlove stardew amazing game lot offer plus ton amazing mod added well awesome like farming sims cute chill game pas time,0.9601,1
222423694,english,"Very good and super addictive, not necessarily a cozy game though (which is fine)",1775237481,1775237481,True,0,0,0.5,False,0,True,False,good super addictive necessarily cozy game though fine,0.8104,1
222423244,english,it aint just a farming game and it has probaly my favourite game easter egs so if u want a fun chill multiplayer game than this is for u,1775237103,1775237103,True,0,0,0.5,False,0,True,False,aint farming game probaly favourite game easter egs u want fun chill multiplayer game u,0.63,1
222422234,english,"Undervalued game with great dynamics and friendly/chill atmosphere.
Runs perfectly on Linux(Ubuntu and Arch!) with 2 controllers in co op-screen-sharing mode.
Really just a perfect game",1775236320,1775236320,True,0,0,0.5,False,0,True,False,undervalued game great dynamic friendlychill atmosphere run perfectly linuxubuntu arch controller co opscreensharing mode really perfect game,0.94,1
222420893,english,"you can do what you want, the game does not force you to attend to anything in particular, you can farm or mine or fish or help NPCs or whatever.",1775235280,1775235280,True,0,0,0.5,False,0,True,False,want game force attend anything particular farm mine fish help npc whatever,0.4588,1
222420738,english,"Where to begin?
Stardew Valley is a farming simulator, solo developed by Eric Barone. If you're an enjoyer of farming games with extra content and thinking of buying Stardew Valley, you've already made one mistake. That is, obviously, not downloading the game sooner.

Stardew Valley is a masterpiece, dare I say the magnum opus of Eric Barone. Heaps of content are available in this game. From farming, to combat, to mining, there is a field that covers almost every main skill in a game. Even the NPCs are not static, nor random. Calculated schedules based on season, day, and weather? Yes. Unique cutscenes at specific times and friendship points? Yes. Unique and bountiful dialogue that also differs from day, season, weather, and relationship status? Absolutely yes.

Not to mention the storyline of the game! Amazing storyline from start to finish. Each character, the main ones, that is, have a unique storyline that gradually unfolds like a sunflower blooming in the crisp summer air. Even if you don't like stories, which, if you're a fan of misery and the excessive need for effeciency, half of it is optional if you want to access 90%+ of the non-story content. 

The designs are pixelated. It takes a lot of dedication to design 24 skin tones, 74 hairstyles, 112 clothes, 4 pants, and 31 accessories. And this only includes the player! 

Every update receives a new and unique farm type. Every update receives new mechanics and new machines. There has been 6 updates as of now, April 2026, and Stardew is 10 years old. Do you think Eric Barone is going to stop content in the next 5 years? Obviously not. This man works day and night, SOLO DEVELOPPING Stardew Valley. ""Oh, when is the next update! Oh, why are the updates so rare! Oh, why is-"" because of 2 words. Solo. Develloped. Even if you don't care about the developping process of games, which you should btw, you have to remember this man has worked on the same project, giving us updates every other year. The dedication and amount of strength needed to do that is insane to me.

Once you've played over 100 hours there's no turning back. Every little detail about this game is perfect. Simple yet complex. Little yet bountiful. I can safely say that Stardew Valley is a masterpiece that has helped me go through tough times, made long lasting friendships, and greatly impacted my life trajectory. You might think this is hyperbole, but when I was hooking the rope to the ceiling I kept thinking about how I won't be able to play more Stardew. 

With all that said, Stardew Valley has changed my life in so many ways for the better. If this game costed a 800 dollars I'd pay 850 for it (+soundtrack).",1775235155,1775235155,True,0,0,0.5,False,0,True,False,begin stardew valley farming simulator solo developed eric barone youre enjoyer farming game extra content thinking buying stardew valley youve already made one mistake obviously downloading game sooner stardew valley masterpiece dare say magnum opus eric barone heap content available game farming combat mining field cover almost every main skill game even npc static random calculated schedule based season day weather yes unique cutscenes specific time friendship point yes unique bountiful dialogue also differs day season weather relationship status absolutely yes mention storyline game amazing storyline start finish character main one unique storyline gradually unfolds like sunflower blooming crisp summer air even dont like story youre fan misery excessive need effeciency half optional want access nonstory content design pixelated take lot dedication design skin tone hairstyle clothes pant accessory includes player every update receives new unique farm type every update receives new mechanic new machine update april stardew year old think eric barone going stop content next year obviously man work day night solo developping stardew valley oh next update oh update rare oh word solo develloped even dont care developping process game btw remember man worked project giving u update every year dedication amount strength needed insane youve played hour there turning back every little detail game perfect simple yet complex little yet bountiful safely say stardew valley masterpiece helped go tough time made long lasting friendship greatly impacted life trajectory might think hyperbole hooking rope ceiling kept thinking wont able play stardew said stardew valley changed life many way better game costed dollar id pay soundtrack,0.9774,1
222420584,english,"i forgot to eat in real life for 10 hours. this is the greatest game i have ever played
",1775235023,1775235023,True,0,0,0.5,False,0,True,False,forgot eat real life hour greatest game ever played,0.765,1
222415881,english,amazing can't stop playing and I didn't even think i'd like it that much. Just give it a chance and return it if you don't like it!,1775231330,1775231330,True,0,0,0.5,False,0,True,False,amazing cant stop playing didnt even think id like much give chance return dont like,0.8857,1
222411596,english,"definitely one of the most amazing games I've played. I always find myself coming back to play it. I love this game so much that I have bought it for my xbox, on steam, on my switch, and on my phone LOL",1775227954,1775227954,True,0,0,0.5,False,0,True,False,definitely one amazing game ive played always find coming back play love game much bought xbox steam switch phone lol,0.9603,1
222409203,english,Really great game I love it so much it makes me happy and you are never dressed without a smile,1775226043,1775226043,True,0,0,0.5,False,0,True,False,really great game love much make happy never dressed without smile,0.9369,1
222399707,english,"absolutely amazing cosy game. brilliant characters, pixel art, music, gameplay, and (optional) fighting that gives the game the edge it needs to stay interesting, while not subtracting from the cosy experience. one of those games you sink hours into without even meaning to, and when you check the time, the apocalypse has already happened but you missed it because your parsnips needed watering and took priority.

also, MASSIVE kudos to the sdv wiki team. you guys are absolutely awesome and i aspire to be so helpful lol!!! <333

and yes, yet another sapphic has been enraptured by abigail lmao, she's absolutely perfect and any of the wrongdoings she in theory could do would be immediately forgiven <33333 /sillyyyyyy",1775217253,1775217253,True,0,0,0.5,False,0,True,False,absolutely amazing cosy game brilliant character pixel art music gameplay optional fighting give game edge need stay interesting subtracting cosy experience one game sink hour without even meaning check time apocalypse already happened missed parsnip needed watering took priority also massive kudos sdv wiki team guy absolutely awesome aspire helpful lol yes yet another sapphic enraptured abigail lmao shes absolutely perfect wrongdoing theory could would immediately forgiven sillyyyyyy,0.9925,1
222398295,english,"I genuinely love this game, it's always my go to for relaxing. It's pretty versatile in the way you can play it and I feel I can never be bored.",1775215897,1775215897,True,0,0,0.5,False,0,True,False,genuinely love game always go relaxing pretty versatile way play feel never bored,0.9302,1
222396665,english,good cozy game if you want to relax. but otherwise not really engaging.,1775214093,1775214093,True,0,0,0.5,False,0,True,False,good cozy game want relax otherwise really engaging,0.044,1
222379893,english,"chill and relaxing, no real tutorial or guidance but its fun trying to figure it all out.",1775191622,1775191622,True,0,0,0.5,False,0,True,False,chill relaxing real tutorial guidance fun trying figure,0.714,1
222377018,english,"Just for your information, if try to find a chill game, i guarantee this game is not what your looking for",1775187761,1775187761,True,0,0,0.5,False,0,True,False,information try find chill game guarantee game looking,0.25,1
222376104,english,"Where has this game been all my life...its beyond amazing!!

The second i started the game i began to get absolutely HOOKED. PLEASE if you have the chance, get this!! If i had a comprehensive list of video games i'd have on every console, this would be one of them.",1775186547,1775186547,True,0,0,0.5,False,0,True,False,game lifeits beyond amazing second started game began get absolutely hooked please chance get comprehensive list video game id every console would one,0.9058,1
222374411,english,"Concerned Ape pays a beautiful tribute to Harvest Moon with Stardew Valley. The game is simple, with beautiful music, fun characters, and good storytelling. I appreciate that is can be adapted to different play styles and age groups.",1775184346,1775184346,True,0,0,0.5,False,0,True,False,concerned ape pay beautiful tribute harvest moon stardew valley game simple beautiful music fun character good storytelling appreciate adapted different play style age group,0.959,1
222372289,english,"This is a fun game to play with friends. Even after all these years I still find myself playing it, either my old farms or starting completely over. There have been some great additions to the base game. Money well spent and a good time. Highly recommend.",1775181579,1775181579,True,0,0,0.5,False,0,True,False,fun game play friend even year still find playing either old farm starting completely great addition base game money well spent good time highly recommend,0.9661,1
222369403,english,"very fun, if you are looking for game that is ever ending feel! this is game with old school feel, with alot things to keep you busy!",1775177836,1775177836,True,0,0,0.5,False,0,True,False,fun looking game ever ending feel game old school feel alot thing keep busy,0.6342,1
222363202,english,"Great game, deceptively deep in game play and story. Haley's my girl, keep your hands to yourselves.",1775170208,1775170208,True,0,0,0.5,False,0,True,False,great game deceptively deep game play story haley girl keep hand,0.7579,1
222355970,english,This is such a good game. There's so much to do and I end up playing for hours without realizing.,1775162820,1775162820,True,0,0,0.5,False,0,True,False,good game there much end playing hour without realizing,0.5719,1
222354054,english,"Though my play time on steam isn't very long I also own this game on console, and what can I say that hasn't already been said about it. It is the perfect cozy game. You can easily spend hours in this game just getting lost in the world and wonderful gameplay. Concerned Ape has really made a game that in my opinion is perfect. Every update brings new content that keeps me engaged. Overall if you like cozy games give this one a try. You won't regret the decision.",1775160989,1775160989,True,0,0,0.5,False,0,True,False,though play time steam isnt long also game console say hasnt already said perfect cozy game easily spend hour game getting lost world wonderful gameplay concerned ape really made game opinion perfect every update brings new content keep engaged overall like cozy game give one try wont regret decision,0.9644,1
222350649,english,i used to play this game a little bit but im getting more into it now still have lots to go.,1775157914,1775157914,True,0,0,0.5,False,0,True,False,used play game little bit im getting still lot go,0.1779,1
222350178,english,"Cute game. So much more detail, and so many more secrets than what first seems. A surprising amount of depth for a farm sim game.",1775157517,1775157517,True,0,0,0.5,False,0,True,False,cute game much detail many secret first seems surprising amount depth farm sim game,0.6249,1
222349511,english,"Its really fun, its calming no rage bait players and its only around 10-15 bucks <3",1775156925,1775156925,True,0,0,0.5,False,0,True,False,really fun calming rage bait player around buck,0.5657,1
222334495,english,"Brilliant cozy sandbox type game, really enjoyed playing with my girlfriend",1775143940,1775143940,True,0,0,0.5,False,0,True,False,brilliant cozy sandbox type game really enjoyed playing girlfriend,0.8581,1
222332976,english,"Warning: This may be the most addicting game to ever be released. Lovingly crafted successor to Harvest Moon, I don't know anyone who has tried this game and disliked it",1775142676,1775142676,True,0,0,0.5,False,0,True,False,warning may addicting game ever released lovingly crafted successor harvest moon dont know anyone tried game disliked,0.25,1
222316501,english,"its really nice to play this game with my wife, finally i can play game multiplayer with local coop version. thank youu",1775125376,1775125376,True,0,0,0.5,False,0,True,False,really nice play game wife finally play game multiplayer local coop version thank youu,0.8726,1
222309451,english,It's a game I didn't expect to get into. It was something I was trying because I was bored and since then I've put around 95 hours playing. It has events. relationships. mini games. farming. crafting and building. Overall it has a lot to it and always something to keep you busy. The game grew on me and now i love it lol. Great game.,1775114776,1775114776,True,0,0,0.5,False,0,True,True,game didnt expect get something trying bored since ive put around hour playing event relationship mini game farming crafting building overall lot always something keep busy game grew love lol great game,0.8957,1
222307497,english,"What more do I have to say about Stardew Valley that hasn't been said already? This game is an absolute banger, and the amount of love ConcernedApe put into this game is immeasurable. I can't wait to play on the 1.7 update when it hopefully comes out later this year, and I hope Stardew Valley keeps growing even more.

Game Difficulty: Varies, but around 4-6/10
Game Enjoyability: 10/10",1775111615,1775111615,True,0,0,0.5,False,0,True,False,say stardew valley hasnt said already game absolute banger amount love concernedape put game immeasurable cant wait play update hopefully come later year hope stardew valley keep growing even game difficulty varies around game enjoyability,0.5256,1
222304527,english,"This is one of the best games I've played. Gameplay is completely up to how the individual plays. I prefer fishing, farming, and taking care of animals but there is so much more to this game as well. Very calming to play and very beautiful design. Romance options are great as well but I wish the Wizard was an option.",1775106586,1775106586,True,0,0,0.5,False,0,True,False,one best game ive played gameplay completely individual play prefer fishing farming taking care animal much game well calming play beautiful design romance option great well wish wizard option,0.9912,1
222304040,english,"Stardew Valley
.
A very beautiful pixelated farming game. Unlike in Minecraft, the hero can get tired. There are cool characters and the opportunity to develop relationships with them. Very pleasant music and sounds.
.
Controls:
D-pad - move
Triggers - choose slot
A - interact
B, Start - inventory
X - use item
Y - craft
Select - journal
.
Mechanics and features:
Type your name and your farm name.
Customize your character's appearance.
Choose animal preference and farm biome.
In the menu we have several pages: Inventory, Skills, the social progression of relationships with other characters, map, crafting, animals menu, special items and powers, collections, options, and exit game.",1775105814,1775105814,True,0,0,0.5,False,0,True,False,stardew valley beautiful pixelated farming game unlike minecraft hero get tired cool character opportunity develop relationship pleasant music sound control dpad move trigger choose slot interact b start inventory x use item craft select journal mechanic feature type name farm name customize character appearance choose animal preference farm biome menu several page inventory skill social progression relationship character map crafting animal menu special item power collection option exit game,0.9459,1
222301406,english,"great game, getting to perfection sucks though",1775101721,1775101721,True,0,0,0.5,False,0,True,False,great game getting perfection suck though,0.743,1
222301142,english,Super cozy and fun little farming sim for people who just need something simple to play!,1775101348,1775101348,True,0,0,0.5,False,0,True,False,super cozy fun little farming sim people need something simple play,0.8718,1
222299406,english,"I love this game so much it's taken over my life completely I play independently on my switch and I play it on my computer so I can co op with my girlfriend

I wish that I could've had the option to do co op with her cross device so I wouldn't have had to purchase it twice but I dont super mind becuase I paid for the switch one with a nintendo giftcard

but also like I like the controls better on the switch so idk

in any case im so obsessed with this game I paid for it twice",1775098830,1775098830,True,0,0,0.5,False,0,True,False,love game much taken life completely play independently switch play computer co op girlfriend wish couldve option co op cross device wouldnt purchase twice dont super mind becuase paid switch one nintendo giftcard also like like control better switch idk case im obsessed game paid twice,0.7971,1
222298019,english,lots to discover neverending gameplay. You can get lost for hours,1775096969,1775096969,True,0,0,0.5,False,0,True,False,lot discover neverending gameplay get lost hour,-0.3182,1
222293126,english,Very cute premise! I really enjoy how much you can get lost in the game. Excited for the 1.7 update whenever CA drops it! <3,1775090334,1775090334,True,0,0,0.5,False,0,True,False,cute premise really enjoy much get lost game excited update whenever ca drop,0.8852,1
222292565,english,"Ive had this in my backlog forever, finally decided to try it to curb my doomscrolling. Glad I did

There is so much depth to this game, I recommend doing at least up to the community center without mods. There are QOL upgrades you can purchase from Robin and the bookstore and a few other spots that made all the pain points go away.",1775089631,1775089631,True,0,0,0.5,False,0,True,False,ive backlog forever finally decided try curb doomscrolling glad much depth game recommend least community center without mod qol upgrade purchase robin bookstore spot made pain point go away,0.296,1
222290839,english,"I am a big fan of pixel graphics and this game you really could go at your own pace. Though I am a person that gets overwhelmed with amount of things you could do in game, from completing quests to the marrying aspect. The game is made for your own pace and to your own personal choices (with mods or not). Truly this is an all time favorite game I could never drop and love the beauty of it. 

It's truly so immersive and I have nothing but positive aspects about it. This is a game I could drop and pick up at anytime (though forgetting most of the secrets and how the villagers interact with the farmer, that still isn't a problem). 

(NOT AN APRIL FOOLS REVIEW lmao)",1775087764,1775104089,True,0,0,0.5,False,0,True,False,big fan pixel graphic game really could go pace though person get overwhelmed amount thing could game completing quest marrying aspect game made pace personal choice mod truly time favorite game could never drop love beauty truly immersive nothing positive aspect game could drop pick anytime though forgetting secret villager interact farmer still isnt problem april fool review lmao,-0.4198,1
222289946,english,this game is so fun!!! not sure if it's just a phase right now but I'm locked the hell in i reccomend it to anyone who enjoys chill games.,1775086636,1775086636,True,0,0,0.5,False,0,True,False,game fun sure phase right im locked hell reccomend anyone enjoys chill game,-0.425,1
222289806,english,"In other updates, I would like to be able to track numerical measurements for the 5 attributes from level 1-10. I can only speculate how far I am some days in game and I would like to have a more accurate account so I can delegate my attention to other means and to become a more efficient player.",1775086571,1775086571,True,0,0,0.5,False,0,True,False,update would like able track numerical measurement attribute level speculate far day game would like accurate account delegate attention mean become efficient player,0.796,1
222289203,english,"Obviously with my play time, I love this game. I leave the game running, if I'm being honest so the play time is a LITTLE skewed but it's not far off. Stardew is such a unique experience and there's something about an OG that just makes me happy. The game continues to be updated to add more content and for a game that cost $15, you can't beat it. There's a reason Stardew is constantly spoken about, it's worth every single piece of hype it gets. I would buy it a hundred times over.",1775086386,1775086386,True,0,0,0.5,False,0,True,False,obviously play time love game leave game running im honest play time little skewed far stardew unique experience there something og make happy game continues updated add content game cost cant beat there reason stardew constantly spoken worth every single piece hype get would buy hundred time,0.9253,1
222287232,english,One of the best games out there. The Dev puts his heart and soul into it. There is always something new to discover and is regularly updated to keep things fresh.,1775084620,1775084620,True,0,0,0.5,False,0,True,False,one best game dev put heart soul always something new discover regularly updated keep thing fresh,0.7579,1
222284240,english,"This game is so amazingly made and beautiful and you never get bored, there's so many things to do!",1775081198,1775081198,True,0,0,0.5,False,0,True,False,game amazingly made beautiful never get bored there many thing,0.7407,1
222281795,english,"Awesome game, relaxing, but somehow unbelievably stressful.",1775078562,1775078562,True,0,0,0.5,False,0,True,False,awesome game relaxing somehow unbelievably stressful,-0.3048,1
222277437,english,Best game ever good with and without mods good game to just get lost in for hours,1775074310,1775074310,True,0,0,0.5,False,0,True,False,best game ever good without mod good game get lost hour,0.8271,1
222274625,english,Honestly Stardew valley is one of my fav games ever!! It's more than just some cozy farming game! I love games like this that have an enticing storyline! I often find myself deleting old save files to make new ones! It can get a bit chaotic at times when I'm grinding and fighting in the mines but either way I enjoy it still!! Thank you for making this game ConcernedApe :),1775071769,1775071769,True,0,0,0.5,False,0,True,False,honestly stardew valley one fav game ever cozy farming game love game like enticing storyline often find deleting old save file make new one get bit chaotic time im grinding fighting mine either way enjoy still thank making game concernedape,0.9602,1
222274147,english,"I have played this game for years, honestly it took me this long to review it. After playing 220 hours, still not  gotten a single farm to year ten, or gotten all the achievements. This game is re-playable, enjoyable solo and with friends. A single year 3 playthrough is like 60 hours. Currently striving for perfection. I will NOT be doing joja route until i'm forced.
It was funny watching Pierre (despite my hatred for him) punch Morris. Will continue to romance the same two characters, and cry over year one community center. Happy Farming!",1775071330,1775071330,True,0,0,0.5,False,0,True,False,played game year honestly took long review playing hour still gotten single farm year ten gotten achievement game replayable enjoyable solo friend single year playthrough like hour currently striving perfection joja route im forced funny watching pierre despite hatred punch morris continue romance two character cry year one community center happy farming,0.9558,1
222266446,english,"this game is very calm, relaxing, and quite simple. you live on a cosy farm in a small town. I mean its perfect! Fun quests, exciting adventures, and amazing friends to make! highly recommend. :]",1775064332,1775064332,True,0,0,0.5,False,0,True,False,game calm relaxing quite simple live cosy farm small town mean perfect fun quest exciting adventure amazing friend make highly recommend,0.9854,1
222254860,english,"I LOVE IT SO MUCH!! Be it playing it alone or with friends, the game just really fun. All the completed contents just makes it more fun and feels so finished. Altho there are some stories of the characters that I wished could get updated like the way the story progress (Shane's schedules and spouses room design for example hasnt changed for even though our hearts event progress) but overall, couldn't get asked for more and better game than this. Thank you ConcernedApe, really. Looking forward for Chocolatier!",1775053927,1775053927,True,0,0,0.5,False,0,True,False,love much playing alone friend game really fun completed content make fun feel finished altho story character wished could get updated like way story progress shanes schedule spouse room design example hasnt changed even though heart event progress overall couldnt get asked better game thank concernedape really looking forward chocolatier,0.9644,1
222250442,english,"Best farming game in history with cute graphics and interesting towns people. 
:)",1775049585,1775049585,True,0,0,0.5,False,0,True,False,best farming game history cute graphic interesting town people,0.9169,1
222241033,english,"It's very addictive and satisfying when you progress with your farm. Also, very accessible since the requirements for PC are so low that you can play it on anything. Haven't tried multiplayer yet but it probably makes the game even more fun.",1775038177,1775038177,True,0,0,0.5,False,0,True,False,addictive satisfying progress farm also accessible since requirement pc low play anything havent tried multiplayer yet probably make game even fun,0.8294,1
222240324,english,its so ♥♥♥♥♥♥♥ calming and relaxing i love playing ts after a long day,1775037172,1775037172,True,0,0,0.5,False,0,True,False,calming relaxing love playing t long day,0.9038,1
222240280,english,"Very cozy farming game, fun to play with a loved one or friends",1775037105,1775037105,True,0,0,0.5,False,0,True,False,cozy farming game fun play loved one friend,0.9136,1
222232819,english,"I have over 200 hours across mobile and PC and I have to say, Stardew Valley is one of the best games. Period.

There's so much content here, all of which is made, curated and scored by one single developer. You really can't not like this game. You want to play a chill cozy game? Get Stardew Valley. You want a grindy game where you want to do everything in as little time as possible? Get Stardew Valley.

The game gives you goals and you'll be rewarded for completing them but they are not required in the traditional sense. You are the one who gets to decide what to do in the time you have. Increase friendship with a villager, grow a crop that only grows in Spring, explore and grind mines to get resources, do fishing, play minigames, foraging.

Stardew is filled with content and you can do them however you want. You can't go wrong and almost anything can be undone if the player so wishes. Sold a rare item? You'll get it again eventually. This is a game you'll keep coming back to.

Get Stardew Valley.",1775024800,1775024800,True,0,0,0.5,False,0,True,False,hour across mobile pc say stardew valley one best game period there much content made curated scored one single developer really cant like game want play chill cozy game get stardew valley want grindy game want everything little time possible get stardew valley game give goal youll rewarded completing required traditional sense one get decide time increase friendship villager grow crop grows spring explore grind mine get resource fishing play minigames foraging stardew filled content however want cant go wrong almost anything undone player wish sold rare item youll get eventually game youll keep coming back get stardew valley,0.9729,1
222232593,english,"Lots of creativity, not very stressful, and such a beautifully built world.",1775024389,1775024389,True,0,0,0.5,False,0,True,False,lot creativity stressful beautifully built world,0.8488,1
222228334,english,"It's a fun game to relax with friends, or alone if you wish. Very charming art style, can get repetitive, though.
That's about it, just a nice relaxing game.
6.899/10",1775017461,1775017494,True,0,0,0.5,False,0,True,False,fun game relax friend alone wish charming art style get repetitive though thats nice relaxing game,0.9589,1
222226350,english,"This is a cute and cozy farm sim game. I have this game on multiple platforms because we should all be supporting the creator. I feel like there is something for everyone. Some people just like the farming aspect, some people enjoy the mines, but there is no lack of things to do. :)",1775014509,1775014509,True,0,0,0.5,False,0,True,False,cute cozy farm sim game game multiple platform supporting creator feel like something everyone people like farming aspect people enjoy mine lack thing,0.7003,1
222224239,english,"Good game with good art, mechanics and story, but very little characters of colors, sadly.

If you are ever interested in modding this game, it holds a fairly nice community and many guides out there to get you started.",1775011407,1775011407,True,0,0,0.5,False,0,True,False,good game good art mechanic story little character color sadly ever interested modding game hold fairly nice community many guide get started,0.7543,1
222224189,english,"This is one of my all time favorite games. It's very relaxing, and not insanely challenging, but there are challenging parts if you so wish. It's not highly demanding, and when you start modding, the options are endless",1775011333,1775011333,True,0,0,0.5,False,0,True,False,one time favorite game relaxing insanely challenging challenging part wish highly demanding start modding option endless,0.8562,1
222220885,english,"This game is amazing over all. been playing since 2020. Such a rewarding, chill, and fun game. So cute, so much to do. I would recommend this to anyone and everyone that likes games like this.",1775006974,1775006974,True,0,0,0.5,False,0,True,False,game amazing playing since rewarding chill fun game cute much would recommend anyone everyone like game like,0.9698,1
222218640,english,"Pretty good game. I got girlfriend because of it. Haley is the only marraige option. Don't play on shared money because the other person will make bad purchases. yeah, overall pretty good.",1775004010,1775004023,True,0,0,0.5,False,0,True,False,pretty good game got girlfriend haley marraige option dont play shared money person make bad purchase yeah overall pretty good,0.78,1
222217063,english,"Just got perfection 10/10 Beautiful game. def worth your time especially if you like farming or cozy games. Even if you dont like those type of games youll most likely enjoy this one, its simply the best one.",1775002011,1775002011,True,0,0,0.5,False,0,True,False,got perfection beautiful game def worth time especially like farming cozy game even dont like type game youll likely enjoy one simply best one,0.9709,1
222215571,english,"It just really is a very fun and calming game, meeting all charcaters and slowing making friends (or a lover ;) is just really fun! :3",1775000125,1775000125,True,0,0,0.5,False,0,True,False,really fun calming game meeting charcaters slowing making friend lover really fun,0.9731,1
222207648,english,"I cannot begin to describe how calm this game makes me (most of the time). I have spent THREE DAYS STRAIGHT playing this to the point that it finished off my old laptop Mortal Kombat style and now I have to get a new one. 
This is like the 2 week Minecraft phase with the boys except it doesn't get stale because it's not a sandbox. I have spent so many Minecraft worlds trying to get this exact experience, but it always fails to captivate me after I max out all the villagers. Here the progression continues forever, it never gets boring and always feels balanced. Also selling 300 bottles of wine scratches that itch for big number go up. 
This IS worth your money and you will thank yourself every waking day for buying Stardew Valley. Any problem you're facing in life right now can be easily fixed by a couple hours of cortisol purging by playing this with your favourite relaxing tune (I like Takanaka, the fusion jazz guy). Even a pirate would go out of his way to buy this game rather than getting it by questionable means. 
If you have any hope left for yourself, a shred of light in humanity's favour, bless yourself with this masterpiece.",1774991311,1774991311,True,0,0,0.5,False,0,True,False,begin describe calm game make time spent three day straight playing point finished old laptop mortal kombat style get new one like week minecraft phase boy except doesnt get stale sandbox spent many minecraft world trying get exact experience always fails captivate max villager progression continues forever never get boring always feel balanced also selling bottle wine scratch itch big number go worth money thank every waking day buying stardew valley problem youre facing life right easily fixed couple hour cortisol purging playing favourite relaxing tune like takanaka fusion jazz guy even pirate would go way buy game rather getting questionable mean hope left shred light humanity favour bless masterpiece,0.9874,1
222199876,english,Great escape from life atrocities like systematic debt and abusive boyfriends.,1774984375,1774984375,True,0,0,0.5,False,0,True,False,great escape life atrocity like systematic debt abusive boyfriend,0.1531,1
222197347,english,"At first, I didn't feel like I wanted to start up another ""cozy"" game since I already had Animal Crossing. When I finally decided to give it a shot, it clicked so quickly! While some seasons can feel urgent because you don't want to miss a fish, crop, etc., the seasons will cycle back around, so you can pick your priorities and go at your own pace. I've had a lot of fun both taking it slowly in a solo run and playing super optimized with a couple friends. It's super easy to keep coming back to and has enough to it that I don't feel like I'm left entirely to my own devices to strictly come up with my own goals (an issue I've had sometimes with Minecraft and other games like that)",1774982181,1774982181,True,0,0,0.5,False,0,True,False,first didnt feel like wanted start another cozy game since already animal crossing finally decided give shot clicked quickly season feel urgent dont want miss fish crop etc season cycle back around pick priority go pace ive lot fun taking slowly solo run playing super optimized couple friend super easy keep coming back enough dont feel like im left entirely device strictly come goal issue ive sometimes minecraft game like,0.9577,1
222196182,english,"A really chilling and cozy game its so much fun to play with friends, i really recommand if u like these types of games like minecraft where u can farm mine marry and fight cool events and secrets",1774981191,1774981191,True,0,0,0.5,False,0,True,False,really chilling cozy game much fun play friend really recommand u like type game like minecraft u farm mine marry fight cool event secret,0.9172,1
222195579,english,Great game to play on the go or whenever you don't have the full desktop power to play something super demanding. Also just good fun for relaxing and playing casually.,1774980677,1774980677,True,0,0,0.5,False,0,True,False,great game play go whenever dont full desktop power play something super demanding also good fun relaxing playing casually,0.9712,1
222195247,english,"such a cute mindless game, i've been playing for years and have never hit perfection, there is always mroe to do!",1774980392,1774980392,True,0,0,0.5,False,0,True,False,cute mindless game ive playing year never hit perfection always mroe,-0.3378,1
222192148,english,"ngl at first i strongly disliked this game... i wasn't a fan of everything being pixelate, didn't understand what i was supposed to be doing etc. after playing with my friends and basically getting involved with the stardew community did i soon began to love this game. now, it's one of my favorite farming sims.",1774977691,1774977691,True,0,0,0.5,False,0,True,False,ngl first strongly disliked game wasnt fan everything pixelate didnt understand supposed etc playing friend basically getting involved stardew community soon began love game one favorite farming sims,0.8604,1
222192087,english,"I remember times, when I thought I need tough looking online games, with a lot of depth, hack and slash, lots of action and cool skills. I even remember thinking nothing much about this game when I first heard about it. Some girl game or for people who just want to farm.
HELL NAH. I think this game gut-punched me so hard, i can't believe what I was missing out on. The amount of depth this game has is insane. I just keep wanting to play more and more, unable to stop. I think this is the best single player game I ever played.",1774977639,1774977639,True,0,0,0.5,False,0,True,False,remember time thought need tough looking online game lot depth hack slash lot action cool skill even remember thinking nothing much game first heard girl game people want farm hell nah think game gutpunched hard cant believe missing amount depth game insane keep wanting play unable stop think best single player game ever played,-0.7715,1
222187628,english,"After 200+ hours, Stardew Valley still feels magical. 
Farming, fishing, mining, and building relationships all blend seamlessly into a cozy, living world. The characters, seasonal changes, and soundtrack make every day satisfying, and there’s always something new to discover. Relaxing yet endlessly rewarding, it’s a game that hooks you not just with mechanics, but with heart. 
A must play for anyone who loves immersion.",1774973724,1774973724,True,0,0,0.5,False,0,True,False,hour stardew valley still feel magical farming fishing mining building relationship blend seamlessly cozy living world character seasonal change soundtrack make every day satisfying there always something new discover relaxing yet endlessly rewarding game hook mechanic heart must play anyone love immersion,0.9253,1
222179699,english,"i did enjoyed this game whiled i played it, but do to a friendship i had ended which they enjoyed the game really much i lost interest in continue playing it",1774967071,1774967071,True,0,0,0.5,False,0,True,False,enjoyed game whiled played friendship ended enjoyed game really much lost interest continue playing,0.9369,1
222176269,english,"It's just the perfect game if you like: going crazy trying to complete every collection in the game, flirt with everybody, get lost in a dungeon full of squeaky monsters and befriend the hottest carpenter ever. And grow crops, feed animals and stuff, of course. I love it. Maybe just as much as I love Robin.",1774964081,1774964081,True,0,0,0.5,False,0,True,False,perfect game like going crazy trying complete every collection game flirt everybody get lost dungeon full squeaky monster befriend hottest carpenter ever grow crop feed animal stuff course love maybe much love robin,0.8979,1
222174359,english,"This is my favourite game of all time. Literally perfect in every way. There's so much scope for playstyles; you can relax and farm, you can fight monsters and mine, you can craft and cook, you can literally spend all day fishing, it's whatever you want to do. I love that the story has so much depth and that there's so many secrets and quests that can keep you busy for hours. Also love how easy it is to mod the game, even though you don't need mods for an amazing experience!",1774962223,1774962223,True,0,0,0.5,False,0,True,False,favourite game time literally perfect every way there much scope playstyles relax farm fight monster mine craft cook literally spend day fishing whatever want love story much depth there many secret quest keep busy hour also love easy mod game even though dont need mod amazing experience,0.967,1
222172995,english,Very fun game to play with others if you enjoy little tasks with fun gtaphics,1774960791,1774960791,True,0,0,0.5,False,0,True,False,fun game play others enjoy little task fun gtaphics,0.915,1
222171761,english,I have played this game for 72h so far. It has so much to do and has so many expansion mods so it dosen't get boring.,1774959492,1774959492,True,0,0,0.5,False,0,True,False,played game h far much many expansion mod dosent get boring,0.5207,1
222170892,english,"♥♥♥♥♥♥♥♥♥, i bought this game thing it was going to be good but nothing crazy yk. Boy was i worng. I have manged to player 35 hours in a little under 11 days, it has sucked in every waking free second that i have had, as well as just about every free though my brain can spare. After competing year one i have no idea stopping, just scrapping the surface of what the game has to offer (admmitiling i took the game pretty slow and didnt to much of the story).The amount of shear content and enjoyabilty from a game at just 16 dollars is aboninable, not to mention it was made by just one guy.  One of the greates games of all time 10/10",1774958558,1775133229,True,0,0,0.5,False,0,True,False,bought game thing going good nothing crazy yk boy worng manged player hour little day sucked every waking free second well every free though brain spare competing year one idea stopping scrapping surface game offer admmitiling took game pretty slow didnt much storythe amount shear content enjoyabilty game dollar aboninable mention made one guy one greates game time,0.9128,1
222170205,english,"Stardew is the BEST all-around game, you can really just focus on whatever you like, and there is a story if you want to take that path",1774957795,1774957795,True,0,0,0.5,False,0,True,False,stardew best allaround game really focus whatever like story want take path,0.8286,1
222167056,english,"this game is PEAK! If you ever get the chance to buy this game, BUY IT NOW. It may seem boring but there is so much to do",1774953797,1774953797,True,0,0,0.5,False,0,True,False,game peak ever get chance buy game buy may seem boring much,-0.1134,1
222161290,english,"This is hands down my favorite game. I originally obtained it through other means but played for a couple hours and it was enough to make me decide to actually purchase it and support the dev, I did it through the Microsoft store and after a couple years of playing I purchased it here again. I've gifted this game to my siblings and kid too. It's amazing, so complete and the free updates are awesome! I love that you can go at your own pace, it can be as relaxing as you want or you can plan ahead from day one. Also my laptop isn't great but this game is one of the few that runs super smoothly on it.",1774945704,1774945704,True,0,0,0.5,False,0,True,False,hand favorite game originally obtained mean played couple hour enough make decide actually purchase support dev microsoft store couple year playing purchased ive gifted game sibling kid amazing complete free update awesome love go pace relaxing want plan ahead day one also laptop isnt great game one run super smoothly,0.9911,1
222158177,english,"Very Fun Gameplay, the vibes is very relaxing, so many content to play, so many secret to disscover, easily playing for a long long time.",1774940676,1774940676,True,0,0,0.5,False,0,True,False,fun gameplay vibe relaxing many content play many secret disscover easily playing long long time,0.9133,1
222150579,english,I love everything about this game. I find it very addicting and cant stop playing.,1774928737,1774928737,True,0,0,0.5,False,0,True,False,love everything game find addicting cant stop playing,0.6701,1
222150524,english,I love this game and it has been the perfect cozy game when I get burned out on sims 4 or Minecraft. Though I wish the wizard was a marriage candidate. A great game 10/10 would recommend :3,1774928648,1774928648,True,0,0,0.5,False,0,True,False,love game perfect cozy game get burned sims minecraft though wish wizard marriage candidate great game would recommend,0.9661,1
222149682,english,"The ultimate cozy game! Play with friends, your partner, or yourself. Different ways to play every time and hundreds of hours sunk into every playthrough. One of my all-time favorites!",1774927425,1774927425,True,0,0,0.5,False,0,True,False,ultimate cozy game play friend partner different way play every time hundred hour sunk every playthrough one alltime favorite,0.8829,1
222147116,english,Stardew Valley is one of my favorite games. I recently bought it on my PC after playing on XBox and Switch!,1774923857,1774923857,True,0,0,0.5,False,0,True,False,stardew valley one favorite game recently bought pc playing xbox switch,0.6239,1
222144292,english,"A game that allows for the most unique experience and adventure in a farming simulator. Charming and beatiful, world filled with fantastic characters! Enjoy, relax and stay a while.",1774920104,1774920104,True,0,0,0.5,False,0,True,False,game allows unique experience adventure farming simulator charming beatiful world filled fantastic character enjoy relax stay,0.9441,1
222143028,english,"I absolutely love this game, and would recommend it to anyone who loves to build, farm and explore as well as build relationships",1774918382,1774918382,True,0,0,0.5,False,0,True,False,absolutely love game would recommend anyone love build farm explore well build relationship,0.9152,1
222139029,english,"A good game to just kill some time and relax. There is some frustration when it comes to automation for a majority of the game and having days where you have too much to do. That happens a lot. But it is a phenomenal game! I know that there is a new patch coming out soon and some things may change, but it is good. Modding fixes some of the problems with the game, but it is not a necessity.",1774913201,1774913201,True,0,0,0.5,False,0,True,False,good game kill time relax frustration come automation majority game day much happens lot phenomenal game know new patch coming soon thing may change good modding fix problem game necessity,-0.2481,1
222138978,english,"Stardew Valley is such a nice and relaxing game to play when attempting to wind down after a long day! The volume of things to do is almost crazy, and there's always something to be working on, whether its working on your farm, ranching, fishing, mining, or just foraging around!",1774913144,1774913144,True,0,0,0.5,False,0,True,False,stardew valley nice relaxing game play attempting wind long day volume thing almost crazy there always something working whether working farm ranching fishing mining foraging around,0.7831,1
222138125,english,"This game is so heartwarming, but also addictivly fun. you can feel the passion and love that was put into the game by the creator. 10/10",1774912110,1774912110,True,0,0,0.5,False,0,True,False,game heartwarming also addictivly fun feel passion love put game creator,0.9568,1
222137517,english,its great for a calm and relaxing time as long as you dont take it to serious!,1774911350,1774911350,True,0,0,0.5,False,0,True,False,great calm relaxing time long dont take serious,0.8622,1
222123606,english,this game will always be a blessing and so is concernedape for his neverending labor of love,1774897403,1774897403,True,0,0,0.5,False,0,True,False,game always blessing concernedape neverending labor love,0.8126,1
222121347,english,an wonerful game.  whenever i play any game to cure my stress but the irony is the games makes me even more stress. but this game is different i makes you relax with out any rushing game play,1774895442,1774895442,True,0,0,0.5,False,0,True,False,wonerful game whenever play game cure stress irony game make even stress game different make relax rushing game play,0.4118,1
222117290,english,10/10 love this so much. Great game to get lost in and also something perfect for if you're into a laid back progression game.,1774891837,1774891837,True,0,0,0.5,False,0,True,False,love much great game get lost also something perfect youre laid back progression game,0.8996,1
222114531,english,"10/10 game, always something to do and I'm always down for destroying corporate capitalism. The community is kind and helpful and you can almost always find a guide if you're confused on something.",1774889385,1774889385,True,0,0,0.5,False,0,True,False,game always something im always destroying corporate capitalism community kind helpful almost always find guide youre confused something,0.0772,1
222109317,english,"500 hours in, I still have no clue what I'm doing, never made it to the end... and I absolutely love this game!",1774884871,1774884871,True,0,0,0.5,False,0,True,False,hour still clue im never made end absolutely love game,0.5551,1
222108693,english,"love the game i have over 100-200h on xbox amazing game
run well with low specs 
good game so much stuff to do",1774884300,1774884300,True,0,0,0.5,False,0,True,False,love game h xbox amazing game run well low spec good game much stuff,0.8979,1
222108245,english,Absulotally amming game for all ages even my goldfish could play it its a very fun entertaining idle farming game that deosnt beg you and spam you to play it ....deosnt convince ofr make you purchase anything to play deosnt have anything to purchase either the commuinity is very welcoming and is very helpfull would absolutally 1000% reccomened to anyone who wants n affordable steam game that they want to get a lot out of,1774883942,1774883942,True,0,0,0.5,False,0,True,False,absulotally amming game age even goldfish could play fun entertaining idle farming game deosnt beg spam play deosnt convince ofr make purchase anything play deosnt anything purchase either commuinity welcoming helpfull would absolutally reccomened anyone want n affordable steam game want get lot,0.9429,1
222105831,english,"This game is so addictive! I have played for many many hours on my PC, Switch, and phone. I LOVE this game! I have yet to ""perfect"" or 100% it. There is so much to do and I'm never bored with this game. It is my go-to cozy game. I can take it easy in game or decide there is an achievement I want to work towards and work hard in game. It's the best game I have ever played.",1774881960,1774881960,True,0,0,0.5,False,0,True,False,game addictive played many many hour pc switch phone love game yet perfect much im never bored game goto cozy game take easy game decide achievement want work towards work hard game best game ever played,0.9621,1
222099398,english,"This game is so beautiful, i've always been a big fan of pixel arts and good music and this game is such a bonus combo11 Kudos to you ConcernedApe for giving this beautiful game <3",1774876006,1774876006,True,0,0,0.5,False,0,True,False,game beautiful ive always big fan pixel art good music game bonus combo kudos concernedape giving beautiful game,0.9804,1
222088588,english,i enjoy it a  lot since the overall gameplay is great and fun,1774862985,1774862985,True,0,0,0.5,False,0,True,False,enjoy lot since overall gameplay great fun,0.891,1
222086610,english,really great game . cozy but engaging . addictive than cocaine,1774860056,1774860056,True,0,0,0.5,False,0,True,False,really great game cozy engaging addictive cocaine,0.7,1
222080247,english,I really love this game! I love how much replayability it has and how much content is available! I'm honestly surprised every day by this game for the sheer amount of events and cool secrets it has! the plot is perfect and the junimos are probably the best little apple mythical creatures!,1774849879,1774849879,True,0,0,0.5,False,0,True,False,really love game love much replayability much content available im honestly surprised every day game sheer amount event cool secret plot perfect junimos probably best little apple mythical creature,0.9782,1
222075467,english,10/10 game. It can even run on my potato PC! Characters have true heart and humor.,1774842304,1774842304,True,0,0,0.5,False,0,True,False,game even run potato pc character true heart humor,0.636,1
222074938,english,Great game to keep you busy for hours....literally hours. waiting on the next update to play hours more!,1774841481,1774841481,True,0,0,0.5,False,0,True,False,great game keep busy hoursliterally hour waiting next update play hour,0.7777,1
222073927,english,"Great game, hours of fun, endless things to do and more to come.",1774840110,1774840110,True,0,0,0.5,False,0,True,False,great game hour fun endless thing come,0.8126,1
222073762,english,If you like slice-of-life games or a classic sims type of game then you will LOVE Stardew Valley,1774839895,1774839895,True,0,0,0.5,False,0,True,False,like sliceoflife game classic sims type game love stardew valley,0.8143,1
222070564,english,Just a fun and relaxing casual farming sim you can play alone or with friends.  And its got some fun combat too if you wanna fight slimes and monsters.,1774835879,1774835879,True,0,0,0.5,False,0,True,False,fun relaxing casual farming sim play alone friend got fun combat wan na fight slime monster,0.8779,1
222068522,english,I love all the little things that make the game so intricate and I love the cute core,1774833458,1774833458,True,0,0,0.5,False,0,True,False,love little thing make game intricate love cute core,0.9262,1
222066613,english,"Just the 10 years old game that never die. 
The dev, player made this game alive till this day.
Thank you for having this game in my life.
Thank to dev that still update new things for free every time.",1774831178,1774831178,True,0,0,0.5,False,0,True,False,year old game never die dev player made game alive till day thank game life thank dev still update new thing free every time,0.9193,1
222065145,english,in these current unstable geopolitics. living a dream life of dissapearing into an out-of-the-city farm and just grow you own food reduces a bit of anxiety of real life.,1774829413,1774829413,True,0,0,0.5,False,0,True,False,current unstable geopolitics living dream life dissapearing outofthecity farm grow food reduces bit anxiety real life,-0.296,1
222063159,english,I love it so much its very relaxing and gets you locked in quickly. I can't play without the wiki but that's because im too invested lol,1774827074,1774827074,True,0,0,0.5,False,0,True,False,love much relaxing get locked quickly cant play without wiki thats im invested lol,0.7923,1
222062068,english,"Perfect for all types of players. Looking to relax and do something mindless? Boot up Stardew. Looking to get sweaty? Boot up Stardew. 

Admittingly I was overwhelmed when I watched my friend stream it. It just felt like there were so many moving parts. Then I got sucked in and played two weeks straight. Became a Stardew connie asado. 

Stardew Valley is literally a perfect game. Grateful for it even.",1774825846,1774825846,True,0,0,0.5,False,0,True,False,perfect type player looking relax something mindless boot stardew looking get sweaty boot stardew admittingly overwhelmed watched friend stream felt like many moving part got sucked played two week straight became stardew connie asado stardew valley literally perfect game grateful even,0.9514,1
222058947,english,"This game changed my life. Played it since it first came out. Depressed teenager to depressed adult. Game still rocks. So much fun, so many replays, great community. Genuinely thank you for this game!",1774822687,1774822687,True,0,0,0.5,False,0,True,False,game changed life played since first came depressed teenager depressed adult game still rock much fun many replay great community genuinely thank game,0.7604,1
222058228,english,"Cozy game with farming,mining,fishing, and foraging. Reminds me of Animal Crossing.",1774822014,1774822014,True,0,0,0.5,False,0,True,False,cozy game farmingminingfishing foraging reminds animal crossing,0.0,1
222055655,english,"Easily one of the most relaxing and rewarding games that I've had the pleasure to play. The attention to detail is wonderful, the characters and story are charming, there's always something to do and there's plenty of challenge as you progress further. This game deserves a look from just about anyone.",1774819681,1774819681,True,0,0,0.5,False,0,True,False,easily one relaxing rewarding game ive pleasure play attention detail wonderful character story charming there always something there plenty challenge progress game deserves look anyone,0.9782,1
222053856,english,"LOVE stardew valley. Such an amazing game with new updates still coming in! You can play it anyway you'd like, there is no one right way. Marriage candidates, mining, fishing, relationships, crops. I LOVE IT ALL. Especially with mods!",1774818160,1774818160,True,0,0,0.5,False,0,True,False,love stardew valley amazing game new update still coming play anyway youd like one right way marriage candidate mining fishing relationship crop love especially mod,0.9581,1
222053323,english,"Fun game with lots of quests and activities, downfall is the time limit on your health and energy and having to run back to your house to rest too often.",1774817711,1774817711,True,0,0,0.5,False,0,True,False,fun game lot quest activity downfall time limit health energy run back house rest often,0.6597,1
222052938,english,"This game is a continuous labor of love with a talented and committed developer and a dedicated modding community. I'm approaching 900 hours of playtime and still haven't ""finished"" the game. Stardew Valley is in my top 3 games that I will probably play forever, second to Minecraft, which I have been playing since Web/Alpha on the Home Ec computers when I was 13",1774817421,1774817421,True,0,0,0.5,False,0,True,False,game continuous labor love talented committed developer dedicated modding community im approaching hour playtime still havent finished game stardew valley top game probably play forever second minecraft playing since webalpha home ec computer,0.9485,1
222051761,english,This game is actually so fun and peaceful I love it so much and definitely recommend,1774816479,1774816479,True,0,0,0.5,False,0,True,False,game actually fun peaceful love much definitely recommend,0.9543,1
222045548,english,"Within the first few hours it became my favorite game. Please Marnie, drop Lewis, Marlon is right there!",1774811655,1774811655,True,0,0,0.5,False,0,True,False,within first hour became favorite game please marnie drop lewis marlon right,0.5411,1
222043279,english,Awesome game with awesome mechanics. There's so much to do in this game and it's still having updates. Just awesome.,1774810004,1774810004,True,0,0,0.5,False,0,True,False,awesome game awesome mechanic there much game still update awesome,0.9231,1
222042913,english,"Stardew Valley is a wonderful game with nearly infinite hours of content. This game has been made by a single indie developer that had a great idea, and lots of love to make that idea a reality. The resulting game is a joy to play and enjoy with friends. The game is totally worth the price, if you're looking for a cozy farming game to play with your buddies. The artsytle is memorable, the world that Concerned Ape has crafted is like no other, the combat is pretty challenging despite how simple it may look, and the mechanics and lore all have a lot of thought put into them. 

I spent around 380 hours 100%ing the game, but most of that was spent goofing around with friends, and having a great time making a pretty farm together. There's nothing quite as polished as stardew valley in the gaming world currently in my opinion, it truly is a masterpiece. 10/10 wholeheartedly recommended.",1774809753,1774809753,True,0,0,0.5,False,0,True,False,stardew valley wonderful game nearly infinite hour content game made single indie developer great idea lot love make idea reality resulting game joy play enjoy friend game totally worth price youre looking cozy farming game play buddy artsytle memorable world concerned ape crafted like combat pretty challenging despite simple may look mechanic lore lot thought put spent around hour ing game spent goofing around friend great time making pretty farm together there nothing quite polished stardew valley gaming world currently opinion truly masterpiece wholeheartedly recommended,0.9921,1
222040846,english,"I play this game get obsessed life moves on and I am like let me try it again and its always better the next time, currently on a play thru with my husband as my first multiplayer game and I love it because its is a true multiplayer game your choices are not dependent on another player or limit your interactions with the world.",1774808241,1774808241,True,0,0,0.5,False,0,True,False,play game get obsessed life move like let try always better next time currently play thru husband first multiplayer game love true multiplayer game choice dependent another player limit interaction world,0.9382,1
222038948,english,"A classic cozy game for a reason, 10 years later and I still love this game. Concerned Ape still diligently works to make it better and bring us new content. Defintely recommend!!",1774806894,1774806894,True,0,0,0.5,False,0,True,False,classic cozy game reason year later still love game concerned ape still diligently work make better bring u new content defintely recommend,0.8802,1
222035727,english,"Honestly, I thought I'd get bored by playing solo but dang it's kinda addicting especially if you're a beginner. Tho my only advice is to not speedrun the game and enjoy it!",1774804622,1774804622,True,0,0,0.5,False,0,True,False,honestly thought id get bored playing solo dang kinda addicting especially youre beginner tho advice speedrun game enjoy,0.7537,1
222033667,english,Obviously worth every penny. This game has so many hours of gameplay available. And it's fun as hell. Just play it.,1774803220,1774803220,True,0,0,0.5,False,0,True,False,obviously worth every penny game many hour gameplay available fun hell play,0.25,1
222031943,english,"I've been playing this game for years across multiple different platforms, I got it on my phone in 2020 and was instantly hooked. I bought it on Playstation, then switch, and now finally PC. I still just as hooked on it today as I was 6 years ago!",1774802020,1774802020,True,0,0,0.5,False,0,True,False,ive playing game year across multiple different platform got phone instantly hooked bought playstation switch finally pc still hooked today year ago,0.2714,1
222022952,english,"Cozy couch co-op for the record books!

Stardew is an extremely addictive passitme. The way days flow into the next and drive you to want to play mor is masterful. Be careful you will easily lose hours into this without even noticing",1774795926,1774795926,True,0,0,0.5,False,0,True,False,cozy couch coop record book stardew extremely addictive passitme way day flow next drive want play mor masterful careful easily lose hour without even noticing,0.5093,1
222011022,english,Absolutely horrible. This game has sucked me into a never ended spiral of amazing graphics and capitalist greed.,1774787258,1774787258,True,0,0,0.5,False,0,True,False,absolutely horrible game sucked never ended spiral amazing graphic capitalist greed,-0.6901,1
222010702,english,"Very fun. Quite addicting, but the mines and some moments are very scary for me at first time. anyways it's a really great game. worth it",1774786967,1774786967,True,0,0,0.5,False,0,True,False,fun quite addicting mine moment scary first time anyways really great game worth,0.75,1
222002620,english,great game if you love chill cozy gameplay. no need to rush things either as you can play at your own pace.,1774779890,1774779890,True,0,0,0.5,False,0,True,False,great game love chill cozy gameplay need rush thing either play pace,0.8591,1
222001077,english,"For the times i have played this game, it was always fun being able to play with my friends and have little competitions in game. Not only that being able to not play with my friends and only do a solo game play and doing things at my own pace without worry is also worth it. i may not have a lot of money in the game at my own world but its fine, i like it that way, i always recommend this game to my friends who hasn't played it yet.",1774778398,1774778398,True,0,0,0.5,False,0,True,False,time played game always fun able play friend little competition game able play friend solo game play thing pace without worry also worth may lot money game world fine like way always recommend game friend hasnt played yet,0.978,1
221995046,english,"I opened Stardew Valley thinking I’d just relax, plant a few crops, maybe talk to some villagers, and log off feeling peaceful.

That was… extremely unrealistic.

What actually happened is I woke up at 6AM (in-game), ran outside like I had a personal mission from the universe, watered 40 plants, forgot to eat, passed out in a mine, got emotionally invested in everyone’s lives, and somehow ended the day questioning my real-life productivity.

And I loved every second of it.

Stardew Valley is one of those games that looks simple but slowly takes over your entire brain. At first, it’s just farming. Then it’s optimizing your farm layout, planning seasons ahead, remembering birthdays, upgrading tools, unlocking new areas, fishing at specific times, mining for resources, and trying to figure out why you suddenly care so much about pixelated chickens.

The freedom the game gives you is honestly amazing. You can farm, fish, mine, decorate, build relationships, or just wander around doing whatever you feel like. There’s no “right” way to play, which makes it super relaxing—but also dangerously easy to lose hours without noticing.

The characters are another huge highlight. They’re not just random NPCs—they actually feel like real people with personalities, routines, and stories. You start off just greeting them, and next thing you know you’re remembering their favorite gifts and getting emotionally attached.

Also, the soundtrack? Perfect. It somehow makes everything feel calm and nostalgic at the same time, even when you’re stress-running back home before 2AM so you don’t pass out again.

Now let’s talk about the hidden danger: time. This game does not believe in “just one more day.” You will say it. You will mean it. And then you will play 12 more days. It’s a trap. A very cozy, very addictive trap.

Performance is smooth, controls are easy to learn, and it runs on basically anything. It’s beginner-friendly but has enough depth to keep you playing for a long time.

Overall, Stardew Valley is more than just a farming game—it’s a whole experience. It’s relaxing, engaging, slightly chaotic, and somehow both chill and stressful at the same time.

Final verdict: 10/10. I came to water crops and ended up with a second life, responsibilities, and emotional attachments I was not prepared for.
",1774772260,1774772260,True,0,0,0.5,False,0,True,False,opened stardew valley thinking id relax plant crop maybe talk villager log feeling peaceful extremely unrealistic actually happened woke ingame ran outside like personal mission universe watered plant forgot eat passed mine got emotionally invested everyones life somehow ended day questioning reallife productivity loved every second stardew valley one game look simple slowly take entire brain first farming optimizing farm layout planning season ahead remembering birthday upgrading tool unlocking new area fishing specific time mining resource trying figure suddenly care much pixelated chicken freedom game give honestly amazing farm fish mine decorate build relationship wander around whatever feel like there right way play make super relaxingbut also dangerously easy lose hour without noticing character another huge highlight theyre random npcsthey actually feel like real people personality routine story start greeting next thing know youre remembering favorite gift getting emotionally attached also soundtrack perfect somehow make everything feel calm nostalgic time even youre stressrunning back home dont pas let talk hidden danger time game believe one day say mean play day trap cozy addictive trap performance smooth control easy learn run basically anything beginnerfriendly enough depth keep playing long time overall stardew valley farming gameits whole experience relaxing engaging slightly chaotic somehow chill stressful time final verdict came water crop ended second life responsibility emotional attachment prepared,0.9961,1
221994405,english,"Story: 8/10 (The story satiates my love for laid-back, casual moments. Very lovable and unlovable cast of characters)

Controls: 9/10 (Keyboard and mouse is fine, but using a controller can feel off, especially when it comes to watering/hoeing.)

Graphics: 10/10 (An absolutely adorable and well-designed style, all art is done by the single game dev.)

Replayability: 9/10 (Stardew Valley is a game meant to either be replayed or played over a long period of time, allowing the player the freedom of choice when it comes to farming, modding and potentially min/maxing.)

World Design: 10/10 (The world is immersive and realistic while still displaying fantastical elements like magic and fantasy creatures.)

Sound Design: 7/10 (Not very notable, however the music saves this ranking, being very tranquil and fitting to the game's world.)

Variety of Content: 9/10 (Farming, mining, dungeoning, crafting, building and leveling up to become an unstoppable farmer in the quiet town of Stardew Valley)

Total: 8.9/10",1774771565,1774771804,True,0,0,0.5,False,0,True,False,story story satiates love laidback casual moment lovable unlovable cast character control keyboard mouse fine using controller feel especially come wateringhoeing graphic absolutely adorable welldesigned style art done single game dev replayability stardew valley game meant either replayed played long period time allowing player freedom choice come farming modding potentially minmaxing world design world immersive realistic still displaying fantastical element like magic fantasy creature sound design notable however music save ranking tranquil fitting game world variety content farming mining dungeoning crafting building leveling become unstoppable farmer quiet town stardew valley total,0.9776,1
221992790,english,"BEST GAME EVER! Absolutely cannot fault it. Have it on PC and console, love playing it on both. 
Not a helpful review, just an honest one.",1774769805,1774769805,True,0,0,0.5,False,0,True,False,best game ever absolutely fault pc console love playing helpful review honest one,0.9406,1
221992725,english,"Great Game once you stop trying to maximize efficiency. 

A tip for players who are starting off the game: You don't have to follow a specific playstyle! Just do what you would like to do, even If you know that getting strawberries planted ASAP will get you lots of money on the first year, maybe save them for next year. 

If you want to relax, maybe avoid a streamlined, time efficient, step-by-step process. I got a bit stuck in that and I didn't have much fun, but I've gotten better at that and just go at my own pace. You don't need to get the Community Center Year 1 lol, its alright! :D",1774769733,1774769733,True,0,0,0.5,False,0,True,False,great game stop trying maximize efficiency tip player starting game dont follow specific playstyle would like even know getting strawberry planted asap get lot money first year maybe save next year want relax maybe avoid streamlined time efficient stepbystep process got bit stuck didnt much fun ive gotten better go pace dont need get community center year lol alright,0.9712,1
221989310,english,What seems like you have spent 1 or 2 hours playing actually equates to 8-9 hours of your actual day gone! Really fun game to play!!! 10/10 recommend,1774765845,1774765845,True,0,0,0.5,False,0,True,False,seems like spent hour playing actually equates hour actual day gone really fun game play recommend,0.9179,1
221981232,english,"genuinely 10/10 game, especially now that you can romance Sandy. so so much fun. cannot recommend it enough.",1774756882,1774756882,True,0,0,0.5,False,0,True,False,genuinely game especially romance sandy much fun recommend enough,0.7455,1
221979505,english,"so good, I bought it for the full pc experience, and it all transferred over!",1774755153,1774755153,True,0,0,0.5,False,0,True,False,good bought full pc experience transferred,0.54,1
221978328,english,This is one of the calmest games I have ever played if you like farming and mining this game is for you.,1774753946,1774753946,True,0,0,0.5,False,0,True,False,one calmest game ever played like farming mining game,0.7579,1
221977686,english,"amazing game and somehow runs perfectly on my terrible, old computer that I got for free",1774753308,1774753308,True,0,0,0.5,False,0,True,False,amazing game somehow run perfectly terrible old computer got free,0.8481,1
221975602,english,"Honestly my top 5 games of all time. You'd think it a simple farming game, but it so much more, and that what i love about this game. EDIT: still top 5, and im about half way there",1774750898,1776746599,True,0,0,0.5,False,0,True,False,honestly top game time youd think simple farming game much love game edit still top im half way,0.886,1
221975202,english,absolute great game and really fun with mods,1774750466,1774750466,True,0,0,0.5,False,0,True,False,absolute great game really fun mod,0.8268,1
221974367,english,"This is absolutely one of my favorite games of all time, its got a very charming pixel art style with very interesting stories, easter eggs and dialogue that make the game feel extremely nice to play. I've had some stressing times myself, don't get me wrong, but I would still pay with my life to be able to play this for the first time again, nothing beats that magical moment.

One of my top spots for the game goes to the attention to detail. ConcernedApe composed such beautifully captivating songs that tie all of the game's moments together with its outstanding pixel art. ConcernedApe also made sure to include a little bit of something here and there so absolutely nothing feels scarce or lazy, it's very, VERY clear that this game is made with much love, intention and thought. I love every single thing about this game.",1774749542,1774749542,True,0,0,0.5,False,0,True,False,absolutely one favorite game time got charming pixel art style interesting story easter egg dialogue make game feel extremely nice play ive stressing time dont get wrong would still pay life able play first time nothing beat magical moment one top spot game go attention detail concernedape composed beautifully captivating song tie game moment together outstanding pixel art concernedape also made sure include little bit something absolutely nothing feel scarce lazy clear game made much love intention thought love every single thing game,0.9922,1
221973033,english,A great game with tons of effort put into it. Mods do add small quality of life emprovements but the game is perfect on it's own,1774748139,1774748139,True,0,0,0.5,False,0,True,False,great game ton effort put mod add small quality life emprovements game perfect,0.8225,1
221972814,english,"This is the kind of game you'd want to play again and again. A lot of thought and love was put into this project, and it's STILL getting new updates. Really wholesome, can sometimes delve into serious topics w/o tarnishing the overall comfy vibe. Dating mechanic is a bit limited, but the scenes are cute, and most of this game is about the Farm Management anyway. Lot of customization options.

The modding community has some interesting finds, if you're into that sort of thing; but honestly I think this game stands really well on its own.

TL;DR you get exactly what you payed for, good casual experience that's easy to jump into.",1774747870,1774747870,True,0,0,0.5,False,0,True,False,kind game youd want play lot thought love put project still getting new update really wholesome sometimes delve serious topic wo tarnishing overall comfy vibe dating mechanic bit limited scene cute game farm management anyway lot customization option modding community interesting find youre sort thing honestly think game stand really well tldr get exactly payed good casual experience thats easy jump,0.9806,1
221968967,english,"In terms of play-style Stardew Valley is very diverse. If you just want a laid back experience where you can listen to the soundtrack and play mini games? You can do that! If you want to reach perfection and complete the community center year 1? You can do that! You can even just talk to the charming cast of NPCs! The game is also accompanied by a tasteful soundtrack and fun art style to really get you into the experience. Plus if you ever feel lost, the wiki page has almost everything you could need to know for your game!",1774743559,1774743559,True,0,0,0.5,False,0,True,False,term playstyle stardew valley diverse want laid back experience listen soundtrack play mini game want reach perfection complete community center year even talk charming cast npc game also accompanied tasteful soundtrack fun art style really get experience plus ever feel lost wiki page almost everything could need know game,0.934,1
221968411,english,its a very calming game and fun to play after a long day.,1774742996,1774742996,True,0,0,0.5,False,0,True,False,calming game fun play long day,0.8268,1
221965154,english,One of the best games ive ever played. Found it back in middle school and its been my favorite since.,1774739668,1774739668,True,0,0,0.5,False,0,True,False,one best game ive ever played found back middle school favorite since,0.8625,1
221964344,english,"Just got it on computer but I've been playing on console since 2020. Literally favorite game of all time. Trust me, it is way more than it seems, and will NOT dissapoint.",1774738878,1774738878,True,0,0,0.5,False,0,True,False,got computer ive playing console since literally favorite game time trust way seems dissapoint,0.8922,1
221963925,english,"I've had so much fun playing this game, and I only purchased it 2 days ago. Its incredibly cozy and calming to play, I love the depth of the characters, the rewarding grind, and all the events and quests you can do. I was told that I would be an enjoyer of Stardew Valley, but I never really considered playing it until I saw a short of it pop up in my algorithm. 
It was also news to me that this game is multiplayer, so I hope to play with my friends soon too.",1774738477,1774738477,True,0,0,0.5,False,0,True,False,ive much fun playing game purchased day ago incredibly cozy calming play love depth character rewarding grind event quest told would enjoyer stardew valley never really considered playing saw short pop algorithm also news game multiplayer hope play friend soon,0.9785,1
221963097,english,"such a cozy cutesy game, i've modded mine but in general, it's very comfy!!",1774737710,1774737710,True,0,0,0.5,False,0,True,False,cozy cutesy game ive modded mine general comfy,0.3887,1
221961213,english,"There's nothing wrong with this game in my opinion, I enjoy my time playing this. Also it's just 600MB!!! The size is too small compared to my 2TB storage. Totally worth buying the game.",1774736040,1774736040,True,0,0,0.5,False,0,True,False,there nothing wrong game opinion enjoy time playing also mb size small compared tb storage totally worth buying game,0.8632,1
221961005,english,Whenever i get bored i find myself coming back to stardew. ive played 300 hours on xbox but mods have breathed new life into it.,1774735851,1774735851,True,0,0,0.5,False,0,True,True,whenever get bored find coming back stardew ive played hour xbox mod breathed new life,0.0387,1
221960987,english,"A very wholesome game, that I have been playing it for years. One of my all time favourites. It has certain elements that remind me of farmville and minecraft but with a nice storyline and lots of different characters to connect with. The best thing about this game is that you can play both as a single player but also in co-op. It's super fun to play with your friends! I also love that the creator keeps adding to the game and shows a lot of appreciation for the game's loyal fanbase.",1774735833,1774735833,True,0,0,0.5,False,0,True,False,wholesome game playing year one time favourite certain element remind farmville minecraft nice storyline lot different character connect best thing game play single player also coop super fun play friend also love creator keep adding game show lot appreciation game loyal fanbase,0.994,1
221959436,english,"If you're looking for a relaxing game that you can play with friends this is 100% the pick, I've had so much fun playing it with my partner and some of the most relaxing time I've had on a game.",1774734504,1774734504,True,0,0,0.5,False,0,True,False,youre looking relaxing game play friend pick ive much fun playing partner relaxing time ive game,0.948,1
221956321,english,"300 hours later and im still playing it. i've only recently modded the game as well.
fun to play with friends and good for a casual gaming sesh.",1774732028,1774732028,True,0,0,0.5,False,0,True,False,hour later im still playing ive recently modded game well fun play friend good casual gaming sesh,0.9371,1
221950668,english,really cool game I used to play it alone but when you play it with friends its a lot better,1774727647,1774727647,True,0,0,0.5,False,0,True,False,really cool game used play alone play friend lot better,0.9201,1
221948562,english,"I don't really play cozy games, but I really enjoyed playing this one. There's so much to do and complete that I can't help but keep playing! The ost and visuals are really nice. Alex and Haley are my favorites",1774726063,1774726063,True,0,0,0.5,False,0,True,False,dont really play cozy game really enjoyed playing one there much complete cant help keep playing ost visuals really nice alex haley favorite,0.9407,1
221940128,english,Great game play for relaxed players. Easy objectives. great game to play with friends,1774719997,1774719997,True,0,0,0.5,False,0,True,False,great game play relaxed player easy objective great game play friend,0.969,1
221939913,english,"This game is just so peak, it has amazing graphics and artstyle, the farming does take a while but you do get a lot of money and honestly its fun watching the gold count go up, and theres actual lore to the game",1774719833,1774719833,True,0,0,0.5,False,0,True,False,game peak amazing graphic artstyle farming take get lot money honestly fun watching gold count go there actual lore game,0.8968,1
221938004,english,"A wholesome, gentle game. Great treatment for depression and anxiety.",1774718491,1774718491,True,0,0,0.5,False,0,True,False,wholesome gentle game great treatment depression anxiety,0.3818,1
221934839,english,It's fun/enjoyable for people who like to go at their own pace. You have missions you can choose of you want to do without pressure unlike some other fast paced games.,1774716266,1774716266,True,0,0,0.5,False,0,True,False,funenjoyable people like go pace mission choose want without pressure unlike fast paced game,0.5702,1
221932136,english,Millennials recomending me this game is the only good thing they've contributed to the internet ever,1774714438,1776649521,True,0,0,0.5,False,0,True,False,millennials recomending game good thing theyve contributed internet ever,0.4404,1
221932127,english,"I absolutely love and adore this game! If you want to have the best time of your life, get Stardew!",1774714434,1774714434,True,0,0,0.5,False,0,True,False,absolutely love adore game want best time life get stardew,0.9376,1
221927721,english,Amazing game that runs smoothly and it's very cozy. Would recommend to anyone.,1774711408,1774711408,True,0,0,0.5,False,0,True,False,amazing game run smoothly cozy would recommend anyone,0.7624,1
221921671,english,"I LOVE THIS GAME

also im like really bad at it, ive been making really slow progress, but its still been so much fun. Im just writing this so that anyone who feels like they're making slow progress might just feel a little better!",1774707114,1774707114,True,0,0,0.5,False,0,True,False,love game also im like really bad ive making really slow progress still much fun im writing anyone feel like theyre making slow progress might feel little better,0.9652,1
221921567,english,It's a great game with tons of fun secrets and stuff to unlock.  I am really liking the new upates and I can't wait for the next one!,1774707032,1774707032,True,0,0,0.5,False,0,True,False,great game ton fun secret stuff unlock really liking new upates cant wait next one,0.893,1
221919520,english,"This game is so fun to play, especially with mods it adds a lot of things to do. On top of that it's chill to play, I really enjoy playing this game.",1774705486,1774705486,True,0,0,0.5,False,0,True,False,game fun play especially mod add lot thing top chill play really enjoy playing game,0.9427,1
221917443,english,"I love stardew valley. It is cozy and fun farm sim. You can fish, mine, grow crops, craft items from foraged items, cook, make wines, jellies, pickles, dry fruits. There's even harder mines to go to later on down the road for more challenge. It is an amazing game and I love it. Between steam and my switch, I probably have over 1000 hours invested. I like it most because if my kids need me, I can easily pause it to step away, and then I can even time my day events based off of how long the days are. One SDV day is about 20 minutes of real time, so I will use that as a timer for myself lol.",1774703937,1774703937,True,0,0,0.5,False,0,True,False,love stardew valley cozy fun farm sim fish mine grow crop craft item foraged item cook make wine jelly pickle dry fruit there even harder mine go later road challenge amazing game love steam switch probably hour invested like kid need easily pause step away even time day event based long day one sdv day minute real time use timer lol,0.9744,1
221915532,english,"Best cosy game on the market, cant beat a long stardew playthrough.",1774702395,1774702395,True,0,0,0.5,False,0,True,False,best cosy game market cant beat long stardew playthrough,0.6369,1
221910412,english,"This game is just so relaxing to play. The music, art style is very beautiful",1774697953,1774697953,True,0,0,0.5,False,0,True,False,game relaxing play music art style beautiful,0.8995,1
221902764,english,"this game is for those who tries to find calmness and comfort of country life. if you are the one from busy hustling work life and lives in a busy city, you should play this game to escape from real life temporarily. it makes you rest and grind at the same time. those are what i like.

i feel like this game helps me with relaxing and at the same time give me hope to grind in real life, like having a business, having a wife that cares about you (shoutout to my wife Penny), and many other things.

i hope this review helps 😉",1774690331,1774690331,True,0,0,0.5,False,0,True,False,game try find calmness comfort country life one busy hustling work life life busy city play game escape real life temporarily make rest grind time like feel like game help relaxing time give hope grind real life like business wife care shoutout wife penny many thing hope review help,0.9834,1
221895530,english,"Fabulous game, got addicted and played hundreds of hours. Stardew valley is an imaginary island where every single effort paid off, and it helped me a lot to breathe some fresh air while temporarily forgetting about the burden from real life.
However, the fishing system of this game is totally rubbish. It relies heavily on your luck and even skillful player like me cannot have a good mood after an entire day of fishing.
Anyway, it is a fantastic game overall.",1774682115,1774682115,True,0,0,0.5,False,0,True,False,fabulous game got addicted played hundred hour stardew valley imaginary island every single effort paid helped lot breathe fresh air temporarily forgetting burden real life however fishing system game totally rubbish relies heavily luck even skillful player like good mood entire day fishing anyway fantastic game overall,0.8978,1
221892269,english,Stardew Valley is just the ultimate cozy game. Zero complaints. I'm also so excited about the relatively frequent new updates! Always something new to explore learn about the game.,1774678231,1774678231,True,0,0,0.5,False,0,True,False,stardew valley ultimate cozy game zero complaint im also excited relatively frequent new update always something new explore learn game,0.1799,1
221892047,english,"Stardew Valley is a chill farming game where you fix up an old farm, grow crops, fish, and get to know people in a small town. It’s really relaxing and easy to get into, and you can play at your own pace. The start is a bit slow, but once you get going it’s pretty addictive.

9/10",1774677949,1774677949,True,0,0,0.5,False,0,True,False,stardew valley chill farming game fix old farm grow crop fish get know people small town really relaxing easy get play pace start bit slow get going pretty addictive,0.8529,1
221889369,english,"Perfect blend of cozy, a little bit of a challenge, and planning all set to comforting music. This has been by far my favorite game I have ever played. I have clocked over 1000 hrs in stardew with over 500 hours on the switch and now over 700 on PC. I can't wait for the 1.7 update :)",1774674609,1774674609,True,0,0,0.5,False,0,True,False,perfect blend cozy little bit challenge planning set comforting music far favorite game ever played clocked hr stardew hour switch pc cant wait update,0.9305,1
221887284,english,"one of my fav games ever !! ❤︎
highly recommend if you're looking for something chill, cozy and relaxing :)
i had sm fun completing all the achievements, EXCEPT journey of the prairie king...",1774672078,1774673257,True,0,0,0.5,False,0,True,False,one fav game ever highly recommend youre looking something chill cozy relaxing sm fun completing achievement except journey prairie king,0.9421,1
221885819,english,One of the best games I've ever played. Had me hooked for months on just the first playthrough. End game is a bit grindy but 100% worth it.,1774670353,1774670353,True,0,0,0.5,False,0,True,False,one best game ive ever played hooked month first playthrough end game bit grindy worth,0.6858,1
221884297,english,"I resisted playing this game for years because pixel graphics give me a headache. This game does, in fact, give me a headache every time I play it. But... the playtime keeps increasing because it's enjoyable and well written. I *HATE* stamina mechanics though. Headaches I will deal with, stamina mechanics I will not.",1774668677,1774668677,True,0,0,0.5,False,0,True,False,resisted playing game year pixel graphic give headache game fact give headache every time play playtime keep increasing enjoyable well written hate stamen mechanic though headache deal stamen mechanic,0.891,1
221881115,english,My goodness. bought this to play with my sister after school a few years ago. 533.4 hours on record. its so peak. worth 30 dollars at least. and if it ever gets boring (which it doesnt) then you can get some mods or something. I play as a farmer/food conessiour usually. but on occasion i will do other stuff. but its such a good game.,1774665180,1774665180,True,0,0,0.5,False,0,True,False,goodness bought play sister school year ago hour record peak worth dollar least ever get boring doesnt get mod something play farmerfood conessiour usually occasion stuff good game,0.8014,1
221880142,english,"I love this game  It has everything you could want to do at different times and it is very easy to mod  
",1774664036,1774664036,True,0,0,0.5,False,0,True,False,love game everything could want different time easy mod,0.8268,1
221878079,english,"I was always skeptical that this game would be worth the purchase, but I got it on sale and now wish that I had bought it sooner. The over-all aesthetic is really nice, the NPC's are comfortably complex with their backstories/side quests/easter egg type qualities. The progression moves at a satisfying pace that keeps me invested, excited and eager to keep moving. I definitely see myself playing this game through a few times and enjoying it possibly more each time. 10/10 :)",1774661762,1774661762,True,0,0,0.5,False,0,True,False,always skeptical game would worth purchase got sale wish bought sooner overall aesthetic really nice npc comfortably complex backstoriesside questseaster egg type quality progression move satisfying pace keep invested excited eager keep moving definitely see playing game time enjoying possibly time,0.989,1
221875702,english,Most favoritest game. Just put in 39+ ish hours in the past three days. Boutta clock in some more time. Love this game. Everyone should play this game. So awesome sauceome,1774659122,1774659122,True,0,0,0.5,False,0,True,False,favoritest game put ish hour past three day boutta clock time love game everyone play game awesome sauceome,0.9056,1
221874383,english,"Amazing game,super fun! The cozy feeling just never leaves when playing this game! Can be replayed multiple times,which is a huge bonus!",1774657759,1774657759,True,0,0,0.5,False,0,True,False,amazing gamesuper fun cozy feeling never leaf playing game replayed multiple timeswhich huge bonus,0.9285,1
222199571,english,"It's just boring. Boring as all get out. Like chores? Well, you're doing them. Did you forget to talk to Margaret on the fifth Friday of the fall? Well, you missed out big time. Or maybe you didn't? I don't know, but this game is the pits.",1774984103,1774984103,False,6,3,0.4941163957118988,False,1,True,False,boring boring get like chore well youre forget talk margaret fifth friday fall well missed big time maybe didnt dont know game pit,-0.2593,0
222245355,english,"Its good, spiritual successor to harvest moon, and i do like it, but it is quite tedious and grindy, the base movement speed is horrible for me and the mouse control are weird unlike factorio exceptional controls. I know its a different kind of game but stardew can definitely take some basic controls from other game, i often accidentally gifting other npc, tiling dirt unintentionally or wrongly, watering the wrong tile, and so on.

Its not cozy game per say, its still is but its more of a time management game with stamina / energy limitation per day (tho tbf you can eat food for regaining stamina) and you do need to manage your time and day, its quite very tedious and grindy in the early game and i dont quite like it so decide to mod it lol.

if i can give it a middle review (neither recommended nor doesnt recommended), i would, all of my problem with the game ofc can be fix with mods, some of the mods that i installed are self-serving, NPC Potrait in maps, UI suite info 2 etc etc, but that doesnt excuse the base game that for me, arent that good enough, its tedious and grindy as hell even when you do have higher tier tools, and decorating and customize your farm still use stamina which is a limited resources and you better off designing your farm from 3rd party website like stardew planner, or just mod  in some cheat engine and give yourself infinite stamina while you editing and configuring your farm, its single player game afterall but again, the base unmodded game, personally i cant recommend unless you like grindy game and tedious menial task.

im aware that this kind of grind is not suited for me or the game isnt for me, game like factorio suited me way more than this, i just wish it has less tedious stamina, walking speed, and basic ease of controls.

Am i still gonna play it? hell yeah, but i kinda dont enjoy the tedious part and just modded the stuff i dont like.",1775043850,1775043850,False,1,0,0.4810644686222076,False,0,True,False,good spiritual successor harvest moon like quite tedious grindy base movement speed horrible mouse control weird unlike factorio exceptional control know different kind game stardew definitely take basic control game often accidentally gifting npc tiling dirt unintentionally wrongly watering wrong tile cozy game per say still time management game stamen energy limitation per day tho tbf eat food regaining stamen need manage time day quite tedious grindy early game dont quite like decide mod lol give middle review neither recommended doesnt recommended would problem game ofc fix mod mod installed selfserving npc potrait map ui suite info etc etc doesnt excuse base game arent good enough tedious grindy hell even higher tier tool decorating customize farm still use stamen limited resource better designing farm rd party website like stardew planner mod cheat engine give infinite stamen editing configuring farm single player game afterall base unmodded game personally cant recommend unless like grindy game tedious menial task im aware kind grind suited game isnt game like factorio suited way wish less tedious stamen walking speed basic ease control still gon na play hell yeah kinda dont enjoy tedious part modded stuff dont like,0.9322,0
223825401,english,nice game pls let my girlfriend get the game for free she lost her account helppp if not then pretty mediocre game,1776836914,1776836914,True,0,0,0.4761904776096343,False,0,True,False,nice game pls let girlfriend get game free lost account helppp pretty mediocre game,0.3553,1
222704585,english,"very nice game, but too many gingers... for each ginger i see i can feel myself loose a year off my life
",1775518091,1775518091,True,0,0,0.4761904776096343,False,2,True,False,nice game many ginger ginger see feel loose year life,-0.2272,1
221502622,english,"started Stardew Valley thinking “oh cute little farming game, I’ll plant some crops, pet some animals, maybe fish a bit”

game said: lol nope, welcome to your second full-time job

first few days are chill. you’re clearing your farm, planting crops, waving at villagers like you’re in a wholesome slice-of-life anime. feels good. peaceful. innocent.

then spring ends. winter hits. no crops. bills still come. your animals are staring at you like “feed us or regret it.” suddenly you realize you are emotionally invested in a pixel cow. congratulations, you’ve been promoted to farm manager and village therapist simultaneously.

and the fishing. oh god, the fishing. at first it seems like a relaxing mini-game. then you realize it’s secretly a test of patience, reflexes, and self-control. you will curse the fish, you will question your life choices, but somehow, you’ll still come back the next day because… progress. sweet sweet progress.

relationships are both wholesome and dangerous. one wrong gift and suddenly someone doesn’t talk to you for a week. you can never just wing it. you must plan. You thought Harvest Moon was casual? Stardew is watching your strategy like a hawk.

but here’s the thing: it’s rewarding. when your farm finally hums along, crops growing, animals fed, friends happy, it’s extremely satisfying. the game quietly teaches you time management, prioritization, and humility (because you still forget to water plants sometimes).

you also get to explore caves and fight monsters, which is fun… and slightly terrifying when you realize you are woefully underprepared. combat is not impossible, but it will absolutely call you out for being greedy.

overall it’s a game that:

makes you feel productive
makes you feel guilty
makes you feel accomplished
makes you cry over a carrot

9.5/10
cute, fun, occasionally stressful, endlessly addictive, would overwater my crops again

⡆⣐⢕⢕⢕⢕⢕⢕⢕⢕⠅⢗⢕⢕⢕⢕⢕⢕⢕⠕⠕⢕⢕⢕⢕⢕⢕⢕⢕⢕
⢐⢕⢕⢕⢕⢕⣕⢕⢕⠕⠁⢕⢕⢕⢕⢕⢕⢕⢕⠅⡄⢕⢕⢕⢕⢕⢕⢕⢕⢕
⢕⢕⢕⢕⢕⠅⢗⢕⠕⣠⠄⣗⢕⢕⠕⢕⢕⢕⠕⢠⣿⠐⢕⢕⢕⠑⢕⢕⠵⢕
⢕⢕⢕⢕⠁⢜⠕⢁⣴⣿⡇⢓⢕⢵⢐⢕⢕⠕⢁⣾⢿⣧⠑⢕⢕⠄⢑⢕⠅⢕
⢕⢕⠵⢁⠔⢁⣤⣤⣶⣶⣶⡐⣕⢽⠐⢕⠕⣡⣾⣶⣶⣶⣤⡁⢓⢕⠄⢑⢅⢑
⠍⣧⠄⣶⣾⣿⣿⣿⣿⣿⣿⣷⣔⢕⢄⢡⣾⣿⣿⣿⣿⣿⣿⣿⣦⡑⢕⢤⠱⢐
⢠⢕⠅⣾⣿⠋⢿⣿⣿⣿⠉⣿⣿⣷⣦⣶⣽⣿⣿⠈⣿⣿⣿⣿⠏⢹⣷⣷⡅⢐
⣔⢕⢥⢻⣿⡀⠈⠛⠛⠁⢠⣿⣿⣿⣿⣿⣿⣿⣿⡀⠈⠛⠛⠁⠄⣼⣿⣿⡇⢔
⢕⢕⢽⢸⢟⢟⢖⢖⢤⣶⡟⢻⣿⡿⠻⣿⣿⡟⢀⣿⣦⢤⢤⢔⢞⢿⢿⣿⠁⢕
⢕⢕⠅⣐⢕⢕⢕⢕⢕⣿⣿⡄⠛⢀⣦⠈⠛⢁⣼⣿⢗⢕⢕⢕⢕⢕⢕⡏⣘⢕
⢕⢕⠅⢓⣕⣕⣕⣕⣵⣿⣿⣿⣾⣿⣿⣿⣿⣿⣿⣿⣷⣕⢕⢕⢕⢕⡵⢀⢕⢕
⢑⢕⠃⡈⢿⣿⣿⣿⣿⣿⣿⣿⣿⣿⣿⣿⣿⣿⣿⣿⣿⣿⣿⣿⣿⣿⢃⢕⢕⢕
⣆⢕⠄⢱⣄⠛⢿⣿⣿⣿⣿⣿⣿⣿⣿⣿⣿⣿⣿⣿⣿⣿⣿⣿⠿⢁⢕⢕⠕⢁
⣿⣦⡀⣿⣿⣷⣶⣬⣍⣛⣛⣛⡛⠿⠿⠿⠛⠛⢛⣛⣉⣭⣤⣂⢜⠕⢑⣡⣴⣿",1774284262,1774284262,True,0,0,0.4761904776096343,False,0,True,False,started stardew valley thinking oh cute little farming game ill plant crop pet animal maybe fish bit game said lol nope welcome second fulltime job first day chill youre clearing farm planting crop waving villager like youre wholesome sliceoflife anime feel good peaceful innocent spring end winter hit crop bill still come animal staring like feed u regret suddenly realize emotionally invested pixel cow congratulation youve promoted farm manager village therapist simultaneously fishing oh god fishing first seems like relaxing minigame realize secretly test patience reflex selfcontrol curse fish question life choice somehow youll still come back next day progress sweet sweet progress relationship wholesome dangerous one wrong gift suddenly someone doesnt talk week never wing must plan thought harvest moon casual stardew watching strategy like hawk here thing rewarding farm finally hum along crop growing animal fed friend happy extremely satisfying game quietly teach time management prioritization humility still forget water plant sometimes also get explore cave fight monster fun slightly terrifying realize woefully underprepared combat impossible absolutely call greedy overall game make feel productive make feel guilty make feel accomplished make cry carrot cute fun occasionally stressful endlessly addictive would overwater crop,0.9827,1
223336986,english,wonderful game. brain can switch off. love.,1776291943,1776291943,True,1,0,0.5238095521926879,False,0,True,False,wonderful game brain switch love,0.836,1
223173267,english,"Capitalism manifest in its most wholesome manner, plus some delicious critique of said system. 

Bueno.",1776081422,1776081422,True,1,0,0.5238095521926879,False,0,True,False,capitalism manifest wholesome manner plus delicious critique said system bueno,0.5719,1
223041804,english,"One of the greatest games ever made. When my now-wife and I first started dating we spent so much time playing this together! She showed me the ropes. Simply a must-play for anyone, even if you don't think you'll be into farming.",1775930851,1775930851,True,1,0,0.5238095521926879,False,0,True,False,one greatest game ever made nowwife first started dating spent much time playing together showed rope simply mustplay anyone even dont think youll farming,0.7619,1
222763771,english,been one of my favorite games since I was ten years old when it came out!!!!! Love love love thank you concernedape for putting your whole heart into this amazing game <3,1775592216,1776042462,True,1,0,0.5238095521926879,False,1,True,False,one favorite game since ten year old came love love love thank concernedape putting whole heart amazing game,0.9812,1
222083270,english,"Oh man, I hit a thousand hours? Yeah, unquestionably worth the hype and popularity.",1774854873,1774854873,True,1,0,0.5199999809265136,False,0,True,False,oh man hit thousand hour yeah unquestionably worth hype popularity,0.7351,1
221636071,english,One of my top 10 games probably. It is a lot of fun to play and relax.,1774414219,1774414219,True,1,0,0.5185185670852661,False,0,True,False,one top game probably lot fun play relax,0.8555,1
223207470,english,I own 5 copies of this and have bought multiple people this game. One of the best games ever.,1776118377,1776118377,True,1,0,0.5102040767669677,False,0,True,False,copy bought multiple people game one best game ever,0.6369,1
223164291,english,"Hi everyone, I’ve been playing a pirated version of Stardew Valley with mods for quite a while and kept my save files. Now that I’ve finally bought the official game, I tried moving my saves over, but they aren't showing up—likely due to a version mismatch. Is there any way to fix this or migrate my progress?",1776065644,1776065644,True,1,0,0.5061728358268737,False,0,True,False,hi everyone ive playing pirated version stardew valley mod quite kept save file ive finally bought official game tried moving save arent showing uplikely due version mismatch way fix migrate progress,0.7351,1
221422137,english,Thumbs down because co-op doesn't work on Steam Deck what was the main reason I bought the game.,1774207911,1774207911,False,1,0,0.5012286305427551,False,0,True,False,thumb coop doesnt work steam deck main reason bought game,0.0,0
223676978,english,"So you think this is going to be a cozy farming game, with cute animals and harvesting crops? WRONG. Think again, this is a one way ride to capitilism, make that moneyyyyyyyyy 10/10",1776654114,1776654114,True,0,0,0.5,False,0,True,False,think going cozy farming game cute animal harvesting crop wrong think one way ride capitilism make moneyyyyyyyyy,-0.2103,1
223663187,english,"OH MY GOODNESSSSSSS. I LOVE LOVE LOVE LOVE LOVEEEEEEEEEE THIS GAME. THE BACKSTORIES, THE ANIMALS. THE HOT VILLAGERS, MWAH MWAH MWAH CHEFS KISS.  I be speed running marrying ppl.",1776636449,1776636449,True,0,0,0.5,False,0,True,False,oh goodnesssssss love love love love loveeeeeeeeee game backstories animal hot villager mwah mwah mwah chef kiss speed running marrying ppl,0.9905,1
223637442,english,"I love this game. It gives me chill vibes and I can relax even after a hard day. I can very recommend this game to every one who wants to relax after a hard day of work, school, etc. It is a 10/10 cozy game",1776615414,1776615414,True,0,0,0.5,False,0,True,False,love game give chill vibe relax even hard day recommend game every one want relax hard day work school etc cozy game,0.8999,1
223572475,english,"Endless things to do, feels very lively and is very rewarding. The best farming sim ever.",1776550233,1776550233,True,0,0,0.5,False,0,True,False,endless thing feel lively rewarding best farming sim ever,0.9072,1
223562115,english,"SO. FREAKING. FUN. i don't play video games very often but I am addicted to this one. So incredibly well made and gorgeous. There are very few things in this world where you can genuinely tell that someone poured their entire heart and soul into it, and this is one of them.",1776540871,1776540871,True,0,0,0.5,False,0,True,True,freaking fun dont play video game often addicted one incredibly well made gorgeous thing world genuinely tell someone poured entire heart soul one,0.8662,1
223487782,english,Very Good farming sim. The mods are the best pat about this and they are very easy to setup.,1776469217,1776469217,True,0,0,0.5,False,0,True,False,good farming sim mod best pat easy setup,0.8906,1
223469414,english,"relaxation at its peak, but somehow i still rage over poor time management",1776451406,1776451406,True,0,0,0.5,False,0,True,False,relaxation peak somehow still rage poor time management,-0.8338,1
223398455,english,Have I reached perfection yet? No. Have I unlocked everything? Also No. Can I plaz without the Wiki open? Hell no. Will I start a new Farm just to feel the magic happen again and again? Absolutely yes.,1776372906,1776372906,True,0,2,0.5,False,0,True,False,reached perfection yet unlocked everything also plaz without wiki open hell start new farm feel magic happen absolutely yes,-0.6208,1
223372261,english,"Really Really Fun! Didn't know time was passing by! 
P.S try clay farming it's real good(with legacy on)",1776346770,1776346770,True,0,0,0.5,False,0,True,False,really really fun didnt know time passing p try clay farming real goodwith legacy,0.6657,1
223365624,english,"There are games you play… and then there are games that quietly become a part of your life.

For me, that’s Stardew Valley.

I didn’t just buy this game once—I bought it on every console and mobile device I own. Not because I had to, but because I wanted to make sure I could carry a piece of it with me wherever I go. And somehow, that feels fitting. Stardew Valley isn’t just a game you visit—it’s a place you return to.

It’s my source of peace.
My reset button.
My happy place.

But more than that… it became a place where real connections were made.

Through this game, I met lifelong friends. We built farms together, shared quiet routines, laughed over small wins, and created something that felt like ours. And somewhere along the way… I also lost a very good friend of mine.

We can’t open our co-op farm anymore.
It just hurts too much.

But that farm… will always exist as a memory of good times. Of laughter, of late nights, of a season in life where everything felt simple and full.

And maybe that’s the magic of it.

There’s something deeply comforting about tending to your crops, talking to familiar faces, and watching the seasons change… even if, in a strange and almost beautiful way, nobody really grows older. At first, it feels odd. But the more time you spend in Pelican Town, the more you realize—that’s exactly the point.

In a world where everything is constantly moving, shifting, and changing… Stardew Valley stays.

It becomes your constant.

A quiet reminder that it’s okay to slow down. That growth doesn’t always have to be loud or visible. That there’s beauty in routine, in simplicity, and in small, intentional moments.

I’ve even influenced hundreds of my friends to try it—and somehow, many of them found their own version of peace in it too.

And behind it all is ConcernedApe, a creator whose sincerity shows in every pixel. Someone who never really stopped caring, never stopped updating, never stopped giving more to a game that already gave so much.

And maybe that’s why I keep coming back.

Because no matter how busy life gets, no matter how much changes… there’s always a little farm waiting for me—just as I left it. 🌱",1776338386,1776338386,True,0,0,0.5,False,1,True,False,game play game quietly become part life thats stardew valley didnt buy game oncei bought every console mobile device wanted make sure could carry piece wherever go somehow feel fitting stardew valley isnt game visitits place return source peace reset button happy place became place real connection made game met lifelong friend built farm together shared quiet routine laughed small win created something felt like somewhere along way also lost good friend mine cant open coop farm anymore hurt much farm always exist memory good time laughter late night season life everything felt simple full maybe thats magic there something deeply comforting tending crop talking familiar face watching season change even strange almost beautiful way nobody really grows older first feel odd time spend pelican town realizethats exactly point world everything constantly moving shifting changing stardew valley stay becomes constant quiet reminder okay slow growth doesnt always loud visible there beauty routine simplicity small intentional moment ive even influenced hundred friend try itand somehow many found version peace behind concernedape creator whose sincerity show every pixel someone never really stopped caring never stopped updating never stopped giving game already gave much maybe thats keep coming back matter busy life get matter much change there always little farm waiting mejust left,0.9969,1
223349252,english,extremely fun and time-killing. You don't need high specs to play it either :),1776310327,1776310327,True,0,0,0.5,False,0,True,False,extremely fun timekilling dont need high spec play either,0.8399,1
223341983,english,Harvey. You can marry Harvey. That is all I need to say to get the point across for how brilliant this game is.,1776299483,1776299483,True,0,0,0.5,False,0,True,False,harvey marry harvey need say get point across brilliant game,0.5859,1
223329808,english,"it's a decent game, there's nothing glitch-wise to mention. I think this farm life-sim gets a thumbs up",1776283425,1776283425,True,0,0,0.5,False,0,True,False,decent game there nothing glitchwise mention think farm lifesim get thumb,0.0,1
223329595,english,"I've been playing this game for a while now, especially on my Xbox and its revolutionary. Stardew Valley is one of the best RPG Casual games you'll be able to find on here no doubt. This game is wonderful for every age to enjoy.",1776283185,1776283185,True,0,0,0.5,False,0,True,False,ive playing game especially xbox revolutionary stardew valley one best rpg casual game youll able find doubt game wonderful every age enjoy,0.875,1
223318146,english,Stardew valley is more than what it seems. I cannot recommend this game enough and I wish I hadn't waited so long to give it a chance.,1776271417,1776271417,True,0,0,0.5,False,0,True,False,stardew valley seems recommend game enough wish hadnt waited long give chance,0.3798,1
223289008,english,Single handedly has prevented me from consuming .380 auto for dinner! Would for sure recommend to a friend. 9/10 so far. (46hrs),1776229816,1776643076,True,0,0,0.5,False,0,True,False,single handedly prevented consuming auto dinner would sure recommend friend far hr,0.8122,1
223259399,english,"There are games that ask things of you: speed, precision, conquest - and then there is Stardew Valley, which simply opens its hands and says: stay a while.

It is not dramatic, not loud, not desperate to impress. A few pixels, a soft loop of music, the gentle arithmetic of days passing. Parsnips in spring, blueberries in summer, a quiet negotiation with time that feels less like pressure and more like breathing. You wake, you tend, you wander. You exist, and that is enough.

There is something deeply kind about it. Not naive, never that, but patient. The villagers carry their small, human weights. Loneliness, regret, hope, stubborn little joys. You learn them slowly, like reading letters written in careful ink. No one demands you fix them. You are simply allowed to be present, which, in its way, is a kind of healing.

And then the rhythm settles in your bones. The click of watering can. The soft thud of an axe. The almost ceremonial descent into the mines, where even danger feels… contained. Manageable. Like the world has agreed not to overwhelm you today.

I return to it the way one returns to a familiar room at dusk. Not because it changes, but because it doesn’t need to. Because it remembers me, in its quiet way. Because in a life that can be sharp and loud and unkind, Stardew Valley remains gentle.

And sometimes, gentle is not just enough.
Sometimes, it is everything.",1776190652,1776190652,True,0,0,0.5,False,0,True,False,game ask thing speed precision conquest stardew valley simply open hand say stay dramatic loud desperate impress pixel soft loop music gentle arithmetic day passing parsnip spring blueberry summer quiet negotiation time feel less like pressure like breathing wake tend wander exist enough something deeply kind naive never patient villager carry small human weight loneliness regret hope stubborn little joy learn slowly like reading letter written careful ink one demand fix simply allowed present way kind healing rhythm settle bone click watering soft thud axe almost ceremonial descent mine even danger feel contained manageable like world agreed overwhelm today return way one return familiar room dusk change doesnt need remembers quiet way life sharp loud unkind stardew valley remains gentle sometimes gentle enough sometimes everything,0.9166,1
223250241,english,I have played for 7 hours. it is very confusing on what to do. And it is very hard. Spring is almost over and I've barely done any of the tasks I am supposed to because I have no money. But still I guess it is peaceful and mind numbing which is what I need.,1776182072,1776182072,True,0,0,0.5,False,0,True,False,played hour confusing hard spring almost ive barely done task supposed money still guess peaceful mind numbing need,0.204,1
223129992,english,Insane amount of content I ve been playing for 60 hours and still didnt even get to the lategame,1776019843,1776019843,True,0,0,0.5,False,0,True,False,insane amount content playing hour still didnt even get lategame,-0.2263,1
223120343,english,"This is a good game, you can not go back in time once you go to sleep but if you make a mistake you can start that day again XD time is short to do all you have to do :D Have fun and experience owning your own house, earning enough to live and eat :P",1776011988,1776011988,True,0,0,0.5,False,0,True,False,good game go back time go sleep make mistake start day xd time short fun experience owning house earning enough live eat p,0.9696,1
223082173,english,"Amazing! Played since it very first came out, its come so far and has such a bright future.",1775973945,1775973945,True,0,0,0.5,False,0,True,False,amazing played since first came come far bright future,0.8553,1
223059074,english,"just one of the best games of all time. for farming sims, it doesn't get any better than this.",1775946163,1775946163,True,0,0,0.5,False,0,True,False,one best game time farming sims doesnt get better,0.4203,1
223034736,english,"Fweakin Awesome Sauce, I love ignoring my own stress to handle more stress in this gorgeous masterpiece. 10/10",1775925178,1775925178,True,0,0,0.5,False,0,True,False,fweakin awesome sauce love ignoring stress handle stress gorgeous masterpiece,0.8779,1
222970669,english,"Live the dream of having neighbors that remember your name, stop a mega corp from ruining a local town & getting to farm.",1775853341,1775853341,True,0,0,0.5,False,0,True,False,live dream neighbor remember name stop mega corp ruining local town getting farm,-0.296,1
222969359,english,stardew valley is by far one of my fave games of all time and i have it on every device i own and have logged in total around 150 hours which isn't enough if u can buy it on pc its so much more viable and modding is simple and it runs on basically anything as seen by pc specs highly reccomend 10/10 and sorry i cant spell,1775852068,1775852068,True,0,0,0.5,False,0,True,False,stardew valley far one fave game time every device logged total around hour isnt enough u buy pc much viable modding simple run basically anything seen pc spec highly reccomend sorry cant spell,0.3818,1
222942711,english,Incredible amazing all the good things. I've played over a hundred hours in the past two weeks tho oops,1775827361,1775827361,True,0,0,0.5,False,0,True,False,incredible amazing good thing ive played hundred hour past two week tho oops,0.8442,1
222931259,english,"I have played Stardew Valley for what seems to be forever, and I still come back for more. It is engaging, quirky, cute and lads of fun.",1775811995,1775811995,True,0,0,0.5,False,0,True,False,played stardew valley seems forever still come back engaging quirky cute lad fun,0.885,1
222922136,english,"A town full of characters and a farm all to yourself, you get to choose how you play. Maximize you farm, spend your days and nights fighting creatures, or meet your perfect match.",1775795730,1775795730,True,0,0,0.5,False,0,True,False,town full character farm get choose play maximize farm spend day night fighting creature meet perfect match,0.5574,1
222853792,english,"Look. Look. We all know what Stardew Valley is. We've all heard the stories, seen the sceenshots and wondered why anyone would willingly choose Shane. Just get the game. You won't regret it. Seriously.",1775708087,1775708087,True,0,0,0.5,False,0,True,False,look look know stardew valley weve heard story seen sceenshots wondered anyone would willingly choose shane get game wont regret seriously,0.431,1
222841955,english,Loved it Sm I bought it on Multiple platforms hahah I play most on PS5 but I didnt think I would like it at first when a friend recommended it to me haha,1775690492,1775690492,True,0,0,0.5,False,0,True,False,loved sm bought multiple platform hahah play p didnt think would like first friend recommended haha,0.8997,1
222837595,english,"i love the graphics and that you can do anything with your farm. it resembles a lot to real life especially the social life, 10 out of 10",1775684814,1775684814,True,0,0,0.5,False,0,True,False,love graphic anything farm resembles lot real life especially social life,0.6369,1
222825024,english,"Yeah, ya' know what? It has probably won some kind of award somewhere, and it's completely earned it. As an ""anybody"" sandbox, it kinda does everything right. Build a farm, run a dungeon, spend all day trying to seduce a pixelated character? This game kinda has you covered.",1775671821,1775671821,True,0,0,0.5,False,0,True,False,yeah ya know probably kind award somewhere completely earned anybody sandbox kinda everything right build farm run dungeon spend day trying seduce pixelated character game kinda covered,0.8579,1
222774747,english,"nice for someone starting to play, easy on the mind, great vibes, we can do it at our own pace",1775604822,1775604822,True,0,0,0.5,False,0,True,False,nice someone starting play easy mind great vibe pace,0.9042,1
222773567,english,"you can have a void person live with you

actually i hate this game now krobus cant be in the perfection cutscene on the bench",1775603240,1775702306,True,0,0,0.5,False,0,True,False,void person live actually hate game krobus cant perfection cutscene bench,0.0,1
222725337,english,Stardew Valley is so dangerous that every time I log in I totally forget about the time in real life.,1775550612,1775550612,True,0,0,0.5,False,0,True,False,stardew valley dangerous every time log totally forget time real life,-0.7339,1
222706194,english,"Simple, relaxing, which makes it addicting",1775520291,1775520291,True,0,0,0.5,False,0,True,False,simple relaxing make addicting,0.4939,1
222693634,english,Maru is so hot and ROBIN KEEPS CHARGING ME SO MUCH GOLD FOR A HOUSE UPGRADE she probably uses that gold to fund her ginger soul stealing side business,1775505918,1775505918,True,0,2,0.5,False,1,True,True,maru hot robin keep charging much gold house upgrade probably us gold fund ginger soul stealing side business,-0.5719,1
222664601,english,"I get to do lesbian things here, that's already a 5/5 from me. Not only that, but it's so relaxing and i don't feel pressured to do things at a certain speed.",1775480555,1775480555,True,0,0,0.5,False,0,True,False,get lesbian thing thats already relaxing dont feel pressured thing certain speed,0.884,1
222569522,english,"Honestly wish I could say this is a flawless masterpiece, but I'd like for each of you to walk into the Stardrop Saloon and attempt Junimo Kart. Report back if you have a keyboard to type with still.",1775384516,1775384516,True,0,0,0.5,False,0,True,False,honestly wish could say flawless masterpiece id like walk stardrop saloon attempt junimo kart report back keyboard type still,0.8689,1
222531863,english,"A friend recommended this game. And I purchased this on mobile, nintendo switch and pc since then",1775339917,1775339917,True,0,0,0.5,False,0,True,False,friend recommended game purchased mobile nintendo switch pc since,0.6124,1
222502579,english,"don't install sve if you plan on reaching the summit, unless you enjoy suffering. ♥♥♥♥♥♥♥ geese.",1775316608,1775316608,True,0,0,0.5,False,0,True,False,dont install sve plan reaching summit unless enjoy suffering goose,0.2263,1
222347865,english,"I LOVE THIS GAME 
It's like time flys by when i play
i feel at home in this game
-polo",1775155516,1775155516,True,0,0,0.5,False,0,True,False,love game like time fly play feel home game polo,0.87,1
222330874,english,It's Stardew Valley. You already know it's great. Stop reading and start playing Stardew Valley.,1775140807,1775140807,True,0,0,0.5,False,0,True,False,stardew valley already know great stop reading start playing stardew valley,0.5719,1
222320855,english,good for time passing and story based Never ending plot,1775130794,1775130794,True,0,0,0.5,False,0,True,False,good time passing story based never ending plot,0.4404,1
222296390,english,Crows can steal your beans and you can unlock a rubber ducky fishing bobber. I fcking love it,1775094694,1775094694,True,0,0,0.5,False,0,True,False,crow steal bean unlock rubber ducky fishing bobber fcking love,0.25,1
222203876,english,"One of the best achievement grinds I've ever completed. Everything is so slow and time consuming but in such an addicting way that it never becomes tedious. 10/10

Journey of the Prairie King sucks ass 2/10",1774987829,1774987829,True,0,0,0.5,False,0,True,False,one best achievement grind ive ever completed everything slow time consuming addicting way never becomes tedious journey prairie king suck as,-0.7506,1
222201850,english,"If you've ever though, ""I wish I could abandon capitalism, move to a tiny town close to the beach, and immediately become emotionally responsible for 28 villagers and a chicken named BokBokington III,"" then Stardew Valley is the game for you.

Within the first hour, you'll go from ""I'm going to plant some parsnips"" to ""I must single-handedly rebuild the economy, restore a community center, defeat cave creatures, romance a local and also remember to water my chilli (because someone needs it for aches and pains)""

It's basically a farming simulator disguised as a life simulator disguised as a cult recuitment tool.... And I joined willingly.

You start with a rusty hoe, a patch of land that looks like it didn't survive a forest fairy's cruel attempt to recultivate the forest and a mailbox full of people demanding favours.
By day 10 you're hoarding mayonnaise like a dragon, mining until 10 to 2 because you've fainted in that cave more than you are willing to admit and googling ""best gifts to give Clint"" like your life depends on it (we all want to marry the guy)

Your animals love you.... until they don't, then they give you low-quality milk out of spite. Chickens are adorable, cows are wholesome, ducks are a bit chaotically neutral and rabbits produce wool, instead of more rabbits - which is suspicious.

Every bachelor and bachelorette has a tragic backstory, a favourite gift that is weirdly specific and a house that is messy.

Stardew Valley is:
- therapy
- stress
- a second job
- a third job

10/10 would lose another 370 hours to pixel vegetables.",1774986076,1774986076,True,0,0,0.5,False,0,True,False,youve ever though wish could abandon capitalism move tiny town close beach immediately become emotionally responsible villager chicken named bokbokington iii stardew valley game within first hour youll go im going plant parsnip must singlehandedly rebuild economy restore community center defeat cave creature romance local also remember water chilli someone need ache pain basically farming simulator disguised life simulator disguised cult recuitment tool joined willingly start rusty hoe patch land look like didnt survive forest fairy cruel attempt recultivate forest mailbox full people demanding favour day youre hoarding mayonnaise like dragon mining youve fainted cave willing admit googling best gift give clint like life depends want marry guy animal love dont give lowquality milk spite chicken adorable cow wholesome duck bit chaotically neutral rabbit produce wool instead rabbit suspicious every bachelor bachelorette tragic backstory favourite gift weirdly specific house messy stardew valley therapy stress second job third job would lose another hour pixel vegetable,0.4215,1
222193558,english,"Gonna be honest, didn't expect to like it as much as I did. The downside is that it does get kind of addicting...",1774978906,1774978906,True,0,1,0.5,False,0,True,False,gon na honest didnt expect like much downside get kind addicting,0.049,1
222135938,english,This game created a lifelong addiction to farming sims.  10/10,1774909468,1774909468,True,0,0,0.5,False,0,True,False,game created lifelong addiction farming sims,0.25,1
222121110,english,"I find it soothing and calm, es[ecia;;y the music. and there is so much content it left me playing for hours on end",1774895230,1774895230,True,0,0,0.5,False,0,True,False,find soothing calm eseciay music much content left playing hour end,0.6597,1
222107405,english,"I used to play this game with my girlfriend when we were still getting to know each other. I had tried a few runs, which I usually got tired of and stopped before summer. We made a new farm and wow she had played that game. Just about 300 hours, and she knew what she was doing. I didn't. Don't get me wrong, I had fun, I really did, but god did I feel useless. Usually I was just sent of fetch quests for some items that we needed and I couldn't sell anything without asking her first. This wasn't really a problem, like I said it was plenty fun. We had gotten to autumn and we were apparently making jelly now? We ended up dropping stardew after two months and moved to minecraft, which we both knew how to play. We were together for nine months, and broke up just two and a half months ago. It pains me to think about her but I really wanted to get back into stardew. So I did. I kinda know more now, I actually have a fair bit of an idea what the goal is. It has been nice. I've remembered moments, almost even relived them, moments that make me happy. I miss her, but breaking up was a mutual decision. We both knew this wasn't working. So far, stardew has been a big step in helping me move on. I hope I can get to summer this time.
9/10 
Leah looks too much like Robin",1774883254,1774883254,True,0,0,0.5,False,0,True,False,used play game girlfriend still getting know tried run usually got tired stopped summer made new farm wow played game hour knew didnt dont get wrong fun really god feel useless usually sent fetch quest item needed couldnt sell anything without asking first wasnt really problem like said plenty fun gotten autumn apparently making jelly ended dropping stardew two month moved minecraft knew play together nine month broke two half month ago pain think really wanted get back stardew kinda know actually fair bit idea goal nice ive remembered moment almost even relived moment make happy miss breaking mutual decision knew wasnt working far stardew big step helping move hope get summer time leah look much like robin,0.9614,1
222099557,english,"good teach u to work smart pay attention to time before this game I was stupid stupid teach me to be more smarter, work harder, go go water chop buy plant go go, it's like the beautiful of life man",1774876166,1774876166,True,0,0,0.5,False,0,True,False,good teach u work smart pay attention time game stupid stupid teach smarter work harder go go water chop buy plant go go like beautiful life man,0.796,1
222061033,english,"Amazing, relaxing, nice escape from reality",1774824767,1774824767,True,0,0,0.5,False,0,True,False,amazing relaxing nice escape reality,0.8885,1
222038561,english,caroline should actually be with me not that ♥♥♥♥♥ that resells MY crops at 4 times market value and says that he grew MY plants himself,1774806610,1774806610,True,0,0,0.5,False,0,True,False,caroline actually resells crop time market value say grew plant,0.34,1
222007727,english,You'll get addicted in the best way. It'll be raining outside in real life and you'll get excited because your don't have to water your plants in Stardew Valley.,1774784403,1774784403,True,0,0,0.5,False,0,True,False,youll get addicted best way itll raining outside real life youll get excited dont water plant stardew valley,0.765,1
221981560,english,"Nothing more than i can say, I LOVE THIS GAME SO MUCH i first played in my brother's pc when i was only 10 but now im almost 20. This game is the masterpiece, I love my life here  <3 ( I have my own game now btw)",1774757202,1774757202,True,1,0,0.5258620381355285,False,0,True,False,nothing say love game much first played brother pc im almost game masterpiece love life game btw,0.9699,1
221840728,english,"The pinnacle of PC graphics. My BOSS BEAST RIG can barely handle this masterpiece. If you don't work at NASA, might as well play something a little more forgiving. This will test your might. It will fry your GPU.",1774629242,1774629242,True,0,0,0.5,False,0,True,False,pinnacle pc graphic bos beast rig barely handle masterpiece dont work nasa might well play something little forgiving test might fry gpu,0.8666,1
221813557,english,What can I say that hasn't been said and we get to date Sandy now? damn.... Perfect game of all time,1774604408,1774604408,True,0,0,0.5,False,0,True,False,say hasnt said get date sandy damn perfect game time,0.5719,1
221813351,english,"Game of the year award! Oh, and also every other year going forward",1774604143,1774604143,True,0,0,0.5,False,0,True,False,game year award oh also every year going forward,0.5848,1
221804825,english,the grind in the beginning of the game is suuuuuuuper draining sometimes but it is fun. but definitely needed to watch some youtube videos to make sure I don't make mistakes.,1774591799,1774591799,True,0,0,0.5,False,0,True,False,grind beginning game suuuuuuuper draining sometimes fun definitely needed watch youtube video make sure dont make mistake,0.9276,1
221788593,english,"I could play Stardew Valley a million times, and it would still be as fun as the first time.",1774570823,1774570823,True,0,0,0.5,False,0,True,False,could play stardew valley million time would still fun first time,0.6908,1
221749171,english,"At first you think you’re just planting parsnips and minding your business, but before you know it, you’re emotionally invested in pixel chickens and debating your life choices at 2AM in a virtual farm. very relaxing  yet somehow it still manages to keep you rooted to your screen for hours.",1774536799,1774536799,True,0,0,0.5,False,0,True,False,first think youre planting parsnip minding business know youre emotionally invested pixel chicken debating life choice virtual farm relaxing yet somehow still manages keep rooted screen hour,0.6946,1
221731318,english,"The gold standard for farming sims (farm-life RPGs?), play this before trying any of the others.",1774518886,1774518886,True,0,0,0.5,False,0,True,False,gold standard farming sims farmlife rpgs play trying others,0.34,1
221723994,english,so freaking stressful theres so much task to do from the get go but hey i think thats the fun part and it gets u hooked. it gets pretty boring when u get to 10 mil on money tho,1774508266,1774508266,True,0,0,0.5,False,0,True,False,freaking stressful there much task get go hey think thats fun part get u hooked get pretty boring u get mil money tho,0.5368,1
221675425,english,its like animal crossing and i love animal crossing,1774456644,1774456644,True,0,0,0.5,False,0,True,False,like animal crossing love animal crossing,0.7717,1
221665177,english,"So good, chill, multiplayer god and fantastic music",1774448580,1774448580,True,0,0,0.5,False,0,True,False,good chill multiplayer god fantastic music,0.8357,1
221659806,english,"i’m addicted, i went in just to chill but now i’m obsessed with fishing and mining all day",1774444114,1774444114,True,0,0,0.5,False,0,True,False,im addicted went chill im obsessed fishing mining day,-0.2617,1
221652719,english,"it looks beautiful and npcs lowk hot, especially the caveman",1774436979,1774436979,True,0,0,0.5,False,0,True,False,look beautiful npc lowk hot especially caveman,0.5994,1
221649519,english,"fun but you gotta do a lot of busywork to make some real progress. i like the grind tho
",1774433103,1774433103,True,0,0,0.5,False,0,True,False,fun got ta lot busywork make real progress like grind tho,0.8442,1
221642452,english,It's hard to believe anyone could hate this game. 10 years later and it still holds a special place in my heart. I love you Dev.,1774423459,1774423459,True,0,0,0.5,False,0,True,False,hard believe anyone could hate game year later still hold special place heart love dev,0.4215,1
221620217,english,"i love this game, i return to it so often. there is so much packed into this game that you can never get tired of it!",1774395281,1774395281,True,0,0,0.5,False,0,True,False,love game return often much packed game never get tired,0.7844,1
221612867,english,"i have an exam on thursday, and im addicted and can't stop, 9/10, i wish walking was faster tho",1774388115,1774388115,True,0,0,0.5,False,0,True,False,exam thursday im addicted cant stop wish walking faster tho,-0.0951,1
221591282,english,"prolly got around 600-700 hours if u count my xbox time. very easy to start and learn things on your own, very good endgame with automation and min maxing. good for casual people looking for a farm sim and has lots of content for people to go hardcore stardew farming.",1774371025,1774371025,True,0,0,0.5,False,0,True,False,prolly got around hour u count xbox time easy start learn thing good endgame automation min maxing good casual people looking farm sim lot content people go hardcore stardew farming,0.8854,1
221541430,english,Its basically amazing and healthy and fun and play to heal,1774317972,1774317972,True,0,0,0.5,False,0,True,False,basically amazing healthy fun play heal,0.9042,1
221518527,english,I freaking love everything about this. Its not just some simulator where you farm. Its much more.,1774296209,1774296209,True,0,0,0.5,False,0,True,False,freaking love everything simulator farm much,0.34,1
221515228,english,"Remember getting this when it released & fell in love with it! It is one of my most played games on steam, most likely tied with Skyrim XD. Since it's release, it has only gotten better and even with the few small hiccups through the years, they were quickly fixed. I loved playing Harvest Moon as a kid, but since the companies split, they haven't been as good, Then Stardew came out & I quickly became obsessed with it. Each character is so unique and the story behind it is amazing. I no longer have my original file (I believe an ex had deleted it knowing how hard I had worked on it for so long) but having started a new file has allowed me to enjoy the beginning of it all over again. This is one of the few games that I actually own on multiple systems. It is one I will continue to buy over and over again. Can't wait to see what else ConcernedApe does!!!!",1774293583,1774293583,True,0,0,0.5,False,0,True,False,remember getting released fell love one played game steam likely tied skyrim xd since release gotten better even small hiccup year quickly fixed loved playing harvest moon kid since company split havent good stardew came quickly became obsessed character unique story behind amazing longer original file believe ex deleted knowing hard worked long started new file allowed enjoy beginning one game actually multiple system one continue buy cant wait see else concernedape,0.9522,1
221488367,english,"You either play for a single day and night cycle, a full season or the full year. No in between.",1774273951,1774273951,True,0,0,0.5,False,0,True,False,either play single day night cycle full season full year,0.0516,1
221478715,english,"a beautiful work of art, which has almost anything for anyone, has an almost endless amount of playtime and is just goated in general
",1774265065,1774265065,True,0,0,0.5,False,0,True,False,beautiful work art almost anything anyone almost endless amount playtime goated general,0.5994,1
221408827,english,"not sure which addiction is worse, stardew valley or heroin",1774199652,1774199652,True,0,0,0.5,False,0,True,False,sure addiction worse stardew valley heroin,-0.8054,1
221350974,english,I love this game. It has been a part of my life and a wonderful way to wind down since 2017. You have made so many of my days. I was able to enjoy this wonderful game when i was a teen and now have the honor and privilege to enjoy it with my wife. 10/10 i cant recommend it enough.,1774157279,1774157279,True,0,0,0.5,False,0,True,False,love game part life wonderful way wind since made many day able enjoy wonderful game teen honor privilege enjoy wife cant recommend enough,0.9705,1
222710065,english,"too addicting, spent some hours and like 2 days whole just playing this and sidetracked my life but im deleting it now",1775525550,1775525753,False,2,11,0.4457330107688903,False,0,True,False,addicting spent hour like day whole playing sidetracked life im deleting,0.2846,0
221858953,english,"4/10
most stressful farming game i've ever played. needs QOL updates especially focused on new player experience. This game is not worth playing solo, you need at minimum two friends who also have the time to play with you.",1774643739,1774644262,False,2,4,0.4268637895584106,False,0,True,False,stressful farming game ive ever played need qol update especially focused new player experience game worth playing solo need minimum two friend also time play,0.6049,0
221397017,english,js transfered my mobile save to my laptop and its straight peak,1774192767,1774192767,True,1,0,0.5238095521926879,False,0,True,False,j transfered mobile save laptop straight peak,0.6249,1
222912286,english,I fish while my girlfriend tends the fields. My manservant does all the mining during the day and I take 90% of the cut. Life is good. Play multiplayer.,1775780705,1775780705,True,1,0,0.52173912525177,False,2,True,False,fish girlfriend tends field manservant mining day take cut life good play multiplayer,0.4939,1
221892367,english,"Terrible. The people you interact with on their discord, gross. It's a bad a game, don't waste your time or money.",1774678346,1774678346,False,0,0,0.4187259674072265,False,0,True,False,terrible people interact discord gross bad game dont waste time money,-0.877,0
222508257,english,"Unspeakably boring. And as you plant crops, chop wood, mine, etc, it doesn't feel like you're going somewhere, just doing stuff for the sake of doing something. And before you know it, it's time to go to bed 'cause your char is already exhausted.",1775320822,1775320858,False,0,0,0.4146770536899566,False,0,True,False,unspeakably boring plant crop chop wood mine etc doesnt feel like youre going somewhere stuff sake something know time go bed cause char already exhausted,-0.7105,0
223161744,english,"i need a shane in my life i need shane so bad i need him i need him i need him 
you guys just dont get it ill fish all day just to purchase a PIZZA (NOT beer) for him, a slot in my inventory is ALWAYS reserved for shanes daily pizza
hes such a cute patootie i loved him from the moment i first laid my eyes on him 
(unfortunately, he turns into a zombie after marriage and repeats lifeless lines)
SHANE EMP!!!!",1776060538,1776060538,True,3,0,0.5523906350135803,False,0,True,False,need shane life need shane bad need need need guy dont get ill fish day purchase pizza beer slot inventory always reserved shanes daily pizza he cute patootie loved moment first laid eye unfortunately turn zombie marriage repeat lifeless line shane emp,0.7103,1
224232816,english,I've been doing a casual play through and am in yr3 and am still discovering new things. I love this game.,1777315880,1777315880,True,0,0,0.5,False,0,True,False,ive casual play yr still discovering new thing love game,0.8126,1
223481077,english,Met the mayor. Stole his underwear. He tries to bribe me with hush money. 10/10 peak. would recommend,1776461802,1776461802,True,0,1,0.5,False,0,True,False,met mayor stole underwear try bribe hush money peak would recommend,0.1779,1
223470444,english, Cozy and relaxing game. Great to unwind to,1776452220,1776452220,True,0,0,0.5,False,0,True,False,cozy relaxing game great unwind,0.8074,1
223413873,english,"it has stolen all of my free time, I was told it was going to snow today and i worried about my farm (i do not have a farm), i spend my free time virtually farming, fishing, and kissing haley",1776393789,1776393789,True,0,0,0.5,False,0,True,False,stolen free time told going snow today worried farm farm spend free time virtually farming fishing kissing haley,0.7096,1
223366503,english,"I don't care for the farming, but the mini-game Journey of the Prairie King is really good. Highly recommended. Actually you should only buy this for the Prairie King and nothing more.",1776339640,1776339640,True,0,0,0.5,False,0,True,False,dont care farming minigame journey prairie king really good highly recommended actually buy prairie king nothing,0.7587,1
223215350,english,Fun relaxing game. Just wish the days were longer.,1776129956,1776129956,True,0,0,0.5,False,0,True,False,fun relaxing game wish day longer,0.8481,1
223209816,english,"my friends and family thought I was dead for three years
I was just playing stardew valley man idk how they reached that conclusion",1776121457,1776121457,True,0,1,0.5,False,0,True,False,friend family thought dead three year playing stardew valley man idk reached conclusion,-0.1027,1
223059706,english,ive been playing stardew since about 2018 between my different accounts and it's one of the best games i've ever played,1775946827,1775946827,True,0,0,0.5,False,0,True,False,ive playing stardew since different account one best game ive ever played,0.8126,1
222990102,english,"Grandpa died, gave me the farm....townsfolk might be concerned at how often I stand around before zooming off to places unknown, local store owner's daughter might have brain damage she's eating rocks...10/10 would recommend playing.",1775877238,1775877238,True,0,0,0.5,False,0,True,False,grandpa died gave farmtownsfolk might concerned often stand around zooming place unknown local store owner daughter might brain damage shes eating rock would recommend playing,-0.5423,1
222938785,english,"one of a kind, blows all the other farming sims out of the water.",1775823046,1775823046,True,0,0,0.5,False,0,True,False,one kind blow farming sims water,0.5267,1
222860711,english,best cozy game for relax warning very addictive,1775720529,1775720529,True,0,0,0.5,False,0,True,False,best cozy game relax warning addictive,0.6908,1
222827672,english,Great game. feels like there's endless options for what to do.,1775674463,1775674463,True,0,0,0.5,False,0,True,False,great game feel like there endless option,0.765,1
222818830,english,"Best game I’ve ever played 👍🏼 spent nearly 300 hours for the vanilla game, great experience 👍🏼 130 mods later, even better 👍🏼",1775665957,1775665957,True,0,0,0.5,False,0,True,False,best game ive ever played spent nearly hour vanilla game great experience mod later even better,0.9274,1
222774920,english,"I often fantasize about starting a little rustic homestead farm with my wife, raising chickens & cows & goats, tending our crops, selling in the local market to our neighbors, having children and birthday parties that the whole town is invited to with their children, helping our neighbor fix their roof after that big windstorm knocked a tree on their home, having weekend neighborhood bbq's in the summer, growing old together and leaving our home to the kids and their grandchildren... I feel inner peace here",1775605074,1775605074,True,0,0,0.5,False,0,True,False,often fantasize starting little rustic homestead farm wife raising chicken cow goat tending crop selling local market neighbor child birthday party whole town invited child helping neighbor fix roof big windstorm knocked tree home weekend neighborhood bbqs summer growing old together leaving home kid grandchild feel inner peace,0.8442,1
222720762,english,"This will probably always be my favourite game. I can't believe it's been 6 years since I first played it during Covid in lockdown (it truly kept my head above water) and now we're coming up on her 10-YEAR ANNIVERSARY!? Wild. There's so much to do already and Ape just keeps adding more. Also, I know it's supposed to be a cozy game but I am simply overwhelmed easily lol — which on the bright side only encourages me more to play with the people I love rather than alone :)",1775542273,1775542273,True,0,0,0.5,False,0,True,False,probably always favourite game cant believe year since first played covid lockdown truly kept head water coming year anniversary wild there much already ape keep adding also know supposed cozy game simply overwhelmed easily lol bright side encourages play people love rather alone,0.9842,1
222701819,english,"Yeth, my girlfriend and I enjoyed many hours of yelling ""KILL THE SERPENT IM GONNA DIE QUIIIICK""

Much fun.",1775514650,1775514650,True,0,0,0.5,False,0,True,False,yeth girlfriend enjoyed many hour yelling kill serpent im gon na die quiiiick much fun,-0.6669,1
222670428,english,"The first thing I did was fish and forget about farming. Then marry a hot ginger baddie teacher named Penny, give her a better life, and have kids. Then, actually start farming.",1775485754,1775485754,True,0,0,0.5,False,0,True,False,first thing fish forget farming marry hot ginger baddie teacher named penny give better life kid actually start farming,0.25,1
222588962,english,I LOVE THIS GAME IT IS MY LIFELINE AFTER I MODDED IT TO MAKE IT LOOK PRETTY I CANNOT STOP> I HAVE BEEN ADDICTED FOR MONTHS NEGLECTING MY OTHER GAMES. opps,1775401612,1775401612,True,0,0,0.5,False,0,True,False,love game lifeline modded make look pretty stop addicted month neglecting game opps,0.7531,1
222498631,english,combatted my perpetual boredom frfr i was stuck binge watching gossip girl and minecraft videos (still love them),1775313639,1775313639,True,0,0,0.5,False,0,True,False,combatted perpetual boredom frfr stuck binge watching gossip girl minecraft video still love,0.0516,1
222472762,english,super chill game to play in co-op especially,1775288052,1775288052,True,0,0,0.5,False,0,True,False,super chill game play coop especially,0.743,1
222439261,english,"It sucked my soul and time out of me, and I'm fine with it.

PD: Any Penny hater can go and suck a cactus fruit",1775250075,1775250075,True,0,0,0.5,False,0,True,False,sucked soul time im fine pd penny hater go suck cactus fruit,-0.7845,1
222408093,english,amazing game! Really cozy experience. I am really hooked into it.,1775225182,1775225182,True,0,0,0.5,False,0,True,False,amazing game really cozy experience really hooked,0.6239,1
222380775,english,this game will ruin you in the best way possible 10/10 im addicted and i love farming,1775192907,1775192907,True,0,0,0.5,False,0,True,False,game ruin best way possible im addicted love farming,0.6808,1
222296070,english,Cant wait to get perfection again for my beautiful powerful glorious enchanting sensual husband Clint,1775094299,1775094299,True,0,0,0.5,False,0,True,False,cant wait get perfection beautiful powerful glorious enchanting sensual husband clint,0.9393,1
222295708,english,"Very interactive, and seems like you control the outcomes by the different interactions
",1775093798,1775093798,True,0,0,0.5,False,0,True,False,interactive seems like control outcome different interaction,0.3612,1
222132335,english,i have played this game across xbox phone and pc for over  1000 hours and i would reccomand,1774905533,1774905533,True,0,0,0.5,False,0,True,False,played game across xbox phone pc hour would reccomand,0.34,1
222078105,english,"The Journey Of The Prairie King made me lose 10 fingers and gave me nightmares of me receiving damage on a no-hit run.

(I wont say anything about junimo kart, that thing gives me chills and makes me cry for help)",1774846308,1774846357,True,0,0,0.5,False,0,True,False,journey prairie king made lose finger gave nightmare receiving damage nohit run wont say anything junimo kart thing give chill make cry help,-0.8402,1
222071587,english,"Keep an eye on that time. Once you hooked into doing something, you WILL lose track of time then the store is closed lol.",1774837086,1774837086,True,0,0,0.5,False,0,True,False,keep eye time hooked something lose track time store closed lol,0.0258,1
222062400,english, overated lowkey prefer other games in its genre much more,1774826214,1774826214,False,1,0,0.5,False,0,True,False,overated lowkey prefer game genre much,0.0,0
222034178,english,You can wife up women and get called the most useless piece of trash to ever walk in this world. Whats not to love?,1774803547,1774803547,True,0,0,0.5,False,0,True,False,wife woman get called useless piece trash ever walk world whats love,-0.7551,1
221927751,english,THIS GAME IS EXTREMELY FUN LIKE REALLY IT FEELS LIKE YOURE GETTING BORED BUT YOURE NOT BECAUSE YO ALWAYS HAVE SOMETHIGN TO DO,1774711432,1774711432,True,0,0,0.5,False,0,True,False,game extremely fun like really feel like youre getting bored youre yo always somethign,0.5461,1
221880638,english,"Absolute digital crack, wrapped up in a warm and cozsy blanket",1774664621,1774664621,True,0,0,0.5,False,0,True,False,absolute digital crack wrapped warm cozsy blanket,0.2263,1
221876982,english,"I love this game so much, its so cute and really fun to play with friends :)",1774660517,1774660517,True,0,0,0.5,False,0,True,False,love game much cute really fun play friend,0.9658,1
223827337,english,2.2 hours from just making char having a shower making dinner started to play and what a boring crap game! cant even refund zzz,1776840589,1776840589,False,0,1,0.3957783579826354,False,0,True,False,hour making char shower making dinner started play boring crap game cant even refund zzz,-0.2273,0
222704607,english,"I see the Steam charts. I see the millions of human hours wasted in this colorful purgatory. Stardew Valley is not a game: It is a chemical pacifier for those who find the friction of a real challenge - like Dark Souls or Factorio - too taxing for their limited bandwidth. 

You start with a gift from a dead grandfather. That’s the first red flag. In a true Meritocracy, you start with nothing and earn the right to exist. Here, you are handed a life because you ""felt sad"" in a corporate office. 

The issues with the game:
- You can’t lose. You can’t go bankrupt. Even if you pass out in the mines because you failed to manage your energy bar - honestly a rudimentary variable that even a toddler could track - someone just carries you home. There is no consequence. A world without consequence is a world without Truth. 

- In Stardew, you ""win"" over NPCs by feeding them their favorite items like trained seals. It’s not social intelligence, it’s a repetitive fetch-quest that masquerades as human connection. If you spend 100 hours trying to marry a pixelated alcoholic named Shane, you aren't ""gaming"". You are coping. 

- The game carries an illusion of productivity: Casual players claim they like the ""grind."" Let’s be clear: Clicking on a parsnip two hundred times is not a grind. Optimizing a 12-way intersection in Factorio under the threat of a Biter evolution is a grind. Stardew is just a chore-simulator for the unambitious. 

Ironically, the ""villain"" of the game - JojaMart - is the only entity that follows a semblance of logic. They offer efficiency, standardized pricing, and a clear path to progress through capital. Yet, the game expects me to spend my time collecting ""bundles"" for magical forest spirits (Junimos) to fix a community center? I don't play games to fix communities. I play games to dominate game mechanics.

Final Assessment: If Stardew Valley is in your ""Most Played"" list, you've accepted your role as a package tourist. You're still at the base of the mountain watering plants, meanwhile Real Gamers such as myself have already reached the summit sipping on a glass of wine. Be better than this.",1775518116,1775518116,False,7,9,0.3896899223327636,False,7,True,False,see steam chart see million human hour wasted colorful purgatory stardew valley game chemical pacifier find friction real challenge like dark soul factorio taxing limited bandwidth start gift dead grandfather thats first red flag true meritocracy start nothing earn right exist handed life felt sad corporate office issue game cant lose cant go bankrupt even pas mine failed manage energy bar honestly rudimentary variable even toddler could track someone carry home consequence world without consequence world without truth stardew win npc feeding favorite item like trained seal social intelligence repetitive fetchquest masquerade human connection spend hour trying marry pixelated alcoholic named shane arent gaming coping game carry illusion productivity casual player claim like grind let clear clicking parsnip two hundred time grind optimizing way intersection factorio threat biter evolution grind stardew choresimulator unambitious ironically villain game jojamart entity follows semblance logic offer efficiency standardized pricing clear path progress capital yet game expects spend time collecting bundle magical forest spirit junimos fix community center dont play game fix community play game dominate game mechanic final assessment stardew valley played list youve accepted role package tourist youre still base mountain watering plant meanwhile real gamers already reached summit sipping glass wine better,0.0836,0
223338604,english,No fun or player freedom allowed. Truly baffling game mechanics.,1776294335,1776294335,False,1,0,0.4365079402923583,False,1,True,False,fun player freedom allowed truly baffling game mechanic,0.8481,0
224105312,english,"Absolutely , If you wanna scape your reality this game is amazing",1777168958,1777168958,True,0,0,0.5,False,0,True,False,absolutely wan na scape reality game amazing,0.5859,1
223400624,english,There's no way you don't already know what this game is about. It's a legend for a reason. Do your thing.,1776375273,1776375273,True,0,0,0.5,False,0,True,False,there way dont already know game legend reason thing,-0.296,1
223120221,english,"A bunch of animals in one place is called a tzu! Unless it's a farm!
",1776011890,1776011890,True,0,0,0.5,False,0,True,False,bunch animal one place called tzu unless farm,0.0,1
223118255,english,best game ive ever played never gets old!! just buy it already you wont regret it,1776010294,1776010294,True,0,0,0.5,False,0,True,False,best game ive ever played never get old buy already wont regret,0.8596,1
223077514,english,"i wake up
i pet cat 
i water plants
i feed chickens and cows
i go to the mines
its 12am in 3 minutes
i go to sell my items
i go to sleep 
i repeat",1775968140,1775968140,True,0,0,0.5,False,0,True,False,wake pet cat water plant feed chicken cow go mine minute go sell item go sleep repeat,0.0,1
223059903,english,"It's a funny farming game thingy, like what else do you expect from it",1775947053,1775947053,True,0,0,0.5,False,0,True,False,funny farming game thingy like else expect,0.6597,1
222963247,english,farming and fishing and fighting n shi,1775846281,1775846281,True,0,0,0.5,False,0,True,False,farming fishing fighting n shi,-0.3612,1
222757311,english,"Love this game so much! Very good price for how much play time you can get, plus all updates are free because ConcernedApe is a king :)",1775585800,1775585800,True,0,0,0.5,False,0,True,False,love game much good price much play time get plus update free concernedape king,0.9489,1
222674422,english,Farming? Check. Relationship sim? Check. Monsters and cave diving and traveling and contests and events? (Check mark machine go *brrr),1775489043,1775489043,True,0,0,0.5,False,0,True,False,farming check relationship sim check monster cave diving traveling contest event check mark machine go brrr,0.212,1
222608330,english,"I love this game but sometimes I give my self way too much to do and I get completely overwhelmed and quit playing. Then a couple months go by and I get an insatiable thirst to hug my wife, pet my cat, and take care of my farm. this game is my drug of choice and I don't see myself hitting rehab anytime soon.",1775416728,1775416728,True,0,0,0.5,False,0,True,False,love game sometimes give self way much get completely overwhelmed quit playing couple month go get insatiable thirst hug wife pet cat take care farm game drug choice dont see hitting rehab anytime soon,0.9324,1
222215874,english,"what's not to like, but be aware that you may never see the light of day once you begin playing stadew valley lol",1775000520,1775000520,True,0,0,0.5,False,0,True,False,whats like aware may never see light day begin playing stadew valley lol,0.6536,1
222081674,english,"Why are my love interests always have to be married to weird husbands? Free moss girl and carpenter lady. 10/10

Grampa gave me his cozy farm in the middle of mountains, so i quit my job OK? Selling vegetables and wine make more money then on a desk OKKK. This purple dress kid is the cutest thing OKKKKK. How am i supposed to know a shiny rock gives me a purple sword.",1774852270,1774852270,True,0,0,0.5,False,0,True,False,love interest always married weird husband free moss girl carpenter lady grampa gave cozy farm middle mountain quit job ok selling vegetable wine make money desk okkk purple dress kid cutest thing okkkkk supposed know shiny rock give purple sword,0.9422,1
222302845,english,krobus is my friend and he and i both hate clint and wish he wasn’t a marriage candidate because he deserves to be loveless and alone :),1775103765,1775103765,True,1,0,0.5238095521926879,False,0,True,False,krobus friend hate clint wish wasnt marriage candidate deserves loveless alone,0.4939,1
222904611,english,its a peak game i just dunno how to progress cus im bloody braindead,1775770627,1775770627,True,1,0,0.52173912525177,False,0,True,False,peak game dunno progress cu im bloody braindead,-0.0258,1
224247073,english,"Farm, chop wood, fish, get chicken, kill monsters, get cows, get other farm animals, eat the rich, save town.
Absolute masterpiece",1777331990,1777331990,True,0,0,0.5,False,0,True,False,farm chop wood fish get chicken kill monster get cow get farm animal eat rich save town absolute masterpiece,0.7351,1
224173979,english,its like terraria and minecraft mixed but with extra farming,1777237396,1777237396,True,0,0,0.5,False,0,True,False,like terrarium minecraft mixed extra farming,0.1901,1
224016725,english,"Amazing game, WILL drain dozens of hours from you (and that's a conservative estimate)",1777074643,1777074643,True,0,0,0.5,False,0,True,False,amazing game drain dozen hour thats conservative estimate,0.5859,1
223943808,english,"Please avoid this game, it's too addictive and has consumed my life",1776986411,1776986411,True,0,0,0.5,False,0,True,False,please avoid game addictive consumed life,0.0258,1
223876269,english,"My fav game, I always look forward to playing it after work <3",1776899661,1776899661,True,0,0,0.5,False,0,True,False,fav game always look forward playing work,0.7717,1
223851626,english,this is a very good and calming game for people that like not having to stress to much,1776873088,1776873088,True,0,0,0.5,False,0,True,False,good calming game people like stress much,0.8747,1
223444805,english,Very cool and chill game. If someone likes The Escapist One he will love It,1776432109,1776432109,True,0,0,0.5,False,0,True,False,cool chill game someone like escapist one love,0.8622,1
223437915,english,"Stardew Valley is super addictive!! You think you’ll play a little, then suddenly hours are gone :0",1776425581,1776425581,True,0,0,0.5,False,0,True,False,stardew valley super addictive think youll play little suddenly hour gone,0.7835,1
222998308,english,One of the greatest of all time. Highly recommend. Give it at least an hour. Enjoy!,1775887954,1775887954,True,0,0,0.5,False,0,True,False,one greatest time highly recommend give least hour enjoy,0.8881,1
222937091,english,if you want a farming game and have a lower than potato pc or laptop. just get it.,1775820818,1775820818,True,0,0,0.5,False,0,True,False,want farming game lower potato pc laptop get,-0.2263,1
222899467,english,This game is super fun i would really recommend getting it!,1775765053,1775765053,True,0,0,0.5,False,0,True,False,game super fun would really recommend getting,0.883,1
222672063,english,"i think by now everyone knows how good this game is, but i have never found a game quite as charming and immersive as this one. worth every penny, and i would happily pay more for this game.",1775487160,1775487160,True,0,0,0.5,False,0,True,False,think everyone know good game never found game quite charming immersive one worth every penny would happily pay game,0.9351,1
222626562,english,"it is fun and engaging, even multiple games in",1775433860,1775433860,True,0,0,0.5,False,0,True,False,fun engaging even multiple game,0.6908,1
222497783,english,"[h2]Millenial dream simulator:[/h2]

[b]>Become a valued and respected member of the community
>Have your work be rewarding if you put a lot of effort in
>Options for romance are actually worth pursuing
>Able to stick it to big corporate
>Adventures, and a wholistic lifestyle
>Free range fair trade non-gmo locally grown cruelty free organic food[/b]",1775312984,1775312984,True,0,0,0.5,False,0,True,False,hmillenial dream simulatorh bbecome valued respected member community work rewarding put lot effort option romance actually worth pursuing able stick big corporate adventure wholistic lifestyle free range fair trade nongmo locally grown cruelty free organic foodb,0.9485,1
222477423,english,addicting game with enjoyable gameplay,1775293610,1775293610,True,0,0,0.5,False,0,True,False,addicting game enjoyable gameplay,0.4404,1
222406477,english,Stardew Valley is my top-favorite game and I will NEVER stop playing this. I've been playing for about three years and still am in love with this game!! Stardew is a way of life!!!,1775223924,1775223924,True,0,0,0.5,False,1,True,False,stardew valley topfavorite game never stop playing ive playing three year still love game stardew way life,0.7246,1
222308781,english,"I WOULD HIGHLY RECOMMEND PLAYING THIS GAME IF YOU WANT LIKE A COZY BUT LOWKEY STRESSFUL FARM. AT FIRST I DIDN'T KNOW THAT I WILL GET SO FOCUSED ON PLAYING THIS, I REALLY LOVE IT ALL THE CONCEPT, THEMES, MUSIC, AND THE NPCs. FOR ME THIS IS A 10/10 GAME",1775113654,1775113654,True,0,0,0.5,False,0,True,False,would highly recommend playing game want like cozy lowkey stressful farm first didnt know get focused playing really love concept theme music npc game,0.9726,1
222293226,english,"I don't necessarily care for it, but my partner adores it",1775090479,1775090479,True,0,0,0.5,False,0,True,False,dont necessarily care partner adores,0.379,1
222190885,english,"Been playing for 10 years, it just gets better and better",1774976630,1774976630,True,0,0,0.5,False,0,True,False,playing year get better better,0.765,1
221951122,english,"Stardew Valley — A Review by Someone Who Just Wanted a Chill Farm and Accidentally Became a Demigod

Hours played: Enough to legally qualify as a full-time farmer

Recommended: Yes, but only if you’re ready to lose custody of your free time

The Premise

You inherit a farm from your grandpa, who apparently looked at your corporate burnout and said, ""Yeah, this one’s ready to shovel dirt and emotionally bond with vegetables.""

You arrive in Pelican Town expecting peace. Instead, you get:

A wizard who contacts you via astral projection

A homeless man who teaches you how to dumpster dive with dignity

A mayor who is DEFINITELY hiding something

A corporation trying to buy the town like it’s a Monopoly board

A sewer boy

A literal dwarf

A man who lives in a tent and is somehow the most emotionally stable person here

10/10 worldbuilding.

Gameplay

You start with:

A rusty toolset

Two parsnip seeds

And the faint hope that you won’t pass out in your fields like a Victorian orphan

Within a few seasons, you’ve become:

A master farmer

A professional fisherman

A dungeon-crawling warlord

A blacksmith’s best friend

A wine tycoon

A beekeeper

A cheese baron

A local cryptid who appears at 2 AM carrying 47 pieces of iridium

The game never tells you to become a multi-industry monopoly, but it also never stops you.

Romance

You can date half the town, and honestly? They’re all disasters in their own special ways.

Shane: Depression speedrun

Abigail: Will eat rocks

Sebastian: Lives in a basement and hates sunlight

Penny: Too good for this world

Elliott: A Fabio cover model who lives in a shack

Alex: Protein powder in human form

Leah: Will carve you a sculpture and then punch a tree

Marrying any of them is like adopting a very cute, very confused raccoon.

Animals

You can own:

Chickens

Ducks

Cows

Goats

Pigs

Dinosaurs

And rabbits that shed wool for some reason

Your animals love you, fear you, and depend on you. Just like real life, but fluffier.

Combat

You go into the mines expecting slimes. You leave having fought:

Sentient shadow creatures

Flying serpents

Rock crabs that are just rocks with commitment issues

A ghost who is slow but emotionally persistent

The mines are basically IKEA on a Saturday, but with more violence.

Music

The soundtrack goes harder than it has any right to. You will hear the spring theme once and suddenly understand peace.

Final Verdict

Stardew Valley is:

Therapy disguised as a farming sim

Capitalism detox

A cozy RPG where you accidentally become the town’s economic backbone

A love letter to simple living

A game that will steal your soul, your time, and your sleep schedule

Worth every penny, every hour, every parsnip

11/10. Would water crops at 1:50 AM again.",1774727975,1774727975,True,0,0,0.5,False,0,True,False,stardew valley review someone wanted chill farm accidentally became demigod hour played enough legally qualify fulltime farmer recommended yes youre ready lose custody free time premise inherit farm grandpa apparently looked corporate burnout said yeah one ready shovel dirt emotionally bond vegetable arrive pelican town expecting peace instead get wizard contact via astral projection homeless man teach dumpster dive dignity mayor definitely hiding something corporation trying buy town like monopoly board sewer boy literal dwarf man life tent somehow emotionally stable person worldbuilding gameplay start rusty toolset two parsnip seed faint hope wont pas field like victorian orphan within season youve become master farmer professional fisherman dungeoncrawling warlord blacksmith best friend wine tycoon beekeeper cheese baron local cryptid appears carrying piece iridium game never tell become multiindustry monopoly also never stop romance date half town honestly theyre disaster special way shane depression speedrun abigail eat rock sebastian life basement hate sunlight penny good world elliott fabio cover model life shack alex protein powder human form leah carve sculpture punch tree marrying like adopting cute confused raccoon animal chicken duck cow goat pig dinosaur rabbit shed wool reason animal love fear depend like real life fluffier combat go mine expecting slime leave fought sentient shadow creature flying serpent rock crab rock commitment issue ghost slow emotionally persistent mine basically ikea saturday violence music soundtrack go harder right hear spring theme suddenly understand peace final verdict stardew valley therapy disguised farming sim capitalism detox cozy rpg accidentally become town economic backbone love letter simple living game steal soul time sleep schedule worth every penny every hour every parsnip would water crop,0.9895,1
221949156,english,I find it completely relaxing. That's why I keep coming back.,1774726515,1774726515,True,0,0,0.5,False,0,True,False,find completely relaxing thats keep coming back,0.5413,1
221946715,english,so so fun and has a lot of tasks so youre never bored. Would highly rec!!!,1774724755,1774724755,True,0,0,0.5,False,0,True,False,fun lot task youre never bored would highly rec,0.7798,1
222847229,english,"Great game, i always end up coming back to it
",1775698026,1775698026,True,1,0,0.5238095521926879,False,0,True,False,great game always end coming back,0.6249,1
221918597,english,Me and my best boy andre never got married. still recommend it though,1774704823,1774704823,True,1,1,0.5238095521926879,False,0,True,False,best boy andre never got married still recommend though,0.7717,1
223830023,english,"If you Think... That I will let you graduate this valley without you becoming impregnated, swollen with my seed... And kept barefoot in my bar.n 

...You are dead ""wrong.""",1776845570,1776845570,False,0,2,0.4020923972129821,False,0,True,False,think let graduate valley without becoming impregnated swollen seed kept barefoot barn dead wrong,-0.6486,0
224235685,english,played on a different platform with much more hours. nothing needs to be said just ups.,1777318710,1777318710,True,0,0,0.5,False,0,True,False,played different platform much hour nothing need said ups,0.34,1
224103738,english,My all-time favorite game. One day I'll reach perfection...,1777166930,1777166930,True,0,0,0.5,False,0,True,False,alltime favorite game one day ill reach perfection,0.4767,1
223874649,english,"The grandest lessons taught to me
By this humble helpful valley
Is knowing when to take things slow
And likewise, when to rally.",1776897477,1776897477,True,0,0,0.5,False,0,True,False,grandest lesson taught humble helpful valley knowing take thing slow likewise rally,0.7351,1
223816921,english,I just love everything about it. I love how I can play it through my own pace and whenever I want to.,1776823216,1776823216,True,0,0,0.5,False,0,True,False,love everything love play pace whenever want,0.9022,1
223784418,english,"Good game, I like haley :)

Also, didn't even know i had so many hours in this game lol.. i guess i play more than i thought",1776788114,1776788114,True,0,0,0.5,False,0,True,False,good game like haley also didnt even know many hour game lol guess play thought,0.8689,1
223750726,english,i think that the fact that i have 558ish hours on this game speaks for itself. i will forever say this game is amazing.,1776744049,1776744049,True,0,0,0.5,False,0,True,False,think fact ish hour game speaks forever say game amazing,0.5859,1
223726846,english,One of my favorite games to play when i want a reliably fun and relaxing expireince :),1776714179,1776714179,True,0,0,0.5,False,0,True,False,one favorite game play want reliably fun relaxing expireince,0.9349,1
223647244,english,"11/10 - Haven't played a game, that took me for a 12h session, in a long time.",1776622610,1776622610,True,0,0,0.5,False,0,True,False,havent played game took h session long time,-0.2584,1
223489160,english,"nice laid back game, with deep mechanics",1776470936,1776470936,True,0,0,0.5,False,0,True,False,nice laid back game deep mechanic,0.4215,1
223456604,english,"Ι look at the clock,its 5.I think I will play for one or two hours and then go to sleep.I look up again and its 12 and I am still thinking one more thing i have to do before i go to sleep. 10/10",1776441231,1776441231,True,0,0,0.5,False,0,True,False,look clockits think play one two hour go sleepi look still thinking one thing go sleep,0.34,1
223439488,english,One of the most re-playable games. A true classic,1776427100,1776427100,True,0,0,0.5,False,0,True,False,one replayable game true classic,0.4703,1
222902899,english,"I love stardew so ♥♥♥♥♥♥♥ much. I have more than 1000 hours across multiple platforms
",1775768716,1775768716,True,0,0,0.5,False,0,True,False,love stardew much hour across multiple platform,0.6369,1
222883163,english,The amount of happiness I get playing this game is insane. 100% cozy and gives me a vibe of fairy core.,1775749187,1775749187,True,0,0,0.5,False,0,True,False,amount happiness get playing game insane cozy give vibe fairy core,0.4019,1
222792679,english,"Fun game, please play, it'll make your life better, trust me.",1775633895,1775633895,True,0,0,0.5,False,0,True,False,fun game please play itll make life better trust,0.9217,1
222690561,english,BAD GAME!! Ruins your sleep routine completely. Don't recommend if you have addiction like me ^-^,1775503154,1775503154,True,0,0,0.5,False,0,True,False,bad game ruin sleep routine completely dont recommend addiction like,-0.8227,1
222390502,english,The BEST game. Very addictive. Best game. 10/10. Best game,1775206574,1775538650,True,0,0,0.5,False,0,True,False,best game addictive best game best game,0.9422,1
222343910,english,plant crop. harvest crop. sell crop. money go up. mokey brain feel good,1775152215,1775152215,True,0,1,0.5,False,0,True,False,plant crop harvest crop sell crop money go mokey brain feel good,0.4404,1
222251880,english,"It's Stardew Valley.  If you don't know about it by now, nothing I put here is going to help you.  It's good.",1775051073,1775051073,True,0,0,0.5,False,0,True,False,stardew valley dont know nothing put going help good,0.6808,1
222695343,english,"I live on a fancy farm, have a cat, a husband, chickens, dinosaurs, cows, pigs, goats, rabbits, turtles, way too many friends and more than 2 million G to spend on the most random things. What could you want more in life? Heck I can even change my skincolour to blue and suddenly change to a girl if I want, for just 500G. Life is good. Play Stardew Valley and wear the shorts of the mayor.",1775507578,1775507578,True,1,0,0.5238095521926879,False,0,True,False,live fancy farm cat husband chicken dinosaur cow pig goat rabbit turtle way many friend million g spend random thing could want life heck even change skincolour blue suddenly change girl want g life good play stardew valley wear short mayor,0.8402,1
224101527,english,This game is so addictive that I neglected my farm in real life 10/10,1777163986,1777163986,True,0,0,0.5,False,0,True,False,game addictive neglected farm real life,-0.5667,1
223925279,english,its a nice game and it help a lot to recover from stress,1776966159,1776966159,True,0,0,0.5,False,0,True,False,nice game help lot recover stress,0.4019,1
223879546,english,This is my formal apology for getting a Joja Co I didn't know what it would do,1776904565,1776904565,True,0,0,0.5,False,0,True,False,formal apology getting joja co didnt know would,0.0516,1
223120153,english,This game is so addictive. Genuinely could not recommend enough.,1776011830,1776011830,True,0,0,0.5,False,0,True,False,game addictive genuinely could recommend enough,-0.2755,1
222792689,english,"I love playing this game with my partner, it's my or our escape game from the reality .",1775633906,1775633906,True,0,0,0.5,False,0,True,False,love playing game partner escape game reality,0.7717,1
222539595,english,"I don't know why I hated on this game for so long, probably one of the best times of my life right here.",1775348258,1775348258,True,0,0,0.5,False,0,True,False,dont know hated game long probably one best time life right,0.8209,1
222537833,english,it is a vary good game to escape to after a long day.,1775346213,1775346213,True,0,0,0.5,False,0,True,False,vary good game escape long day,0.5574,1
222236440,english,Doable I guess but after the final ending it becomes repetitive,1775031015,1775031015,True,0,0,0.5,False,0,True,False,doable guess final ending becomes repetitive,-0.3612,1
222104734,english,"I played Stardew Valley. It was fun, so I recommend it.",1774880957,1774880957,True,0,0,0.5,False,0,True,False,played stardew valley fun recommend,0.8377,1
221982967,english,"you make kids in stardew valley with 10/10 hot baddie, and make your kids into slave/child ladour and then you marry your kids and make more kids with your kids 10/10 would ♥♥♥♥ my kids again",1774758682,1774758682,True,0,0,0.5,False,0,True,False,make kid stardew valley hot baddie make kid slavechild ladour marry kid make kid kid would kid,0.0,1
222652497,english,"man i love planting crops
but you know what i like more than planting crops, fishing
",1775466822,1775466822,True,1,0,0.5238095521926879,False,0,True,False,man love planting crop know like planting crop fishing,0.705,1
224105792,english,so fun iv been playing since covd times and i still love playing it,1777169583,1777169583,True,0,0,0.5,False,0,True,False,fun iv playing since covd time still love playing,0.8858,1
223804865,english,"It's helping me getting through my period of depression so much.

100% approved",1776807179,1776807179,True,0,0,0.5,False,0,True,False,helping getting period depression much approved,0.144,1
223784839,english,"If u have ADHD , dont play this game, this is not a cozy game for ADHD people :)",1776788499,1776788499,True,0,0,0.5,False,0,True,False,u adhd dont play game cozy game adhd people,0.2415,1
223746727,english,Very cute and calm game!! always something to do!,1776738188,1776738188,True,0,0,0.5,False,0,True,False,cute calm game always something,0.7739,1
223730953,english,"I love this game, its super relaxing and very well done.",1776718289,1776718289,True,0,0,0.5,False,0,True,False,love game super relaxing well done,0.9286,1
223053739,english,Super calming cozy farming game.,1775940952,1775940952,True,0,0,0.5,False,0,True,False,super calming cozy farming game,0.765,1
223001571,english,"Dream life, quitting your job and then moving to a village ( i love demetrius )",1775892412,1775892412,True,0,0,0.5,False,0,True,False,dream life quitting job moving village love demetrius,0.7351,1
222852479,english,Finally played it after a few years of owning the game. Pretty solid.,1775705855,1775705855,True,0,0,0.5,False,0,True,False,finally played year owning game pretty solid,0.7351,1
222594019,english,i havent really found the point of this but its lowkey fun looking forward to understand,1775405442,1775405442,True,0,0,0.5,False,0,True,False,havent really found point lowkey fun looking forward understand,0.6652,1
222310955,english,"You think this game is cozy? Wait till you hit ""Gifts for George"" and face off with RNG. 10/10",1775117169,1775679776,True,0,0,0.5,False,0,True,False,think game cozy wait till hit gift george face rng,0.0,1
221936123,english,Finally got all achievements ♡ Loved every bit of my time in the valley.,1774717205,1774717205,True,2,0,0.5454545617103576,False,0,True,False,finally got achievement loved every bit time valley,0.5994,1
222043682,english,stardew is very fun my friends got married and i am their fishing slave,1774810306,1774810306,True,2,0,0.5435684919357299,False,1,True,False,stardew fun friend got married fishing slave,0.788,1
222185131,english,"Would be more fun if I could do the following:

1.  Find an actual group to play with to make this go by quicker.
2.  Find more resources when it comes up upgrading.
3.  Walk/Run faster without looking like I'm trying to make it to the bathroom.
4.  Have the ability to Not Watch Dead Frosty Grandpa floating every 3rd Season.
5.  Ability to upgrade the horses speed.  I mean actual speed, and not from consumables that are Temp.
6.  Ability to have treasure chest loot adjust to character level and skill.  Quit giving 1 coal, and 1 copper you noob.
7.  No way to change the speed faster/slower on how time moves per day/season.
8.  Combat is way off, shouldn't take 30+ times hitting a monster to kill it.
9.  No modes/difficulty settings, games like Kaetram have multiple difficulties.
10.  That POS Exhaustion bar, why is there no way to auto eat to consume food to regain energy/have energy only consumables, especially at the beginning.  No reason the character should be exhausted at 11am, broken as hell.",1774971613,1774999749,False,0,0,0.4150943160057067,False,0,True,True,would fun could following find actual group play make go quicker find resource come upgrading walkrun faster without looking like im trying make bathroom ability watch dead frosty grandpa floating every rd season ability upgrade horse speed mean actual speed consumables temp ability treasure chest loot adjust character level skill quit giving coal copper noob way change speed fasterslower time move per dayseason combat way shouldnt take time hitting monster kill modesdifficulty setting game like kaetram multiple difficulty po exhaustion bar way auto eat consume food regain energyhave energy consumables especially beginning reason character exhausted broken hell,-0.9039,0
224218948,english,"If you see me playing this, it will be because i have found a girlfriend and no other reason.",1777302103,1777302103,True,0,0,0.5,False,0,True,False,see playing found girlfriend reason,-0.1027,1
224099362,english,100 hrs on the game and still havent reached perfection😭😭😭,1777161268,1777161268,True,0,0,0.5,False,0,True,False,hr game still havent reached perfection,-0.0762,1
223935827,english,"Women fear me
Fish fear me
Men turn their eyes away from me
As I walk no beast dares make a sound in my presence

Im alone on this barren Stardew Valley",1776976659,1776976659,True,0,0,0.5,False,0,True,False,woman fear fish fear men turn eye away walk beast dare make sound presence im alone barren stardew valley,-0.8625,1
223441063,english,"goated game, had us fighting over decor for 2 hours",1776428677,1776428677,True,0,1,0.5,False,0,True,False,goated game u fighting decor hour,-0.3612,1
223218625,english,Played this before on crack. Must play games if you liked harvest moon: back to nature.,1776135125,1776135125,True,0,0,0.5,False,0,True,False,played crack must play game liked harvest moon back nature,0.765,1
223030815,english,"> first discovered about Stardew from Instagram
> bought Stardew
> played it for the first time
> planted parsnips
> explored Pelican Town
> found a foraging plant
> mined in a cave
> found a community center
> completed some bundles
> opened a quarry
> opened a keg recipe
> started getting tired
> wanted to rest after the day was over
> forgot I was tired and continued the next day
> just remembered I was tired
> took a break by watching reels
> was introduced to the use of kegs
> played Stardew again
> made as many kegs as possible
> put all the kegs in the quarry
> put all the vegetables and fruits I had in the kegs
> After a while, I realized
> This isn't a farming game
> This is a wine industry game",1775922088,1775922088,True,0,0,0.5,False,0,True,False,first discovered stardew instagram bought stardew played first time planted parsnip explored pelican town found foraging plant mined cave found community center completed bundle opened quarry opened keg recipe started getting tired wanted rest day forgot tired continued next day remembered tired took break watching reel introduced use keg played stardew made many keg possible put keg quarry put vegetable fruit keg realized isnt farming game wine industry game,-0.5994,1
222995596,english,"thank you for peak Mr. Ape, I appreciate the work that has been put into this gem of a game :3",1775884253,1775884253,True,0,0,0.5,False,0,True,False,thank peak mr ape appreciate work put gem game,0.8176,1
222809465,english,"incredibly cool game, cozy farm go brr",1775657190,1775657190,True,0,0,0.5,False,0,True,False,incredibly cool game cozy farm go brr,0.3804,1
222295173,english,"I'm not much of a gamer, but I have hundreds of hours of Stardew Valley.",1775093124,1775093124,True,0,0,0.5,False,0,True,False,im much gamer hundred hour stardew valley,0.0,1
224005172,english,Good game with silly boys and gurls u can marry yay,1777061687,1777061687,True,0,0,0.5,False,0,True,False,good game silly boy gurls u marry yay,0.7506,1
223995032,english,its awesome and suped chill iv'e played this game every day for multiple hours,1777052524,1777052524,True,0,0,0.5,False,0,True,False,awesome suped chill ive played game every day multiple hour,0.7579,1
223978055,english,just get it youre missing out i spend my life at school just wanting to come home and play this,1777037209,1777037209,True,0,0,0.5,False,0,True,False,get youre missing spend life school wanting come home play,0.0516,1
223894133,english,"such fun lil game, it had to be pried out of my hands during exam season",1776928755,1776928755,True,0,0,0.5,False,0,True,False,fun lil game pried hand exam season,0.5106,1
223836911,english,Farm. Fish. Make friends. Fall in love. Save the community center.,1776857056,1776857056,True,0,0,0.5,False,0,True,False,farm fish make friend fall love save community center,0.8885,1
223834042,english,Good game for spending your times for cozy game,1776852725,1776852725,True,0,0,0.5,False,0,True,False,good game spending time cozy game,0.4404,1
223269386,english,"I enjoyed it. Have at least 10 characters on all the farms to try. My primary issue with this game is that I feel too rushed. There is so much to do, feels like I have to micro-manage my time. I'm playing relaxed, not attempting minmax. Main character is poor but I got her axe, pickaxe and by accident hoe upgraded to copper. Finally got the chicken coop, 2 chickens and silo. Large backpack. Just hit Lvl10 Foraging, my focus was chopping wood so I would have ample to build with. Going to give it a rest for awhile. 118 hours, feeling burned out a little. Mainly because again, I don't like the time restriction. The day goes way too fast. Not at all relaxing as I anticipated going into it.",1776200947,1776200947,True,0,0,0.5,False,0,True,False,enjoyed least character farm try primary issue game feel rushed much feel like micromanage time im playing relaxed attempting minmax main character poor got axe pickaxe accident hoe upgraded copper finally got chicken coop chicken silo large backpack hit lvl foraging focus chopping wood would ample build going give rest awhile hour feeling burned little mainly dont like time restriction day go way fast relaxing anticipated going,-0.5411,1
223224996,english,fun game its got great world building fun mechanics,1776147235,1776147235,True,0,0,0.5,False,0,True,False,fun game got great world building fun mechanic,0.8934,1
223216583,english,I LOVE IT !! ive played 888h bc its really fun being able to make my orn little farm.,1776132005,1776132005,True,0,0,0.5,False,0,True,False,love ive played h bc really fun able make orn little farm,0.9102,1
223123758,english,Game has 50 million downloads but made by one guy (god). All you need to know. Get game.,1776014750,1776014750,True,0,0,0.5,False,0,True,False,game million downloads made one guy god need know get game,0.0,1
223098563,english,"Great game, especially multiplayer",1775993402,1775993402,True,0,0,0.5,False,1,True,False,great game especially multiplayer,0.6249,1
222906582,english,it is fun to play with my siblings even when they sell my stuff.,1775772966,1775772966,True,0,1,0.5,False,0,True,False,fun play sibling even sell stuff,0.6908,1
222768621,english,Great game. Incredible it was entirely made by one person.,1775597243,1775597243,True,0,0,0.5,False,0,True,False,great game incredible entirely made one person,0.6249,1
222451023,english,simply relaxing to plant crops and go fishing all day :),1775262189,1775262189,True,0,0,0.5,False,0,True,False,simply relaxing plant crop go fishing day,0.7351,1
222239544,english,"This is a very good game that i played because of my sibling, 10/10, highly recommend",1775036010,1775036010,True,0,0,0.5,False,0,True,False,good game played sibling highly recommend,0.8119,1
222140265,english,"Basic Review: It's a very good farming sim. If you like farming sims, have been annoyed by how other farming sims implement things like mining and dealing with NPCs, you will probably like this one. It hits all the good things we play farming sims for.

Detailed Review:
I have played many farming sims on steam and off, I have seen many iterations of the same genre. This one is the first one to have not only caught my interest for more than a few weeks, but to have me keep coming back just to grind everything all over again.
I have always felt like other farming sims fumble when it comes to mining or activities off of the farm. Not this one. Mining in this game is crucial and can be a lot of fun. Fighting enemies is simple but not laughable. Foraging is worthwhile. Fishing is the only activity I don't care for, but it's relatively harmless and isn't necessary.
Farming has it's own skills, there's a ton of ways to can make your farm grow and be profitable so you can shift the order you do things all you want. There's a solid amount of customization, ways to decorate your home and farm, etc.
The artstyle is beautiful (unless you hate pixel art, in which case, why are you looking at a pixel art game?). The music is good and memorable to me. I love nearly every NPC in town and the ones I don't love, I at least enjoy.
I love this game so much, I have bought it on other systems to keep playing it at times when I couldn't get to Steam, so I've actually played this game an additional 200 hours or so. And good lord, the community is so passionate and talented, if there is something you want to fix or work around, it almost certainly exists.
Highly recommend for anyone who likes farming sims and doesn't mind losing a ton of hours after getting sucked in.",1774914792,1774914792,True,0,0,0.5,False,0,True,False,basic review good farming sim like farming sims annoyed farming sims implement thing like mining dealing npc probably like one hit good thing play farming sims detailed review played many farming sims steam seen many iteration genre one first one caught interest week keep coming back grind everything always felt like farming sims fumble come mining activity farm one mining game crucial lot fun fighting enemy simple laughable foraging worthwhile fishing activity dont care relatively harmless isnt necessary farming skill there ton way make farm grow profitable shift order thing want there solid amount customization way decorate home farm etc artstyle beautiful unless hate pixel art case looking pixel art game music good memorable love nearly every npc town one dont love least enjoy love game much bought system keep playing time couldnt get steam ive actually played game additional hour good lord community passionate talented something want fix work around almost certainly exists highly recommend anyone like farming sims doesnt mind losing ton hour getting sucked,0.9975,1
222035946,english,"Where are the pelicans? banger game, thx Concerned Ape! <3",1774804781,1774804781,True,0,0,0.5,False,0,True,False,pelican banger game thx concerned ape,0.69,1
221965426,english,loved the game. so much to do cant wait to see what else they add!,1774739907,1774739907,True,0,0,0.5,False,0,True,False,loved game much cant wait see else add,0.636,1
221942047,english,This indie game is more fun and has more content than 99% of AAA games,1774721343,1774721343,True,0,0,0.5,False,0,True,False,indie game fun content aaa game,0.5563,1
223751255,english,"Danced at the party so i didn't feel like a chud, i feel like a house husband is this training for my ceo wife later in life?",1776744921,1776744921,True,2,0,0.5348837375640869,False,1,True,False,danced party didnt feel like chud feel like house husband training ceo wife later life,-0.2611,1
221935023,english,"Boring. Feels like there isnt much to do or even if there is, its very repetitive. 

",1774716397,1774716397,False,0,0,0.4753534197807312,False,0,True,False,boring feel like isnt much even repetitive,-0.2716,0
224177383,english,super fun chill (except when in deep levels of caves),1777240919,1777240919,True,0,0,0.5,False,0,True,False,super fun chill except deep level cave,0.802,1
223193050,english,Hasn't aged a day since I played it ten years ago :) A true masterpiece of a game.,1776102632,1776102632,True,0,0,0.5,False,0,True,False,hasnt aged day since played ten year ago true masterpiece game,0.9062,1
223143644,english,"This is my most favorite game. The pizelated graphics, calming music, and classic sim vibe with lots of fun things. I love it",1776032623,1776032623,True,2,0,0.5,False,0,True,False,favorite game pizelated graphic calming music classic sim vibe lot fun thing love,0.9259,1
223140676,english,This game only gets better with every update. A really great farming sim.,1776029363,1776029363,True,1,0,0.5,False,0,True,False,game get better every update really great farming sim,0.807,1
222987198,english,"makes you want to start your life over and get a farm, very fun.",1775873511,1775873511,True,0,0,0.5,False,0,True,False,make want start life get farm fun,0.5984,1
222850262,english,"stardew valley is so much fun... if you like cozy farming sims with a hint of dating sim, this is your game :D !! its actually so crazy how much there is you can do, and all the characters are really interesting!!! it really is just like a small town with some people you hate, some people you like, and some that got you crushing... hehe also nice to play with friends!!!! it reminds me a lot of Harvest Moon",1775702396,1775702396,True,1,0,0.5,False,0,True,False,stardew valley much fun like cozy farming sims hint dating sim game actually crazy much character really interesting really like small town people hate people like got crushing hehe also nice play friend reminds lot harvest moon,0.9198,1
222619876,english,"I mostly play this game on my nintendo switch, but I love it so much I also got it on my mac. It's so fun and so calming.",1775426792,1775426792,True,1,0,0.5,False,0,True,False,mostly play game nintendo switch love much also got mac fun calming,0.9604,1
222536189,english,its fun though you have to youtube tutorial yousrself through some things if oyu havent plasyerdf,1775344387,1775344387,True,0,0,0.5,False,0,True,False,fun though youtube tutorial yousrself thing oyu havent plasyerdf,0.5106,1
222514572,english,"Good Game, Strong Game ! worth coming back to after you finished for the 100th time",1775325676,1775325676,True,0,0,0.5,False,0,True,False,good game strong game worth coming back finished th time,0.8122,1
222417013,english,"studying bachelor degree in computer science, forced to become a farmer👍👍👍",1775232196,1775232196,True,0,0,0.5,False,0,True,False,studying bachelor degree computer science forced become farmer,-0.4588,1
222360104,english,Absolutely timeless game! One of the best casual games that has ever been made!,1775166889,1775166889,True,0,0,0.5,False,0,True,False,absolutely timeless game one best casual game ever made,0.7639,1
222354979,english,Good chill game to spend a couple hours on (could easily exceed 250 btw),1775161847,1775161847,True,0,0,0.5,False,0,True,False,good chill game spend couple hour could easily exceed btw,0.6486,1
222320623,english,I LOVE THIS GAME THANK YOU SO MUCH FOR MAKING IT I PLAY IT LIKE FOR HOURES THIS IS THE BEST GAME IN THE WORLD,1775130537,1775130537,True,0,0,0.5,False,0,True,False,love game thank much making play like houres best game world,0.9413,1
222276956,english,A loved game by its creator that expands the game and doesnt microtransaction you or sell continuous DLCS.  Thank you!,1775073886,1775073886,True,0,0,0.5,False,0,True,False,loved game creator expands game doesnt microtransaction sell continuous dlcs thank,0.7959,1
222276543,english,"Very nice game, with many different paths to take, whether you're a fighter, fisher, explorer, farmer, businessman, etc.",1775073485,1775073485,True,0,0,0.5,False,0,True,False,nice game many different path take whether youre fighter fisher explorer farmer businessman etc,0.5709,1
222276507,english,"I absolutely adore this game and I always come back to it. While it can be stressful and overwhelming at first, it's only has stressful as you make it out too be. There's genuinely so much to do with building relationships with the other characters, deciding who you want to marry, becoming successful, upgrading your tools/house, etc. And to add you can start your farm in different locations. I highly, highly, HIGHLY recommend this game!!!!!",1775073443,1775073443,True,0,0,0.5,False,0,True,False,absolutely adore game always come back stressful overwhelming first stressful make there genuinely much building relationship character deciding want marry becoming successful upgrading toolshouse etc add start farm different location highly highly highly recommend game,0.8238,1
222223852,english,"As an older gamer in my late 30's with no time to play and only time to work, this is a great break to game a little and include my kids. 10/10",1775010892,1775010892,True,1,0,0.5,False,0,True,False,older gamer late time play time work great break game little include kid,0.6486,1
222220486,english,One of the only games I've played where I felt better after playing all day.,1775006450,1775006450,True,0,0,0.5,False,0,True,False,one game ive played felt better playing day,0.7269,1
222125064,english,I've never played such an awesome labor of love. It's the game that keeps on giving.,1774898742,1774898742,True,0,0,0.5,False,0,True,False,ive never played awesome labor love game keep giving,0.8646,1
222077874,english,Favorite game!! can be cozy or you can deep dive into the lore!,1774845975,1774845975,True,0,0,0.5,False,0,True,False,favorite game cozy deep dive lore,0.5962,1
222921141,english,"in a sea of terrible indie farming sims, this is not one of them",1775793951,1775793951,True,1,0,0.5238095521926879,False,0,True,False,sea terrible indie farming sims one,-0.4767,1
222858630,english,if u had played harvest town in mobile u will find this game too boring if not then this game is good,1775716755,1775716755,False,0,1,0.4615384638309478,False,0,True,False,u played harvest town mobile u find game boring game good,0.4588,0
224121402,english,Incredible game!!!! This is one of the best games I have ever played in life.,1777189456,1777189456,True,0,0,0.5,False,0,True,False,incredible game one best game ever played life,0.8302,1
223964234,english,"In just 6 hours of the game I instantly felt how well it was made, deserved to be #1 liked game on steam.",1777019250,1777019250,True,0,0,0.5,False,0,True,False,hour game instantly felt well made deserved liked game steam,0.5994,1
223893304,english,fun with a relaxed vibe. its a play it your own way kinda game.,1776927200,1776927200,True,0,0,0.5,False,0,True,False,fun relaxed vibe play way kinda game,0.836,1
223616789,english,"im playing this game to crack shane and haley 
it works so 10/10.",1776599779,1776599779,True,0,0,0.5,False,0,True,False,im playing game crack shane haley work,0.2023,1
223272613,english,Everything about this game is phenomenal! With or without mods,1776204818,1776204818,True,0,0,0.5,False,0,True,False,everything game phenomenal without mod,0.0,1
223141349,english,"i have over 2000 hours on my switch and wanted to get it on my laptop, gotta say wish i did sooner everythings a lot smoother on pc. (the slingshot is good???)",1776030084,1776030084,True,2,0,0.5,False,0,True,False,hour switch wanted get laptop got ta say wish sooner everythings lot smoother pc slingshot good,0.5007,1
222997402,english,I MEAN ITS KINDA FUN AND REALXING GAME THERE IS NO RUSH SOMETIMES IT CAN BORING AND SOMETIMES GOOD,1775886769,1775886769,True,0,0,0.5,False,0,True,False,mean kinda fun realxing game rush sometimes boring sometimes good,0.3415,1
222986233,english,This is my favorite game of all time I think everyone should play it.,1775872162,1775872162,True,0,0,0.5,False,0,True,False,favorite game time think everyone play,0.6597,1
222944211,english,"Honestly , It's really nice, worth every penny!",1775828892,1775828892,True,0,0,0.5,False,0,True,False,honestly really nice worth every penny,0.8207,1
222940098,english,I became a mod creator thanks to this game! It changed my life.,1775824637,1775824637,True,0,0,0.5,False,0,True,False,became mod creator thanks game changed life,0.4926,1
222917365,english,"i got so many baby daddies, best farm game ive ever played.",1775788117,1775788117,True,0,0,0.5,False,0,True,False,got many baby daddy best farm game ive ever played,0.765,1
222784041,english,great coach co op to sit around with your SO and enjoy!,1775618273,1775618273,True,0,0,0.5,False,0,True,False,great coach co op sit around enjoy,0.8613,1
222631975,english,please let us make public enemies of characters,1775439459,1775439459,True,0,0,0.5,False,0,True,False,please let u make public enemy character,-0.2263,1
222585800,english,Great addictive game that offers so much,1775399307,1775399307,True,0,0,0.5,False,0,True,False,great addictive game offer much,0.6249,1
222523976,english,"I have been playing for 3-4 years, I love the Expanded Mod after completing perfection in the vanilla. Every turn is a surprise, and I LOVED my outcome ;)",1775333043,1775333043,True,0,0,0.5,False,0,True,False,playing year love expanded mod completing perfection vanilla every turn surprise loved outcome,0.9541,1
222473608,english,"Really nice game, Nice to play this with my daughter",1775289055,1775289055,True,0,0,0.5,False,0,True,False,really nice game nice play daughter,0.8204,1
222087969,english,"Arguably, the greatest indie game ever!!!",1774862087,1774862087,True,0,0,0.5,False,0,True,False,arguably greatest indie game ever,0.6219,1
221971095,english,"I like the smooth gameplay, but I don't like how I lose gold when I die.",1774745869,1774745869,True,0,0,0.5,False,0,True,False,like smooth gameplay dont like lose gold die,0.1373,1
221901585,english,"This game is good, very  chill. If there's one thing I hate, it's my luck in the mines.",1774688998,1774688998,True,0,0,0.5,False,0,True,False,game good chill there one thing hate luck mine,0.296,1
222725380,english,10/10 economic management simulator disguised as farming sim,1775550678,1775550678,True,1,0,0.5238095521926879,False,0,True,False,economic management simulator disguised farming sim,-0.2732,1
222356234,english,stinky boys aren't allowed to play unless supervised by their girlfriend,1775163096,1775163096,True,0,0,0.4663212299346923,False,0,True,False,stinky boy arent allowed play unless supervised girlfriend,-0.5478,1
224223654,english,i lowkey shat me pants after one of the bachelorettes said no to my mermaid pendent,1777306693,1777306804,True,0,0,0.5,False,0,True,False,lowkey shat pant one bachelorette said mermaid pendent,-0.296,1
224066201,english,This is a life simulator that should be used to teach kids at school.,1777131917,1777131917,True,0,0,0.5,False,0,True,False,life simulator used teach kid school,0.0,1
223971513,english,Love how simple it is. Really enjoy finishing all the collections.,1777030013,1777030013,True,0,0,0.5,False,0,True,False,love simple really enjoy finishing collection,0.8268,1
223843663,english,Definitely one of the top 10 games ever made. It grows on you the more you play.,1776865195,1776865195,True,0,0,0.5,False,0,True,False,definitely one top game ever made grows play,0.7334,1
223663618,english,I have purchased this game across three platforms... it is a masterpiece,1776636940,1776636940,True,0,0,0.5,False,0,True,False,purchased game across three platform masterpiece,0.6249,1
223648159,english,i love leah so so so so so so so so so so so so much plz mr ape add a cutscene that shows how our spouses get preggo,1776623296,1776623296,True,0,0,0.5,False,0,True,False,love leah much plz mr ape add cutscene show spouse get preggo,0.722,1
223316442,english,This is the best game ever and I love it and I'm obsessed with it <3,1776269695,1776269695,True,0,0,0.5,False,0,True,False,best game ever love im obsessed,0.891,1
223156256,english,build cute farm pet lots animals go mines then do a capitalism lewis is lame Slade 2026 for mayor,1776050228,1776050228,True,0,0,0.5,False,0,True,False,build cute farm pet lot animal go mine capitalism lewis lame slade mayor,0.0516,1
223065339,english,honestly you can\t go wrong with one of the OG cozy games,1775953518,1775953518,True,0,0,0.5,False,0,True,False,honestly cant go wrong one og cozy game,-0.0258,1
223064415,english,I liked well evrything expet that corline is not a daitable :(,1775952357,1775952357,True,0,0,0.5,False,1,True,False,liked well evrything expet corline daitable,0.7435,1
223004787,english,"10/10 beautiful game, i love the soundtrack sm too and i enjoy playing it with my gf 🥰🥰🥰",1775896662,1775896662,True,0,0,0.5,False,0,True,False,beautiful game love soundtrack sm enjoy playing gf,0.9201,1
222889770,english,"fun, engaging, fought my friend over the dog",1775755654,1775755654,True,0,0,0.5,False,0,True,False,fun engaging fought friend dog,0.765,1
222788816,english,"Need more gambling. 9 golden walnuts out of 10.

(ive got over 100 hours on switch)
",1775626505,1775626505,True,0,0,0.5,False,0,True,False,need gambling golden walnut ive got hour switch,0.0,1
222726583,english,"why dont my kids look like me ):
i want them to add more to the romance part of this game
i like how much outfits i can make (:",1775552687,1775552687,True,0,0,0.5,False,0,True,False,dont kid look like want add romance part game like much outfit make,0.8612,1
222719977,english,The day I can romance Caroline or Robin will be the happiest day of my life!,1775540867,1775540867,True,0,0,0.5,False,0,True,False,day romance caroline robin happiest day life,0.8439,1
222706626,english,"10/10 game - all time fav
Even better when you play co-op <3",1775520848,1775520848,True,0,0,0.5,False,0,True,False,game time fav even better play coop,0.8807,1
222353593,english,AWESOME GAME!!! Finally Gave It A Proper Chance And Now I Just Keep Going Back,1775160608,1775160608,True,0,0,0.5,False,0,True,False,awesome game finally gave proper chance keep going back,0.8275,1
222296130,english,I would let Concerned Ape hit me with his car and thank him for it afterwards.,1775094363,1775094363,True,0,1,0.5,False,0,True,False,would let concerned ape hit car thank afterwards,0.3612,1
221977380,english,MY HUSBAND GOES TO THE MINES WHILE I FISH THIS GAME IS AWESOME 1000000/10,1774752977,1774752977,True,0,0,0.5,False,0,True,False,husband go mine fish game awesome,0.7034,1
222178040,english,i hate this DEMONIC GAME. There is a fortune teller and a witch DONT GET IT.,1774965702,1774965702,False,0,1,0.4520547986030578,False,0,True,False,hate demonic game fortune teller witch dont get,-0.7351,0
224114739,english,Perfectly made game with a lot of good content.,1777180698,1777180698,True,0,0,0.5,False,0,True,False,perfectly made game lot good content,0.7964,1
223822063,english,I wish I could hire a hand to help at the ranch tasks. I spend most the day just doing those...,1776830993,1776830993,True,0,0,0.5,False,0,True,False,wish could hire hand help ranch task spend day,0.8225,1
223583537,english,Literally number 5 game of all time 100% it on console pc's next :D,1776563037,1776563037,True,0,0,0.5,False,0,True,False,literally number game time console pc next,0.6523,1
223493302,english,this game is so amazing i love fishing i love mining i love farming thank you concernedape,1776476124,1776476124,True,0,0,0.5,False,0,True,False,game amazing love fishing love mining love farming thank concernedape,0.9713,1
223065713,english,It's a really nice farming game with mining elements. 10/10,1775953941,1775953941,True,0,0,0.5,False,1,True,False,really nice farming game mining element,0.4754,1
222766584,english,The video game equivalent of pure Brazilian crack cocaine,1775595032,1775595032,True,0,0,0.5,False,0,True,False,video game equivalent pure brazilian crack cocaine,0.0,1
222702897,english,The most perfect game to ever exist. What's more to say?,1775515893,1775515893,True,0,0,0.5,False,0,True,False,perfect game ever exist whats say,0.6115,1
222138672,english,"its amazing! love it, good soundtrack, cozy <3",1774912791,1774912791,True,0,0,0.5,False,0,True,False,amazing love good soundtrack cozy,0.9336,1
221894940,english,This game is a total time sink. But this is a quality game.,1774681388,1774681388,True,0,0,0.5,False,0,True,False,game total time sink quality game,0.0,1
223326097,english,I married a cardboard cutout of Krobus in real life. 10/10,1776279450,1776279450,True,1,0,0.5238095521926879,False,0,True,False,married cardboard cutout krobus real life,0.0,1
224200539,english,"Great Game, Got 200 hours on my alt without noticing lol
9/10",1777275868,1777275868,True,0,0,0.5,False,0,True,False,great game got hour alt without noticing lol,0.4153,1
224196930,english,W game :muscle: intend to spend many MANY more hours.,1777268957,1777268957,True,0,0,0.5,False,0,True,False,w game muscle intend spend many many hour,0.0,1
224153846,english,Its Stardew Valley. It's the benchmark for farming games.,1777220441,1777220441,True,0,0,0.5,False,0,True,False,stardew valley benchmark farming game,0.0,1
223999642,english,This game is something I can't express how much I love.,1777056547,1777056547,True,0,0,0.5,False,0,True,False,game something cant express much love,0.6369,1
223917719,english,good can alternate harvest moon . maybe it's better,1776958925,1776958925,True,0,0,0.5,False,0,True,False,good alternate harvest moon maybe better,0.7003,1
223882373,english,"The game is so good, I'm really enjoying it and having a great time playing.",1776908731,1776908731,True,0,0,0.5,False,0,True,False,game good im really enjoying great time playing,0.9236,1
223794800,english,"I LOVE stardew valley, its where i met my third husband Sebastian.",1776797541,1776797541,True,0,0,0.5,False,0,True,False,love stardew valley met third husband sebastian,0.7125,1
223133597,english,"beautiful, relaxing, a perfect game",1776022860,1776022860,True,0,0,0.5,False,0,True,False,beautiful relaxing perfect game,0.8957,1
222982582,english,star the dews farm crack leah and tidus nice guys,1775867275,1775867275,True,0,1,0.5,False,0,True,False,star dew farm crack leah tidus nice guy,0.4215,1
222748337,english,"best fan of harvest moon back to nature, you should love this one very muchhhh !!!!!!!!!!!!!!!!",1775577441,1775577441,True,0,0,0.5,False,0,True,False,best fan harvest moon back nature love one muchhhh,0.9164,1
222668961,english,"This is a very fun and passive game, you can play this game any way you wany.",1775484486,1775484486,True,0,0,0.5,False,0,True,False,fun passive game play game way wany,0.7939,1
222644166,english,i am kinda addicted to this game but in a good sense would recomend :D,1775455522,1775455522,True,0,0,0.5,False,0,True,False,kinda addicted game good sense would recomend,0.886,1
221989295,english,Beer cost more than bread while still giving the same benefits.,1774765822,1774765822,True,0,0,0.5,False,0,True,False,beer cost bread still giving benefit,0.6124,1
221976635,english,"SOOOO relaxing, planning to play it on the deck",1774752109,1774752109,True,0,0,0.5,False,0,True,False,soooo relaxing planning play deck,0.6808,1
221970549,english,super fun!! very cosy i just love the overall vibe of this game,1774745283,1774745283,True,0,0,0.5,False,0,True,False,super fun cosy love overall vibe game,0.9224,1
221964034,english,A better harvest moon. There's tons of things to do in this game.,1774738581,1774738581,True,0,0,0.5,False,0,True,False,better harvest moon there ton thing game,0.4404,1
221943044,english,Cozy. Addicting. Customizable. Perfect.,1774722052,1774722052,True,0,0,0.5,False,0,True,False,cozy addicting customizable perfect,0.5719,1
221873672,english,The most frustrating cozy game out there. 10/10 recommend,1774657136,1774657136,True,0,0,0.5,False,0,True,False,frustrating cozy game recommend,-0.1761,1
223652106,english,Seems like a good game. Might need to play more to be certain!,1776626362,1776626362,True,1,1,0.5238095521926879,False,0,True,False,seems like good game might need play certain,0.8575,1
222206197,english,cozy and immersive! super fun to binge :),1774989952,1774989952,True,1,0,0.5238095521926879,False,0,True,False,cozy immersive super fun binge,0.8883,1
223805765,english,Chill game with a surprising amount of depth,1776808175,1776808175,True,0,0,0.5,False,0,True,False,chill game surprising amount depth,0.2732,1
223680332,english,"Yes, I love this game because of one person, she made it peak.",1776658925,1776658925,True,0,0,0.5,False,0,True,False,yes love game one person made peak,0.7845,1
223228990,english,I really love this game. Its really cozy and really comforts me:3,1776154943,1776154943,True,0,0,0.5,False,0,True,False,really love game really cozy really comfort,0.8354,1
223075491,english,"cool game, too bad cant marry linus",1775965758,1775965758,True,0,0,0.5,False,1,True,False,cool game bad cant marry linus,-0.296,1
222180558,english,"Love this game so much, it's the perfect comfort game for me",1774967797,1774967797,True,0,0,0.5,False,0,True,False,love game much perfect comfort game,0.886,1
222108002,english,best farming sim ever that came after the og HMs,1774883769,1774883769,True,0,0,0.5,False,0,True,False,best farming sim ever came og hm,0.6369,1
222007975,english,one of the best games. Ive played 50 hours now and still love it.,1774784627,1774784627,True,0,0,0.5,False,0,True,False,one best game ive played hour still love,0.8957,1
224114679,english,Really peacfull game cant stop playing,1777180615,1777180615,True,2,0,0.5238095521926879,False,0,True,False,really peacfull game cant stop playing,0.0762,1
224065804,english,Amazing game my dad and me love it deffo recomend,1777131597,1777131597,True,0,0,0.5,False,0,True,False,amazing game dad love deffo recomend,0.8402,1
224062614,english,"very fun gardening game and i mostly like the mining <3
",1777129028,1777129028,True,0,0,0.5,False,0,True,False,fun gardening game mostly like mining,0.8399,1
223992724,english,"Before playing game: No farm:(

After playing: Farm:)",1777050365,1777050365,True,0,1,0.5,False,0,True,False,playing game farm playing farm,0.1027,1
223340994,english,this game cured my depression and gave me a purpose in life,1776297938,1776297938,True,0,0,0.5,False,0,True,False,game cured depression gave purpose life,-0.5719,1
223157461,english,"One of my favorite games ever. I think I've purchased it 4 times...lol. So worth it, though.",1776052162,1776052162,True,0,0,0.5,False,0,True,False,one favorite game ever think ive purchased timeslol worth though,0.6361,1
222967381,english,"I've never played Harvest Moon or any game like that, but i love this game!",1775850198,1775850198,True,0,0,0.5,False,0,True,False,ive never played harvest moon game like love game,0.8087,1
222962029,english,"this game got me laid irl, it's great would recommend",1775845159,1775845159,True,0,0,0.5,False,0,True,False,game got laid irl great would recommend,0.765,1
222930510,english,Amazing game in every way possible!,1775810769,1775810769,True,0,0,0.5,False,0,True,False,amazing game every way possible,0.6239,1
222591878,english,I had a blast playing with my girlfriend last Christmas,1775403811,1775403811,True,0,0,0.5,False,0,True,False,blast playing girlfriend last christmas,0.2023,1
222459159,english,"Go farm, then date Abigail and get her moms tea leaves",1775271469,1775271469,True,0,0,0.5,False,0,True,False,go farm date abigail get mom tea leaf,0.0,1
222326623,english,">install mods
>leave
>came back
>update mods
>leave
>repeat from step 3",1775136809,1775136809,True,0,0,0.5,False,0,True,False,install mod leave came back update mod leave repeat step,0.0,1
222267181,english,this is the worst and best thing that's ever happened to me. i love this game sm,1775065022,1775065022,True,0,0,0.5,False,0,True,False,worst best thing thats ever happened love game sm,0.6486,1
222077554,english,Perfectly designed trap to absorb all your free time (you'll be happy about this?),1774845456,1774845456,True,0,0,0.5,False,0,True,False,perfectly designed trap absorb free time youll happy,0.872,1
222032862,english,I like how easy this game is to play and understand.,1774802664,1774802664,True,0,0,0.5,False,0,True,False,like easy game play understand,0.7783,1
221995342,english,Possibly one of the greatest games ever made.,1774772558,1774772558,True,0,0,0.5,False,0,True,False,possibly one greatest game ever made,0.6369,1
221978393,english,I get to marry a girl who eats rocks.... Count me in!,1774754019,1774754019,True,0,0,0.5,False,0,True,False,get marry girl eats rock count,0.0,1
224190715,english,I cant talk to women in real life. I can in stardew valley. 10/10,1777258684,1777258684,True,0,0,0.5,False,0,True,False,cant talk woman real life stardew valley,0.0,1
223985465,english,cannot think of a better game in the history of video game history :),1777043839,1777043839,True,0,0,0.5,False,0,True,False,think better game history video game history,0.1516,1
223947794,english,"There may be many similar games out there, but I can see why this one has stood the test of time.",1776992260,1776992260,True,0,0,0.5,False,0,True,False,may many similar game see one stood test time,0.0,1
223832803,english,"i'm a buff dude, with tats. They must not know I fw this game heavy.",1776850559,1776850559,True,0,0,0.5,False,0,True,False,im buff dude tat must know fw game heavy,0.0,1
223815179,english,This game is great on I have it on like every platform lol,1776820793,1776820793,True,0,0,0.5,False,0,True,False,game great like every platform lol,0.8555,1
223780605,english,What more can one say about stardew? The perfect farming sim,1776784842,1776784842,True,0,0,0.5,False,0,True,False,one say stardew perfect farming sim,0.5719,1
223731362,english,The clarity I gain from playing this game is amazing.,1776718676,1776718676,True,0,0,0.5,False,0,True,False,clarity gain playing game amazing,0.8934,1
223584358,english,haven't played in a while but wanted to thank stardew for helping me cope with my dogs death,1776564013,1776564013,True,0,0,0.5,False,0,True,False,havent played wanted thank stardew helping cope dog death,-0.2066,1
223215143,english,I love Stardew Valley so much I would eat it if I could,1776129625,1776129625,True,0,0,0.5,False,0,True,False,love stardew valley much would eat could,0.6369,1
223015274,english,i used to play alot  of shooting game. now i play this game and my mind is at peace.,1775908738,1775908738,True,0,0,0.5,False,0,True,False,used play alot shooting game play game mind peace,0.8074,1
222896878,english,10/10 keep coming back every year to start a new game,1775762482,1775762482,True,0,0,0.5,False,0,True,False,keep coming back every year start new game,0.0,1
222802688,english,"i reccomend thus gmae, this game makes me relax",1775649585,1775649585,True,0,0,0.5,False,0,True,False,reccomend thus gmae game make relax,0.4404,1
222781379,english,It’s really good just please add more levels in the regular mines,1775614155,1775614155,True,0,0,0.5,False,0,True,False,really good please add level regular mine,0.6962,1
222768561,english,Do not play if you like having a life outside of Stardew,1775597179,1775597179,True,0,0,0.5,False,0,True,False,play like life outside stardew,0.119,1
222389147,english,Spent too much time on this game. Like i care! LOVE IT,1775204820,1775204820,True,0,0,0.5,False,0,True,False,spent much time game like care love,0.8984,1
222348626,english,stardew valley is the valley of my dreams wish i could live there irl,1775156160,1775156160,True,0,0,0.5,False,0,True,False,stardew valley valley dream wish could live irl,0.6597,1
222105475,english,hopeless co op connection errors,1774881623,1774881623,False,0,1,0.5,False,0,True,False,hopeless co op connection error,-0.6597,0
222100566,english,this game make you contract with the devil bro fr DONT PLAY THIS GAME,1774877119,1774877119,True,0,0,0.5,False,0,True,False,game make contract devil bro fr dont play game,-0.7893,1
221961540,english,"Replayability is incredible, love this game sm",1774736321,1774736321,True,0,0,0.5,False,0,True,False,replayability incredible love game sm,0.6369,1
222638357,english,Best farming game I've ever played in my life! I love it so much ^w^,1775447277,1775447277,True,1,1,0.5238095521926879,False,0,True,False,best farming game ive ever played life love much w,0.902,1
223866037,english,The game every farming game aspires to be.,1776887307,1776887307,True,1,0,0.5151515007019042,False,0,True,False,game every farming game aspires,0.0,1
223528607,english,"Ol' Mick Donald had a farm, E-I-E-I-O! 
And on that farm he had a cow, E-I-E-I-O! 
With a moo-moo here, and a cluck-cluck there!
Here a duck, here a slime,
Here some caves, here some quests,
Here some kit, here some secrets,
Here some more, and some more,
Everywhere some more content!

Ol' Mick Donald will never finish this game...E-I-I-OOOOOO!",1776515272,1776515272,True,1,0,0.5126354098320007,False,0,True,False,ol mick donald farm eieio farm cow eieio moomoo cluckcluck duck slime cave quest kit secret everywhere content ol mick donald never finish gameeiioooooo,0.0,1
223696926,english,this game fun to play with your girlfriend or boyfriend,1776685774,1776685774,True,0,0,0.5,False,0,True,False,game fun play girlfriend boyfriend,0.6908,1
223368951,english,i like the peaceful and calming gameplay,1776343025,1776343025,True,0,0,0.5,False,0,True,False,like peaceful calming gameplay,0.8126,1
223349819,english,Still learning on the PC and with XBox controller :),1776311313,1776311313,True,0,0,0.5,False,0,True,False,still learning pc xbox controller,0.4588,1
223208709,english,My friend make me addicted. PLease report him.,1776119933,1776119933,True,0,0,0.5,False,0,True,False,friend make addicted please report,0.6705,1
223019872,english,Perfect Game no flaws thank you Concerned Ape u da real GOAT,1775913154,1775913154,True,0,0,0.5,False,0,True,False,perfect game flaw thank concerned ape u da real goat,0.6124,1
223002198,english,Awsomen farming sim combined with romance and adventure,1775893221,1775893221,True,0,0,0.5,False,0,True,False,awsomen farming sim combined romance adventure,0.7096,1
222373692,english,bobby lee said it best it soothes the trauma.,1775183395,1775183395,True,0,0,0.5,False,0,True,False,bobby lee said best soothes trauma,0.34,1
222150354,english,"Ts is genuinely the chillest game ever play it twin
",1774928363,1774928363,True,0,0,0.5,False,0,True,False,t genuinely chillest game ever play twin,0.34,1
222126321,english,"reminds me of Harvest Moon on super nintendo. Love it :)
",1774899851,1774899851,True,0,0,0.5,False,0,True,False,reminds harvest moon super nintendo love,0.9022,1
222029466,english,There are so many things to do in the game you never get bored,1774800325,1774800325,True,0,0,0.5,False,0,True,False,many thing game never get bored,0.2057,1
223060530,english,"I just heard about this game a few months ago. It’s been great, truly a gem of a game.",1775947764,1775947764,True,1,0,0.5238095521926879,False,0,True,False,heard game month ago great truly gem game,0.7906,1
222487619,english,would recommend alot of playtime for the price,1775304280,1775304280,True,0,0,0.4545454680919647,False,0,True,False,would recommend alot playtime price,0.3612,1
224094473,english,"Harvest, get knocked out in mine, marry someone and ye. thats it",1777155767,1777155767,True,0,0,0.5,False,0,True,False,harvest get knocked mine marry someone ye thats,0.0,1
223958246,english,clocked 70 hrs/week. game's like crack,1777008733,1777008733,True,0,0,0.5,False,0,True,False,clocked hrsweek game like crack,0.3612,1
223822347,english,awesome game looking forward for future games from this team,1776831541,1776831541,True,0,0,0.5,False,0,True,False,awesome game looking forward future game team,0.6249,1
223775477,english,i love stardew valley!!!!!!!!An incredible game.,1776780243,1776780243,True,0,0,0.5,False,0,True,False,love stardew valleyan incredible game,0.7482,1
223224618,english,Best steamdeck game out there. Played it for 30 hours in my first week,1776146423,1776146423,True,0,0,0.5,False,0,True,False,best steamdeck game played hour first week,0.765,1
223224565,english,"Wake up: water plants
run out of energy go to bed
",1776146331,1776146331,True,0,0,0.5,False,0,True,False,wake water plant run energy go bed,0.2732,1
223081614,english,"Every save I make, I still end up with Sebastian or Haley. I’m where I want to be.",1775973263,1775973263,True,0,0,0.5,False,1,True,False,every save make still end sebastian haley im want,0.5423,1
222207464,english,I love playing this game to relax. Always makes me smile!,1774991148,1774991148,True,0,0,0.5,False,0,True,False,love playing game relax always make smile,0.8932,1
222153892,english,"when are they adding murder so i can kill and murder everyone and eat them and make lampshades out of them and cook them and crush them with boulders and skin them and burn them alive and suffocate them and drown them in honey and mushroom stock and fill them with worms and such
",1774933461,1774933461,True,0,0,0.5,False,0,True,False,adding murder kill murder everyone eat make lampshade cook crush boulder skin burn alive suffocate drown honey mushroom stock fill worm,-0.9588,1
222099618,english,"I have been playing this game for three years, I`ll tell my children about this gem.",1774876222,1774876222,True,0,0,0.5,False,0,True,False,playing game three year ill tell child gem,0.2023,1
221922348,english,literally the greatest thing that has ever happened to me,1774707616,1774707616,True,0,0,0.5,False,0,True,False,literally greatest thing ever happened,0.6369,1
223633731,english,You can liv a life as a farmer but you need to move. I don´t recommend,1776612786,1776612786,True,1,0,0.5238095521926879,False,0,True,False,liv life farmer need move dont recommend,0.5023,1
224022832,english,i love playing stardew with my boyfriend its so fun !!,1777082659,1777082659,True,0,0,0.5,False,0,True,False,love playing stardew boyfriend fun,0.8962,1
223532840,english,"i play this when im high. good game, reminds me of Harvest Moon",1776518850,1776518850,True,0,0,0.5,False,0,True,False,play im high good game reminds harvest moon,0.6486,1
223082853,english,thank you for ruining my life. definitely will play again and again,1775974808,1775974808,True,0,0,0.5,False,2,True,False,thank ruining life definitely play,0.6808,1
222766057,english,The Best All-Around Game I Have Ever Played.,1775594478,1775594478,True,0,0,0.5,False,0,True,False,best allaround game ever played,0.765,1
221968695,english,this is a chill game that i honestly think you should play.,1774743293,1774743293,True,0,0,0.5,False,0,True,False,chill game honestly think play,0.6597,1
222229324,english,"I DON""T WANT TO LEARN SPANISH FROM THE WIZERD !!!    I WANT TO LEARN MONGOLIAN !!!!!!!",1775019079,1775019079,False,1,0,0.5129533410072326,False,0,True,False,dont want learn spanish wizerd want learn mongolian,0.6409,0
224226840,english,I'm more of a massive factory atomation kind of guy,1777309849,1777309849,True,0,0,0.5,False,0,True,False,im massive factory atomation kind guy,0.0,1
224220531,english,It's good game. Why haven't you bought it already?,1777303712,1777303712,True,0,0,0.5,False,0,True,False,good game havent bought already,0.4404,1
224111913,english,deadass one of the best games i have ever played,1777177018,1777177018,True,0,0,0.5,False,0,True,False,deadass one best game ever played,0.765,1
223632792,english,"this is my fav game of all time. concerned ape, ily.",1776612121,1776612121,True,0,0,0.5,False,0,True,False,fav game time concerned ape ily,0.8126,1
223509176,english,"Try it out, and you'll love every second playing it
",1776494655,1776494655,True,0,0,0.5,False,0,True,False,try youll love every second playing,0.7184,1
223404188,english,"The absolute best ""cozy game"" ever made!",1776379913,1776379913,True,0,0,0.5,False,0,True,False,absolute best cozy game ever made,0.6696,1
223197644,english,The best there ever was. My hours on Steam do not reflect the 500 hours on the Switch. 😂,1776107301,1776107301,True,0,0,0.5,False,0,True,False,best ever hour steam reflect hour switch,0.6369,1
222950734,english,i luv stardew valley ive bought it on every device i own,1775835025,1775835025,True,0,0,0.5,False,0,True,False,luv stardew valley ive bought every device,0.0,1
222699013,english,Low stress game you can play however you like.,1775511451,1775511451,True,0,0,0.5,False,0,True,False,low stress game play however like,-0.0,1
222686595,english,fishing mini game got me hooked. Pun intended,1775499666,1775518526,True,0,0,0.5,False,0,True,False,fishing mini game got hooked pun intended,0.0,1
222276980,english,"born 2 b a whimsy farmer , forced 2 endure capitalism",1775073915,1775073915,True,0,0,0.5,False,0,True,False,born b whimsy farmer forced endure capitalism,-0.4588,1
222206479,english,"Chill.  But also, not, if that's what you're looking for.",1774990215,1774990215,True,0,0,0.5,False,0,True,False,chill also thats youre looking,0.0,1
222146427,english,so many yuri possibilities... god bless,1774922928,1774922928,True,0,0,0.5,False,0,True,False,many yuri possibility god bless,0.5994,1
222135807,english,"Slave labour is a go as long as you get the right partner
",1774909313,1774909313,True,0,0,0.5,False,0,True,False,slave labour go long get right partner,0.0,1
222093511,english,it's a bad decision to start playing this when unemployed,1774869533,1774869533,True,0,0,0.5,False,0,True,False,bad decision start playing unemployed,-0.4019,1
221992827,english,1000000000/10. Literally one of my favorite games of all time.,1774769857,1774769857,True,0,0,0.5,False,0,True,False,literally one favorite game time,0.4588,1
221887273,english,Please describe what you liked or disliked about this product,1774672068,1774672068,True,0,0,0.5,False,0,True,False,please describe liked disliked product,0.34,1
224151696,english,So I like how it's like about farming I bet a lot a lot of people would like it I mean a lot,1777218771,1777218771,True,0,0,0.5,False,0,True,False,like like farming bet lot lot people would like mean lot,0.8115,1
223874570,english,the second you think you running out of stuff to do a new thing pops up,1776897365,1776897365,True,0,0,0.5,False,0,True,False,second think running stuff new thing pop,0.0,1
223813465,english,best relaxing game i have played in a min! love it,1776818403,1776818403,True,0,0,0.5,False,0,True,False,best relaxing game played min love,0.9359,1
223620373,english,I love sdv so much might need to make it my personality,1776602874,1776602874,True,0,0,0.5,False,0,True,False,love sdv much might need make personality,0.6369,1
223216709,english,"da mines dop and the fish hard an da farm pretty chill
",1776132169,1776132169,True,0,0,0.5,False,0,True,False,da mine dop fish hard da farm pretty chill,0.4215,1
223208049,english,"If you haven't played Stardew Valley yet, we can't be friends.",1776119080,1776119080,True,0,0,0.5,False,0,True,False,havent played stardew valley yet cant friend,-0.5559,1
223129485,english,One of the best Indie games I have ever played.,1776019406,1776019406,True,0,0,0.5,False,0,True,False,one best indie game ever played,0.765,1
222914223,english,Probably one of the Best games Ever Made,1775783470,1775783470,True,0,0,0.5,False,0,True,False,probably one best game ever made,0.6369,1
222272691,english, harvest moon but better im addicted,1775070037,1775070037,True,0,0,0.5,False,0,True,False,harvest moon better im addicted,0.5927,1
221985201,english,what the hell. why is this game took 41 hours of my life in three days,1774761108,1774761108,True,0,0,0.5,False,0,True,False,hell game took hour life three day,-0.6808,1
222784918,english,It's my favorite of all times. I have no words to describe this perfection 🥹😭❤️,1775619722,1775619722,True,1,0,0.5238095521926879,False,0,True,False,favorite time word describe perfection,0.7331,1
222154943,english,"my friends forced me to play this, never touched it again",1774935118,1774935118,True,0,0,0.4545454680919647,False,0,True,False,friend forced play never touched,0.3612,1
223660295,english,It's better than al similar games i've played.,1776633448,1776633448,True,0,0,0.5,False,0,True,False,better al similar game ive played,0.6486,1
223605475,english,"PEAK game😭😭💛💛💛💛💛💛💛💛💛💛💛💛💛💛
i hope the developers update new NPC or new area to explore",1776588728,1776588728,True,0,0,0.5,False,0,True,False,peak game hope developer update new npc new area explore,0.4404,1
223574277,english,"Found cookies rummaging through the townfolk's bins

10/10",1776552131,1776552131,True,0,0,0.5,False,0,True,False,found cooky rummaging townfolks bin,0.0,1
223278548,english,ITS THE MOST AMAZING STORY ROLE PLAYER EVER,1776213204,1776213204,True,0,0,0.5,False,0,True,False,amazing story role player ever,0.624,1
223275231,english,i love this game so much im going to marry alex,1776208401,1776208401,True,0,0,0.5,False,0,True,False,love game much im going marry alex,0.6369,1
223136740,english,Do you really need someone else to tell you this game is good?,1776025663,1776025663,True,0,0,0.5,False,0,True,False,really need someone else tell game good,0.4404,1
222832810,english,"If games were food, this would be a home-cooked meal",1775679548,1775679548,True,0,0,0.5,False,0,True,False,game food would homecooked meal,0.0,1
222817451,english,The relaxing atmosphere where you decide yourself how much you want to perform.,1775664680,1775664680,True,0,0,0.5,False,0,True,False,relaxing atmosphere decide much want perform,0.5423,1
222798152,english,i literally cant think of a better game.,1775643082,1775643082,True,0,0,0.5,False,0,True,False,literally cant think better game,-0.3412,1
222208893,english,Possibly one of the best games I've ever played.,1774992552,1774992552,True,0,0,0.5,False,0,True,False,possibly one best game ive ever played,0.765,1
222067706,english,One of the great games ever created - buy it now!,1774832456,1774832456,True,0,0,0.5,False,0,True,False,one great game ever created buy,0.75,1
224167074,english,I can't get enough of this game. I simply love it.,1777231225,1777231225,True,0,0,0.5,False,0,True,False,cant get enough game simply love,0.6369,1
223188909,english,I wish harvest-moon dev can learn from this dev man...,1776098269,1776098269,True,0,0,0.5,False,0,True,False,wish harvestmoon dev learn dev man,0.4019,1
222991629,english,ABSOLUTE CINEMA PEAK GAME PLAY. WILL FOR HOURS,1775879112,1775879112,True,0,0,0.5,False,0,True,False,absolute cinema peak game play hour,0.34,1
222829896,english,I LOVE FARM LOVE SIM YESS LOVE SO MUCH YES,1775676592,1775676592,True,0,0,0.5,False,0,True,False,love farm love sim yes love much yes,0.9484,1
222597313,english,It's really addictive. I highly recommend.,1775407994,1775407994,True,0,0,0.5,False,0,True,False,really addictive highly recommend,0.469,1
222333252,english,most addicting game i've ever played,1775142885,1775142885,True,0,0,0.5,False,0,True,False,addicting game ive ever played,0.34,1
224125124,english,One of the best farming / mining game ever,1777193853,1777193853,True,0,0,0.5,False,0,True,False,one best farming mining game ever,0.6369,1
223378168,english,"I didn't know what to say, so here's a cheesecake recipe for you!

Ingredients for the Easiest Cheesecake Recipe
For the base:

1.5 packages of oat biscuits
50 gr butter
For the cream:

Half a cup of flour
Half a cup of cornstarch
1 cup of granulated sugar
3 cups of milk (600 ml)
1 egg yolk
1 packet of vanilla
300 gr cream cheese
1.5 tablespoons of butter
For the topping:

1.5 cups of water
Juice of 2 lemons
Grated zest of 2 lemons
1 teacup of sugar
1 level teaspoon of turmeric
2 tablespoons of cornstarch (heaping)
For decoration:

Mint leaves
Lemon slices
Blueberries
How to Make the Easiest Cheesecake?
Add Note
Print Recipe
For the easiest lemon cheesecake recipe, first, grind the oat biscuits into flour using a food processor.
Add the melted butter and mix well.
Pour the prepared batter into a 24 cm diameter cake pan lined with parchment paper. Spread it evenly, then press down with a spoon to create the biscuit base of our cheesecake. Refrigerate until you prepare the cream. For the cream, whisk together the flour, cornstarch, sugar, milk, and egg yolks in a suitable saucepan. Turn on the heat and cook, stirring constantly, until it boils and thickens. Once the cream is cooked, turn off the heat. Add the labneh, butter, and vanilla and whisk with a mixer. Pour the prepared cream over the biscuit base. After it cools slightly, refrigerate. For the lemon sauce, combine the water, lemon juice, lemon zest, sugar, turmeric, and cornstarch in a saucepan. Cook, stirring constantly, until it boils. Remove the cooked custard from the heat and, after it cools slightly, pour it over the cream. Let the dessert rest overnight. Remove from the mold and decorate as desired before serving. Here's the easiest cheesecake recipe! Enjoy!",1776352681,1776352681,True,0,0,0.5,False,0,True,False,didnt know say here cheesecake recipe ingredient easiest cheesecake recipe base package oat biscuit gr butter cream half cup flour half cup cornstarch cup granulated sugar cup milk ml egg yolk packet vanilla gr cream cheese tablespoon butter topping cup water juice lemon grated zest lemon teacup sugar level teaspoon turmeric tablespoon cornstarch heaping decoration mint leaf lemon slice blueberry make easiest cheesecake add note print recipe easiest lemon cheesecake recipe first grind oat biscuit flour using food processor add melted butter mix well pour prepared batter cm diameter cake pan lined parchment paper spread evenly press spoon create biscuit base cheesecake refrigerate prepare cream cream whisk together flour cornstarch sugar milk egg yolk suitable saucepan turn heat cook stirring constantly boil thickens cream cooked turn heat add labneh butter vanilla whisk mixer pour prepared cream biscuit base cool slightly refrigerate lemon sauce combine water lemon juice lemon zest sugar turmeric cornstarch saucepan cook stirring constantly boil remove cooked custard heat cool slightly pour cream let dessert rest overnight remove mold decorate desired serving here easiest cheesecake recipe enjoy,0.9704,1
223343907,english,"Great game, i threw half my life away for this.
",1776302336,1776302336,True,0,0,0.5,False,0,True,False,great game threw half life away,0.6249,1
223243265,english,got a chicken and suffered the duties of chicken 10/10000000000000000,1776175131,1776175131,True,0,0,0.5,False,1,True,False,got chicken suffered duty chicken,-0.4939,1
222226550,english,I fixed shane and im excited to fix clint,1775014804,1775014804,True,0,0,0.5,False,0,True,False,fixed shane im excited fix clint,0.34,1
223751242,english,my dog yogi is lovely and if u have a friend u dont have to lift a finger #easy mode ^_^,1776744898,1776744898,True,1,0,0.5238095521926879,False,0,True,False,dog yogi lovely u friend u dont lift finger easy mode,0.7906,1
222466234,english,Love tho wish there was a sex sceen with harvery,1775279928,1775279928,True,1,0,0.5199999809265136,False,0,True,False,love tho wish sex sceen harvery,0.7845,1
223404109,english,THE FARM MUST GROW!!! OPTIMIZE OPTIMIZE OPTIMIZE!!!!!!!!!!!!,1776379817,1776379817,True,0,0,0.5,False,0,True,False,farm must grow optimize optimize optimize,0.8209,1
222777470,english,peak. although i cant figure out what to do next T-T,1775608649,1775608649,True,0,0,0.5,False,0,True,False,peak although cant figure next tt,0.0,1
222634840,english,hell yeah brother cool game man,1775442857,1775442857,True,0,0,0.5,False,0,True,False,hell yeah brother cool game man,-0.2732,1
222349225,english,"This game make me feel well, thank you for this game❤",1775156661,1775156661,True,0,0,0.5,False,0,True,False,game make feel well thank game,0.5574,1
224051108,english,Real stardew enjoyers know we all goon to Leah,1777118510,1777118510,True,0,1,0.4761904776096343,False,0,True,False,real stardew enjoyer know goon leah,0.4939,1
222699906,english,concernedape should let me have an affair with the wizard,1775512460,1775512460,True,1,0,0.5238095521926879,False,0,True,False,concernedape let affair wizard,0.0,1
222913772,english,i have a cat now and i like him. I named him Hammy and he is the sweetest boy. he sleeps on my bed with me.,1775782824,1775782824,True,1,0,0.5199999809265136,False,0,True,False,cat like named hammy sweetest boy sleep bed,0.3612,1
224230710,english,"i just like to marry Emily, i don't care about the rest.",1777313793,1777313793,True,0,0,0.5,False,0,True,False,like marry emily dont care rest,-0.033,1
223126723,english,Look at my amount of hours played. 'nuff said.,1776017105,1776017105,True,0,0,0.5,False,1,True,False,look amount hour played nuff said,0.34,1
221992972,english,"Every Time I Play This Game , My Face Is Like This : 😋😆😊🥲",1774769994,1774769994,True,0,0,0.5,False,0,True,False,every time play game face like,0.5994,1
222480211,english,"I picked this up mainly because I love pixel games, and yeah, the art is great—but I didn’t expect to get this into it.

It starts off simple, just farming and figuring things out, but then you slowly get attached to everything. Your farm, the routines, even the villagers. I kept telling myself “just one more day” and suddenly hours were gone.

Came for the pixel art, stayed because it somehow became part of my daily routine.",1775296655,1775296655,True,9,1,0.6308724880218505,False,1,True,False,picked mainly love pixel game yeah art greatbut didnt expect get start simple farming figuring thing slowly get attached everything farm routine even villager kept telling one day suddenly hour gone came pixel art stayed somehow became part daily routine,0.4939,1
222645770,english,"This game is perfect. Makes you want to quit your dead-end job and start a new life in a farm, where everything is simple and fun.",1775457746,1775457746,True,9,0,0.6296296119689941,False,0,True,False,game perfect make want quit deadend job start new life farm everything simple fun,0.8074,1
221914450,english,"The game is now past ten years old, and I still can't fathom that this all came from the brain of one guy. An absolute must buy for every kind of player; I must've got my money's worth a million times over by now! Not to mention that the game has an amazing modding scene if you find yourself searching for more content, I'd recommend giving it a try at least once to put a fresh spin on the game. There's honestly not much I can say that hasn't been said before by the three hundred thousand other reviews, so I'll direct this mostly to the friends of my account that will actually see this. 

If you haven't tried Stardew, what the hell are you doing?",1774701476,1774701476,True,7,3,0.6128857731819152,False,1,True,False,game past ten year old still cant fathom came brain one guy absolute must buy every kind player mustve got money worth million time mention game amazing modding scene find searching content id recommend giving try least put fresh spin game there honestly much say hasnt said three hundred thousand review ill direct mostly friend account actually see havent tried stardew hell,0.9178,1
223704864,english,Absolute cinema 10 years now still fire,1776694301,1776694301,True,0,0,0.5,False,0,True,False,absolute cinema year still fire,-0.34,1
223312189,english,deserves all of its hype and more. This game is revolutionary for farming sims and is always so fun to play,1776265532,1776265532,True,6,0,0.6000000238418579,False,2,True,False,deserves hype game revolutionary farming sims always fun play,0.7848,1
222913359,english,I wish I would have bought it a decade ago! Must play,1775782259,1775782259,True,0,0,0.5,False,0,True,False,wish would bought decade ago must play,0.6588,1
222686448,english,"Every so often I remember this game exists and then I go to sleep at 11pm instead of going to bed early like a job haver.
Cannot recommend it enough",1775499551,1775499551,True,4,0,0.56521737575531,False,0,True,False,every often remember game exists go sleep pm instead going bed early like job haver recommend enough,0.1002,1
223469480,english,i bought this two weeks ago and have almost 90 hours.,1776451477,1776451477,True,0,0,0.5,False,0,True,False,bought two week ago almost hour,0.0,1
223147703,english,wish i had a grandpa that gave me a piece of land to do whatever,1776037691,1776037691,True,0,0,0.5,False,0,True,False,wish grandpa gave piece land whatever,0.4019,1
222470703,english,I love Stardew. Abigail is also the best girl.,1775285566,1775285566,True,0,0,0.5,False,0,True,False,love stardew abigail also best girl,0.8555,1
222038311,english,Everyone is great except Mayor Lewis.,1774806443,1774806443,True,0,0,0.5,False,0,True,False,everyone great except mayor lewis,0.6249,1
222147895,english,Game is awesome. Thank you Concerned Ape,1774924965,1774924965,True,0,0,0.5,False,0,True,False,game awesome thank concerned ape,0.765,1
223668289,english,smooch wizard man. next update pls,1776642559,1776642559,True,0,0,0.5,False,0,True,False,smooch wizard man next update pls,0.0772,1
222685817,english,"my wife pees on me every time I annoy her in this game, 10/10",1775498993,1775498993,True,0,1,0.5,False,0,True,False,wife pee every time annoy game,-0.4404,1
222380277,english,so good it makes my cooter goopy rawr XD :3,1775192191,1775192191,True,0,0,0.5,False,0,True,False,good make cooter goopy rawr xd,0.9006,1
223948540,english,high octane tek for serious gamers only,1776993314,1776993314,True,1,0,0.5,False,0,True,False,high octane tek serious gamers,-0.0772,1
222464363,english,gf recommended it to me then i recommended it to my mom. we're all obsessed now 💖,1775277626,1775277626,True,0,0,0.5,False,0,True,False,gf recommended recommended mom obsessed,0.2263,1
222769554,english,You have to have an IQ of 60 or be female to enjoy this boring garbage game.,1775598309,1775598309,False,2,0,0.3910633921623229,False,2,True,False,iq female enjoy boring garbage game,0.1469,0
223407640,english,"Seems Decent, Think I Need To Play It A Bit More To Be Sure",1776384752,1776384752,True,4,0,0.5862069129943847,False,1,True,False,seems decent think need play bit sure,0.6077,1
222395453,english,how the hell have i got 100 hours i haven't even got to year 3 💀,1775212732,1775212732,True,0,0,0.5,False,0,True,False,hell got hour havent even got year,-0.6808,1
222148306,english,my friend keaton is awesome. i love you keaton,1774925498,1774925498,False,0,0,0.4836345911026,False,1,True,False,friend keaton awesome love keaton,0.91,0
223387571,english,peak I asked my fine ♥♥♥♥ out and she said ew no very realistic.,1776362010,1776362010,True,0,0,0.5,False,0,True,False,peak asked fine said ew realistic,-0.1027,1
223399193,english,"I would reccomend , a shame that the kids are not marrigable though.",1776373645,1776373645,True,0,0,0.4761904776096343,False,0,True,False,would reccomend shame kid marrigable though,-0.4767,1
223879881,english,this game makes me feel like a stardewer instead of a stardon'ter,1776905022,1776905022,True,0,0,0.5,False,0,True,False,game make feel like stardewer instead stardonter,0.3612,1
222347415,english,"Don't believe my hours, I had 4000+ on my switch, and I managed to hit perfection the MINUTE year 3 started :drool: :drool: :fire: :fire: :happy: :steam_happy: :help: :thjey're melting my bones: :I: :drank: :the: :bone: :hurting: :juice:",1775155110,1775155110,True,0,0,0.5,False,0,True,False,dont believe hour switch managed hit perfection minute year started drool drool fire fire happy steamhappy help thjeyre melting bone drank bone hurting juice,0.5719,1
222409519,english,Farming is really relaxing and Leah is lowk bad ✌🏻,1775226301,1775226301,True,0,0,0.5,False,0,True,False,farming really relaxing leah lowk bad,-0.0018,1
222593210,english,"IT ,S SOOOOOOOOOOOOOOOOOOOOOOOOOOOOOOOOOOOOOOOOOOOOOOOOOOOOOOOOOOOOOOOOOOOOOOOOOOOOOOOO FUN",1775404811,1775404811,True,0,0,0.5,False,0,True,False,soooooooooooooooooooooooooooooooooooooooooooooooooooooooooooooooooooooooooooooooo fun,0.5106,1
222783039,english,"surely one more day before i go make dinner. surely one more day before i go to bed. oh crap, i've got to be at work in 10 minutes",1775616714,1775616714,True,1,0,0.5238095521926879,False,0,True,False,surely one day go make dinner surely one day go bed oh crap ive got work minute,0.4939,1
224163614,english,"""Nature plays a wonderful tune if you can only learn to listen.""
                                                                                     -Linus",1777228397,1777228397,True,0,0,0.5,False,0,True,False,nature play wonderful tune learn listen linus,0.6908,1
222508715,english,Very addicting FARM FARM FARM FARM FARM FARM FARM FARM FARM FARM FARM FARM FARM FARM FARM FARM FARM FARM FARM FARM FARM FARM FARM FARM FARM FARM FARM FARM FARM FARM FARM FARM FARM FARM FARM FARM FARM FARM FARM FARM FARM FARM FARM FARM FARM FARM FARM FARM FARM FARM FARM FARM FARM FARM FARM FARM FARM FARM FARM FARM FARM FARM FARM FARM FARM FARM FARM FARM FARM FARM FARM FARM FARM FARM FARM FARM FARM FARM FARM FARM FARM FARM FARM FARM FARM FARM FARM FARM FARM FARM FARM FARM FARM FARM,1775321177,1775321177,True,0,0,0.5,False,0,True,False,addicting farm farm farm farm farm farm farm farm farm farm farm farm farm farm farm farm farm farm farm farm farm farm farm farm farm farm farm farm farm farm farm farm farm farm farm farm farm farm farm farm farm farm farm farm farm farm farm farm farm farm farm farm farm farm farm farm farm farm farm farm farm farm farm farm farm farm farm farm farm farm farm farm farm farm farm farm farm farm farm farm farm farm farm farm farm farm farm farm farm farm farm farm farm farm,0.0,1
222734908,english,I will never choose anyone else other than hailey..,1775564071,1775564071,True,2,0,0.5278970003128051,False,0,True,False,never choose anyone else hailey,0.0,1
223225402,english,And we farm and we farm and we farm and we farm and we farm and we farm and we farm and we farm and we farm and we farm and we farm and we farm and we farm and we farm and we farm and we farm and we farm and we farm and we farm and we farm and we farm and we farm and we farm and we farm and we farm and we farm and we farm and we farm and we farm and we farm and we farm and we farm and we farm and we farm and we farm and we farm and we farm and we farm and we farm and we farm and we farm and we farm and we farm and we farm and we farm and we farm and we farm and we farm and we farm and we farm and we farm and we farm and we farm and we farm and we farm and we farm and we farm and we farm and we farm and we farm and we farm and we farm and we farm and we farm and we farm and we farm and we farm and we farm and we farm and we farm and we farm and we farm and we farm and we farm and we farm and we farm and we farm and we farm and we farm and we farm and we farm and we farm and we farm and we farm and we farm and we farm and we farm and we farm and we farm and we farm and we farm and we farm and we farm and we farm and we farm and we farm and we farm and we farm and we farm and we farm and we farm and we farm and we farm and we farm and we farm and we farm and we farm and we farm and we farm and we farm and we farm and we farm and we farm and we farm and we farm and we farm and we farm and we farm and we farm and we farm and we farm and we farm and we farm and we farm and we farm and we farm and we farm and we farm and we farm and we farm and we farm and we farm and we farm and we farm and we farm and we farm and we farm and we farm and we farm and we farm and we farm and we farm and we farm and we farm and we farm and we farm and we farm and we farm and we farm and we farm and we farm and we farm and we farm and we farm and we farm and we farm and we farm and we farm and we farm and we farm and we farm and we farm and we farm and we farm and we farm and we farm and we farm and we farm and we farm and we farm and we farm and we farm and we farm and we farm and we farm and we farm and we farm and we farm and we farm and we farm and we farm and we farm and we farm and we farm and we farm and we farm and we farm and we farm and we farm and we farm and we farm and we farm and we farm and we farm and we farm and we farm and we farm and we farm and we farm and we farm and we farm and we farm and we farm and we farm and we farm and we farm and we farm and we farm and we farm and we farm and we farm and we farm and we farm and we farm and we farm and we farm,1776148053,1776148053,True,0,0,0.5,False,0,True,False,farm farm farm farm farm farm farm farm farm farm farm farm farm farm farm farm farm farm farm farm farm farm farm farm farm farm farm farm farm farm farm farm farm farm farm farm farm farm farm farm farm farm farm farm farm farm farm farm farm farm farm farm farm farm farm farm farm farm farm farm farm farm farm farm farm farm farm farm farm farm farm farm farm farm farm farm farm farm farm farm farm farm farm farm farm farm farm farm farm farm farm farm farm farm farm farm farm farm farm farm farm farm farm farm farm farm farm farm farm farm farm farm farm farm farm farm farm farm farm farm farm farm farm farm farm farm farm farm farm farm farm farm farm farm farm farm farm farm farm farm farm farm farm farm farm farm farm farm farm farm farm farm farm farm farm farm farm farm farm farm farm farm farm farm farm farm farm farm farm farm farm farm farm farm farm farm farm farm farm farm farm farm farm farm farm farm farm farm farm farm farm farm farm farm farm farm farm farm farm farm farm farm farm farm farm farm farm farm farm farm farm farm farm farm farm farm,0.0,1
223059587,english,My friend who I play CS 2 with said if I post a review on this game and it gets 400 likes and 40 Awards that he will buy me a RTX 4070ti and 2 Kilos of canned ham. So I'm just gonna leave this here! Help a brotha out!,1775946701,1775946701,True,0,0,0.5,False,0,True,False,friend play c said post review game get like award buy rtx ti kilo canned ham im gon na leave help brotha,0.9258,1
220664122,english,"Cant believe Stardew Valley is already 10 years old fr.
600mb+ is such a small file size, just a few mins to download. But at the same time, its also huge enough to contain the life Ive always dreamed of.",1773505202,1773505202,True,446,13,0.9600769877433776,False,7,True,False,cant believe stardew valley already year old fr mb small file size min download time also huge enough contain life ive always dreamed,0.4497,1
219885487,english,"[h2] The gold Standard of Cozy Gaming [/h2] 
​It is genuinely mind-blowing to think that Stardew Valley was created by just one person. When you compare it to other titles—which I won't name—that stay stuck in Early Access for years despite having entire studios behind them, Eric Barone’s achievement is even more impressive. This isn't just a farming sim; it is a labor of love that has become the definitive blueprint for what a ""cozy game"" should be.

​The beauty of Stardew is that the pacing is entirely up to you. You can play it as a chill, relaxing escape where you just enjoy the scenery, or you can go full ""hard-grind"" mode and try to complete the Community Center challenge in a single year. Whether you want to min-max your profits or just spend your days fishing, the game never forces a specific playstyle on you. With the variety of seasons, festivals, unique crops, and hidden secrets, there is always something new to discover. You are never limited to just farming; you can be a miner, a combat specialist, or a master socialite.

​Especially after the massive 1.6 update, the endgame and progression feel unmatched. There is a deeply satisfying arc to going from a struggling farmer who uses all their energy just watering a few parsnips, to becoming the ""Overlord of Stardew Valley"" with automated systems and total freedom. You can customize your farm to your exact liking, maximize your millions, or simply focus on building your dream life—getting married, having kids, and becoming the heart of the town.

​Honestly, it’s a massive time sink where the ""just one more day"" feeling hits harder than almost any other game I’ve played. It’s a masterpiece on every platform, and while it’s incredible solo, it’s especially fun if you have a group of friends to run the farm with. If you haven't played this yet, you are missing out on one of the greatest gaming experiences ever made.",1772720830,1772720830,True,130,1,0.892912209033966,False,0,True,False,h gold standard cozy gaming h genuinely mindblowing think stardew valley created one person compare titleswhich wont namethat stay stuck early access year despite entire studio behind eric barones achievement even impressive isnt farming sim labor love become definitive blueprint cozy game beauty stardew pacing entirely play chill relaxing escape enjoy scenery go full hardgrind mode try complete community center challenge single year whether want minmax profit spend day fishing game never force specific playstyle variety season festival unique crop hidden secret always something new discover never limited farming miner combat specialist master socialite especially massive update endgame progression feel unmatched deeply satisfying arc going struggling farmer us energy watering parsnip becoming overlord stardew valley automated system total freedom customize farm exact liking maximize million simply focus building dream lifegetting married kid becoming heart town honestly massive time sink one day feeling hit harder almost game ive played masterpiece every platform incredible solo especially fun group friend run farm havent played yet missing one greatest gaming experience ever made,0.9955,1
217827518,english,"---{ Graphics }---
☐ You forget what reality is
☐ Beautiful
☑ Good
☐ Decent
☐ Bad
☐ Don‘t look too long at it

---{ Gameplay }---
☑ Very good
☐ Good
☐ It's just gameplay
☐ Mehh
☐ Watch paint dry instead
☐ Just don't

---{ Audio }---
☐ Eargasm
☑ Very good
☐ Good
☐ Not too bad
☐ Bad
☐ I'm now deaf

---{ Audience }---
☑ Kids
☑ Teens
☑ Adults
☐ Grandma

---{ PC Requirements }---
☐ Check if you can run paint
☑ Potato
☐ Decent
☐ Fast
☐ Rich boi
☐ Ask NASA if they have a spare computer

---{ Game Size }---
☐ Floppy Disk
☑ Old Fashioned
☐ Workable
☐ Big
☐ Will eat 10% of your 1TB hard drive
☐ You will want an entire hard drive to hold it
☐ You will need to invest in a black hole to hold all the data

---{ Difficulty }---
☐ Just press 'W'
☐ Easy
☑ Easy to learn / Hard to master
☐ Significant brain usage
☐ Difficult
☐ Dark Souls

---{ Story }---
☐ No Story
☐ Some lore
☐ Average
☐ Good
☑ Lovely
☐ It'll replace your life

---{ Game Time }---
☐ Long enough for a cup of coffee
☐ Short
☐ Average
☐ Long
☑ To infinity and beyond

---{ Price }---
☐ It's free!
☑ Worth the price
☐ If it's on sale
☐ If u have some spare money left
☐ Not recommended
☐ You could also just burn your money

---{ Bugs }---
☐ Never heard of
☑ Minor bugs
☐ Can get annoying
☐ ARK: Survival Evolved
☐ The game itself is a big terrarium for bugs

---{ ? / 10 }---
☐ 1
☐ 2
☐ 3
☐ 4
☐ 5
☐ 6
☐ 7
☐ 8
☐ 9
☑ 10",1770518079,1770518079,True,196,16,0.8867830038070678,False,0,True,False,graphic forget reality beautiful good decent bad dont look long gameplay good good gameplay mehh watch paint dry instead dont audio eargasm good good bad bad im deaf audience kid teen adult grandma pc requirement check run paint potato decent fast rich boi ask nasa spare computer game size floppy disk old fashioned workable big eat tb hard drive want entire hard drive hold need invest black hole hold data difficulty press w easy easy learn hard master significant brain usage difficult dark soul story story lore average good lovely itll replace life game time long enough cup coffee short average long infinity beyond price free worth price sale u spare money left recommended could also burn money bug never heard minor bug get annoying ark survival evolved game big terrarium bug,0.9751,1
219720236,english,"Happy 10th Anniversary, Stardew Valley.
It’s hard to believe this is my sixth year playing this game.

I don’t know if you’ll ever see this, ConcernedApe, but I need to say it anyway. Thank you for saving my life.

Over the past six years, during countless moments when I felt like I couldn’t go on, when I wanted to disappear, your game healed me. It gave me warmth, strength, and a sense of connection.

When I was disappointed in the world and in myself, Stardew Valley accepted me. It gave me belonging. It gave me a home.

I saw myself in the villagers of Pelican Town, their loneliness, confusion, quiet pressure, and small hopes mirrored my own. The music comforted me through breakdowns more times than I can count. It calmed the parts of me that wanted to vanish.

Sometimes I watch your interviews. Hearing you talk about the pressure, the self-doubt, the anxiety, and the perfectionism you faced while creating this game made me feel less alone. When I was writing my PhD dissertation and drowning in my own doubt, I felt understood.

Your pure love for what you created reminded me that doing one thing with sincerity and idealism still has meaning.

Because of you, I truly understood what games can be.
They can cross time and space and reach a desperate soul.

I have graduated with my PhD, but new challenges have followed. I immigrated to a new country. The language, the culture, and the life here are all unfamiliar. Even the PhD degree I worked so hard for sometimes feels like it has no place here. I feel like I have lost my ability and am even afraid to go out and face people and the world. I trapped myself in my room day by day. I miss my family and friends on the other side of the earth. I feel lonely again.

So I opened Stardew Valley once more.

I started a new save file, just like my real life, beginning from nothing and slowly rebuilding.

I know Pelican Town will flourish again.
I know I’ll go from stranger to family with its villagers.

Maybe that means I will build a home here too, one day.
Little by little. Season by season.

That is what I hope for.
And I’m still trying.

Thank you, ConcernedApe.
I don’t think my gratitude will ever fit into words. I really wish that one day I could tell you this in person.

Thank you for showing the world that loving something purely, and doing it with your whole heart, is enough to give it meaning.

Stardew Valley, thank you for the joy and hope you have given me.
I believe you’ve saved countless people like me.

Happy 10th anniversary.
Here’s to twenty, thirty, forty more years. 🌱",1772556399,1772556399,True,143,11,0.8749603629112243,False,0,True,False,happy th anniversary stardew valley hard believe sixth year playing game dont know youll ever see concernedape need say anyway thank saving life past six year countless moment felt like couldnt go wanted disappear game healed gave warmth strength sense connection disappointed world stardew valley accepted gave belonging gave home saw villager pelican town loneliness confusion quiet pressure small hope mirrored music comforted breakdown time count calmed part wanted vanish sometimes watch interview hearing talk pressure selfdoubt anxiety perfectionism faced creating game made feel less alone writing phd dissertation drowning doubt felt understood pure love created reminded one thing sincerity idealism still meaning truly understood game cross time space reach desperate soul graduated phd new challenge followed immigrated new country language culture life unfamiliar even phd degree worked hard sometimes feel like place feel like lost ability even afraid go face people world trapped room day day miss family friend side earth feel lonely opened stardew valley started new save file like real life beginning nothing slowly rebuilding know pelican town flourish know ill go stranger family villager maybe mean build home one day little little season season hope im still trying thank concernedape dont think gratitude ever fit word really wish one day could tell person thank showing world loving something purely whole heart enough give meaning stardew valley thank joy hope given believe youve saved countless people like happy th anniversary here twenty thirty forty year,0.9981,1
220551632,english,"stardew is in my top 5 for favorite games. no matter how many times i replay it; it never loses it's charm. HOWEVER i'd like to speak to the person who said this was a ""cozy game"". this is one of the most stressful farming games i've ever seen. from getting attacked by 6 serpents in the skull caverns, trying to beat lewis's high score in junimo kart, being greedy and staying in the mines knowing it's almost 2am to finding an auto-petter and needing an entire wiki page open while you play. none of that screams cozy to me

and yet i still love this game 10/10",1773392139,1773506535,True,57,27,0.8393338918685913,False,0,True,False,stardew top favorite game matter many time replay never loses charm however id like speak person said cozy game one stressful farming game ive ever seen getting attacked serpent skull cavern trying beat lewis high score junimo kart greedy staying mine knowing almost finding autopetter needing entire wiki page open play none scream cozy yet still love game,0.5422,1
217661074,english,"Stardew Valley, what do i have to say about you? Without any intention of, ConcernedApe created one of the best indie games of all time. A one-man game who made many people feel happy and hopeful about life again, just with some pixels and a farmer.

The story starts with our grandfather giving us his land, where he worked and dreamed of a better life for everyone in the valley. But since he did not succeed, he passed on his dream to us to be fulfilled. To make the farm more beautiful than it ever was, to help the people of the valley, and to restore harmony in nature. 

To finish, Stardew Valley is definetly a game that will always make story, even if it stops updating, because the creator made possible that it receives a fanbase of love and respect.
",1770334116,1770334116,True,66,0,0.8204022645950317,False,1,True,False,stardew valley say without intention concernedape created one best indie game time oneman game made many people feel happy hopeful life pixel farmer story start grandfather giving u land worked dreamed better life everyone valley since succeed passed dream u fulfilled make farm beautiful ever help people valley restore harmony nature finish stardew valley definetly game always make story even stop updating creator made possible receives fanbase love respect,0.9897,1
219320102,english,"It's not an overstatement to say this game is easily Top-5 games of all time, and I'd go so far as to say the #1 for co-op gaming on Steam.

It's cosy, it's challenging without being a massive grind, it's SUPER fun with friends, it's fantastic for all ages. This game has sat in my Steam favourites for years, and there it will stay.",1772170767,1772170767,True,23,0,0.710544466972351,False,0,True,False,overstatement say game easily top game time id go far say coop gaming steam cosy challenging without massive grind super fun friend fantastic age game sat steam favourite year stay,0.9609,1
219355955,english,"best game, 100/10. Must farm, must fish, must mine, must forage, must dig in the trashes. ALSO HAPPY 10 YEARS OF THIS BEAUTIFULLY CRAFTED GAME!",1772207785,1772207785,True,26,2,0.7069178819656372,False,0,True,False,best game must farm must fish must mine must forage must dig trash also happy year beautifully crafted game,0.9367,1
218572946,english,"Stardew Valley is fantastic. It reminds me of playing Harvest Moon back in middle school, but it adds so much more depth and freedom. My partner and I play together all the time, and it’s honestly become one of our favorite ways to spend time together.

And even once you’ve seen most of what the base game offers, the modding scene is enormous — you can basically reinvent the game whenever it starts to feel familiar.

If you enjoy cozy, progression-based games, this is easily some of the best value you’ll ever get.",1771368544,1771368544,True,24,0,0.7034277319908142,False,0,True,False,stardew valley fantastic reminds playing harvest moon back middle school add much depth freedom partner play together time honestly become one favorite way spend time together even youve seen base game offer modding scene enormous basically reinvent game whenever start feel familiar enjoy cozy progressionbased game easily best value youll ever get,0.9901,1
219967074,english,"Lovely world and wholesome writing. This is what Heaven on Earth should be like.
It's a game you want to keep playing because it is, not because there's something to beat.",1772791916,1772791916,True,24,2,0.6870957612991333,False,0,True,False,lovely world wholesome writing heaven earth like game want keep playing there something beat,0.8934,1
217055775,english,"This game is very addictive. I started it recently and have been hooked to it. There is a lot to do, so you won't get bored for a long time. The progress is very rewarding, and new content keeps on unlocking giving a feeling of accomplishment. It works flawlessly on the Steam Deck, although somehow I can zoom out more when playing on the PC. The best thing is that it can be played at your own pace, and nothing is missed even if the season changes. Overall this is one of the best 10 bucks I ever spent.",1769641725,1769641725,True,24,0,0.6825730800628662,False,0,True,False,game addictive started recently hooked lot wont get bored long time progress rewarding new content keep unlocking giving feeling accomplishment work flawlessly steam deck although somehow zoom playing pc best thing played pace nothing missed even season change overall one best buck ever spent,0.9771,1
217521424,english,"This is one of the best games ever made by one person, Eric Barone. At first, I didn’t understand why people got hooked on it, but you have to be patient and enjoy building your farm over time until you want to unlock everything. Or you can give up and play something else that takes less time to reward yourself.",1770156938,1770156938,True,20,0,0.6514562964439392,False,0,True,False,one best game ever made one person eric barone first didnt understand people got hooked patient enjoy building farm time want unlock everything give play something else take less time reward,0.9442,1
219909096,english,i relly like it like evry day so i recomed it and its also fun if u dont like acion games or bad or hates pvp and likes to be the most friendabl person there,1772738770,1772738770,True,14,2,0.5998813509941101,False,0,True,False,relly like like evry day recomed also fun u dont like acion game bad hate pvp like friendabl person,0.7351,1
219342765,english,"I love this game and I cannot believe, that I haven't write a review for it until now!

Everything about Stardew Valley is awesome:
 - The visuals: cute and pleasant. Can't get enough of it.
 - The music: relaxing, perfectly represanting seasons. Lovely to listen to while having a nice walk.
 - The gameplay: perfect! No time pressure, friendly, great ammount of activities to choose from. You can focus on socializing or farming, you can fish as much as you want or explore the mines - the choice is yours.
 - The game evolved a lot since I've played it for the first time in 2016 (added co-op, different type of farms, more stories). It's amazing to see this lovely game growing and keeping me going back for more.

10/10 - marked as my favorite game. Whenever I want to relax and feel like I have my own little garden, I just start the Stardew Valley to put a smile on my face.

If you like relaxing pixel art styled, little town farming game, but you still don't have Stardew Valley - what are you waiting for? It's worth every buck. :)",1772196529,1772196529,True,5,0,0.5649108290672302,False,1,True,False,love game believe havent write review everything stardew valley awesome visuals cute pleasant cant get enough music relaxing perfectly represanting season lovely listen nice walk gameplay perfect time pressure friendly great ammount activity choose focus socializing farming fish much want explore mine choice game evolved lot since ive played first time added coop different type farm story amazing see lovely game growing keeping going back marked favorite game whenever want relax feel like little garden start stardew valley put smile face like relaxing pixel art styled little town farming game still dont stardew valley waiting worth every buck,0.9905,1
217848138,english,"If you’re not a fan of slow-paced gameplay, this probably won’t be for you. I’ve watched videos about how challenging the development process was, and I have a lot of respect for the effort that went into it—and for Eric Barone’s well-deserved success.

That said, it ultimately comes down to personal preference, and the gameplay style just isn’t for me.",1770544804,1770544804,False,18,2,0.5517786741256713,False,2,True,False,youre fan slowpaced gameplay probably wont ive watched video challenging development process lot respect effort went itand eric barones welldeserved success said ultimately come personal preference gameplay style isnt,0.7534,0
220248799,english,"I don't know how many consoles I've played this on or how many times I've bought it, but it is definitely a must have for any farming sim lover. 
The fact that one person basically put out this whole game by himself is absolutely bonkers!
I do wish there were more romanceable NEW partners introduced, not just rehashing old villagers to fit that criteria later on. Or more biomes/parts of the world would be neat. But I feel like I should just be happy that this game is still being tended to 10 years after being released. My favourite part of the game is how you can pick different settings for your farm at the beginning, it's really original and makes different play-throughs fun.
Overall it's a pretty well fleshed out game and I would consider it a classic at this point. Cozy, easy, and the world is your oyster.",1773031826,1773031826,True,2,0,0.5468127727508544,False,0,True,False,dont know many console ive played many time ive bought definitely must farming sim lover fact one person basically put whole game absolutely bonkers wish romanceable new partner introduced rehashing old villager fit criterion later biomesparts world would neat feel like happy game still tended year released favourite part game pick different setting farm beginning really original make different playthroughs fun overall pretty well fleshed game would consider classic point cozy easy world oyster,0.9942,1
224084787,english,beautiful graphics and a nice game to play with friends! i love games where you can harvest collect and craft things so this is perfect. especially the customizable features too. i also like that we have options to choose from and form relationships with the citizens of stardew. LOVE THIS GAME!,1777146856,1777146856,True,2,0,0.5454545617103576,False,0,True,False,beautiful graphic nice game play friend love game harvest collect craft thing perfect especially customizable feature also like option choose form relationship citizen stardew love game,0.9824,1
221180354,english,"Its calm, soothing and fairly simple although I would youtube or google a strategy guide first as there's a lot of helful beginner tips the game doesn't spell out (like building a chest to augment your limited storage, for example). I can definitely see why this game is so heavily rated, it's well worth full price!",1774028029,1774028029,True,2,0,0.5454545617103576,False,0,True,False,calm soothing fairly simple although would youtube google strategy guide first there lot helful beginner tip game doesnt spell like building chest augment limited storage example definitely see game heavily rated well worth full price,0.8268,1
220995912,english,Probably one of my favourite games I've played recently even when completing the whole game there is just a bunch more content to explore beyond the main completion. The game is perfect on its own without mods and then once you've explored what the base game has to offer you can add mods to then play the game in a whole new unique way. If you have the spare cash this game is definitely worth it.,1773857853,1773857853,True,2,0,0.5454545617103576,False,0,True,False,probably one favourite game ive played recently even completing whole game bunch content explore beyond main completion game perfect without mod youve explored base game offer add mod play game whole new unique way spare cash game definitely worth,0.9022,1
220685759,english,"One of the rare games you always want to come back to. It gives you that pleasant feeling every time you take a break and then return, somehow enjoying it even more than before. I’ve had a long history of loving Stardew Valley. One thing I’m absolutely sure about is that even years from now it will remain just as relevant and cozy as it has always been — it has already stood the test of time more than once
",1773522207,1773522207,True,2,0,0.5454545617103576,False,0,True,False,one rare game always want come back give pleasant feeling every time take break return somehow enjoying even ive long history loving stardew valley one thing im absolutely sure even year remain relevant cozy always already stood test time,0.9324,1
217605588,english,"A classic for a reason. Simple, charming, and endlessly relaxing, it’s like comfort food for gamers. Farming, friendships, and seasonal rhythm just hit different.",1770267691,1770267691,True,3,0,0.5454545617103576,False,0,True,False,classic reason simple charming endlessly relaxing like comfort food gamers farming friendship seasonal rhythm hit different,0.9274,1
217438662,english,This game calms myself down after a stressful day. It feels as if I can live a day feeling fulfilled and satisfied.,1770055822,1770055822,True,2,0,0.5454545617103576,False,0,True,False,game calm stressful day feel live day feeling fulfilled satisfied,0.6249,1
217343057,english,"Stardew Valley is one of those games that’s hard to fault. It’s relaxing, fun, and packed with stuff to do without ever feeling stressful. The art and music are super good, and you can play at your own pace. It couldn’t get better than this.. Try it if u haven't already",1769953198,1769953198,True,2,0,0.5454545617103576,False,4,True,False,stardew valley one game thats hard fault relaxing fun packed stuff without ever feeling stressful art music super good play pace couldnt get better try u havent already,0.9504,1
220488674,english,"One of the most coziest game I’ve ever played, ever have a hard day? Rough day? Tired of the world? This game fixes it all, I personally never imagined myself playing it but when I did, I just love it, anytime the world gets heavy you can resort to this game, would heavily recommend this game if yall wanna alter your brain chemistry and get all cozy and comfy 🫶",1773319124,1773319124,True,2,0,0.5435684919357299,False,0,True,False,one coziest game ive ever played ever hard day rough day tired world game fix personally never imagined playing love anytime world get heavy resort game would heavily recommend game yall wan na alter brain chemistry get cozy comfy,0.8703,1
216989009,english,"It's perfect.
You work on a farm,
You chop the wood
You water the plants
You tend to the crops
You sell things
You talk to the townsfolk

You download 100+ mods to sooth your crippling addiction to interior design and becoming a fashion icon and realize that you spent more time reorganizing the decorations in your house than tending to your crops which haven't been watered in three weeks,",1769562410,1769562410,True,2,0,0.5435684919357299,False,0,True,False,perfect work farm chop wood water plant tend crop sell thing talk townsfolk download mod sooth crippling addiction interior design becoming fashion icon realize spent time reorganizing decoration house tending crop havent watered three week,0.5719,1
216953080,english,"Stardew Valley is one of those games you open “just for a bit” and suddenly hours disappear. It’s relaxing, charming, and weirdly emotional in the best way. Whether I’m farming, fishing, or just talking to villagers, it always feels cozy and satisfying. Easily one of the most comforting games I’ve ever played.",1769530430,1769530430,True,2,0,0.542483627796173,False,0,True,False,stardew valley one game open bit suddenly hour disappear relaxing charming weirdly emotional best way whether im farming fishing talking villager always feel cozy satisfying easily one comforting game ive ever played,0.9612,1
219652590,english,"A wonderful, genre-defining milestone of a game. Literally revived the genre and set the bar for all future life sim/farming games. Coop is so well implemented. Tons of detail and love went into this game. I cannot imagine a better game to sit back, relax and immerse yourself into after a long day. 10/10, must play.",1772476013,1772476013,True,1,0,0.525547444820404,False,0,True,False,wonderful genredefining milestone game literally revived genre set bar future life simfarming game coop well implemented ton detail love went game imagine better game sit back relax immerse long day must play,0.9265,1
219514912,english,"It's Stardew Valley! We all know it at this point, I think. I am not usually one for farming sims and survival games (they are so tedious to me) but this one is surprisingly nice with a friend or a loved one. (Or a cherished friend!) I really appreciate the laid-back slice-of-life nature of the game. It's... Refreshing, to not HAVE to do anything. Anything and everything you do, you choose to do. If you don't want to, there are no consequences for not doing things.

The music is delightful and the modding scene seems vibrant with lore-friendly, unobtrusive expansions to the game. In case I didn't signal it strongly enough already, this is an excellent - perhaps the ultimate - relaxation game to enjoy alone or together with people you appreciate just... Chilling with.


The only criticism I had was addressed years ago, as when I first tried the game on release I totally fell in love with it, and then was apalled at the back-then gender-locked and heteronormative parts of game events and mechanics. These have since been updated to be more inclusive, so if you as a woman want to be friends with or date one of the many endearing women in the valley, you will no longer be forced to play a man's role during events and cutscenes. Likewise, the modding community has added options that allow you to tailor your personal experience to your preferences, including aro/ace, purely platonic or polyamourous solutions to the relationship dilemma.",1772345523,1772345523,True,1,0,0.525547444820404,False,0,True,False,stardew valley know point think usually one farming sims survival game tedious one surprisingly nice friend loved one cherished friend really appreciate laidback sliceoflife nature game refreshing anything anything everything choose dont want consequence thing music delightful modding scene seems vibrant lorefriendly unobtrusive expansion game case didnt signal strongly enough already excellent perhaps ultimate relaxation game enjoy alone together people appreciate chilling criticism addressed year ago first tried game release totally fell love apalled backthen genderlocked heteronormative part game event mechanic since updated inclusive woman want friend date one many endearing woman valley longer forced play man role event cutscenes likewise modding community added option allow tailor personal experience preference including aroace purely platonic polyamourous solution relationship dilemma,0.9953,1
217009027,english,"Beautiful game, beautiful soundtrack , everything you need from a farming sim.",1769591225,1769591225,True,1,0,0.5253164172172546,False,0,True,False,beautiful game beautiful soundtrack everything need farming sim,0.8316,1
224089262,english,"I've played a lot of Stardew across platforms and every time it has been great, rather playing with friends or doing a farm by myself. I think that stardew has a little bit of everything for everyone. Yes there is dating within the game, but it isn't the main thing going on. You are helping around the farm, community, and even on Ginger Island. A lot of aspects that can keep you preoccupied with.",1777150808,1777150808,True,1,0,0.5238095521926879,False,0,True,False,ive played lot stardew across platform every time great rather playing friend farm think stardew little bit everything everyone yes dating within game isnt main thing going helping around farm community even ginger island lot aspect keep preoccupied,0.8537,1
223738042,english,"This game is 10/10 game of the year every year. I have played it on all platforms due to how much i love it! and I am STILL finding out new things and secrets about the game! It's my top cozy game <3 <3 If you love cozy games, romancing characters, taking car of animals, a lil challenge then this is the perfect game",1776726483,1776726483,True,1,0,0.5238095521926879,False,0,True,False,game game year every year played platform due much love still finding new thing secret game top cozy game love cozy game romancing character taking car animal lil challenge perfect game,0.9776,1
221697414,english,"I can't recommend this game enough. ConcernedApe has gone above and beyond with his dedication to this game. There's so much to do, and the game is fairly consistently updated. There's no right or wrong way to play this game which is really refreshing. There's so much lore, and most of the characters are multi-dimensional with unique story arcs. This is one of my favorite games, and I don't ever see that changing.",1774475103,1774475103,True,1,0,0.5238095521926879,False,0,True,False,cant recommend game enough concernedape gone beyond dedication game there much game fairly consistently updated there right wrong way play game really refreshing there much lore character multidimensional unique story arc one favorite game dont ever see changing,-0.2523,1
221603632,english,"Well given that I have been playing this game on and off for the past 10 years, I would say highly recommend. 1 hour you say to play ha more like 1 day without knowing it. 

I really like the fact that the developer always adds new content every so often to keep the game fresh and inviting. 

Love to relax then yes get this.",1774380467,1774380467,True,1,0,0.5238095521926879,False,0,True,False,well given playing game past year would say highly recommend hour say play ha like day without knowing really like fact developer always add new content every often keep game fresh inviting love relax yes get,0.9808,1
221599392,english,Beautiful game. Wonderfully made and I have 600 hours on it and still want to play more. Would 100% recommend!,1774377177,1774377177,True,1,0,0.5238095521926879,False,0,True,False,beautiful game wonderfully made hour still want play would recommend,0.9268,1
221546775,english,when great balance of interactive but also turn my brain off idk how to describe but love this game 10/10,1774324188,1774324188,True,1,0,0.5238095521926879,False,0,True,False,great balance interactive also turn brain idk describe love game,0.8294,1
221460691,english,"Genuielly the coziest game I've played in a long time. For me, someone with major ADHD, it does take me keeping a list on my phone so that I can stay on track, but its such an amazing game, its so much fun, the graphics are amazing, and its just over so much fun.
For me, I love the marriage graphics as well, everytime I got for Harvey, he is the sweetest! I also really like the range of quests and characters, it helps the game be more immersive. Some games I've played have minimal quests and its easy and quick, but this challenges you, it also gives you a big range of time to finish it all. I also love how you can choose what you like to do most, mining, foraging, fishing, farming, completing quests, getting full hearts with everyone, etc.
ANYWAYS, I love the games and totally recommend it to someone who likes cozy games but also likes a bit of range and challenge.

TIPS IF YOU BOUGHT THE GAME: 
- Go to the cindersap forest every Friday and Sunday with money, towards the pink tree/secret forrest there is a cart that can help you finish the community center/help you buy things.
- Check the Stardew Valley WIKI for help, it has info on everything, from Fish to Foraging to Characters.
- If you friend certain characters they will send you things in the mail (I can't remember the characters but look it up on google or youtube)
- Cooking Lady is on the TV every Wednesday (Re-Run) and Sunday. She teaches you new recipes and can really help
- If you're going into the mines, pack high energy foods, you will get lower energy and not be able to finish automatically.
- Giving presents on characters birthdays majorly boosts friendship points
- Finish the community center earlier on, it may not seem important but trust me, it is, it unlocks a lot of important/helpful quests (Like Willy's Boat) and finishing bundles helps a lot (Like with the greenhouse, minecarts, bus to the desert, the quarry, etc.)",1774242575,1774242575,True,1,0,0.5238095521926879,False,0,True,False,genuielly coziest game ive played long time someone major adhd take keeping list phone stay track amazing game much fun graphic amazing much fun love marriage graphic well everytime got harvey sweetest also really like range quest character help game immersive game ive played minimal quest easy quick challenge also give big range time finish also love choose like mining foraging fishing farming completing quest getting full heart everyone etc anyways love game totally recommend someone like cozy game also like bit range challenge tip bought game go cindersap forest every friday sunday money towards pink treesecret forrest cart help finish community centerhelp buy thing check stardew valley wiki help info everything fish foraging character friend certain character send thing mail cant remember character look google youtube cooking lady tv every wednesday rerun sunday teach new recipe really help youre going mine pack high energy food get lower energy able finish automatically giving present character birthday majorly boost friendship point finish community center earlier may seem important trust unlocks lot importanthelpful quest like willys boat finishing bundle help lot like greenhouse minecarts bus desert quarry etc,0.9989,1
221454023,english,"Stardew Valley is a game I was not really sure about when I got it. I got it on sale because i saw other people play it and talk about how much they love the game, but after playing it for an hour or so I just didn't get it. It was only after playing it for a few hours more did it start to click why people like it so much.
It's a game about choices and time management. There will be many thing you may want to do, but the steps to get what you need can only be done at certain times and/or seasons, meaning if you miss a narrow window you'll need to remember next time - which could be an entire game year. 
This aspect drew me in, but the character of the storytelling and environment is what eventually kept me.",1774234876,1774234876,True,1,0,0.5238095521926879,False,0,True,False,stardew valley game really sure got got sale saw people play talk much love game playing hour didnt get playing hour start click people like much game choice time management many thing may want step get need done certain time andor season meaning miss narrow window youll need remember next time could entire game year aspect drew character storytelling environment eventually kept,0.89,1
221258512,english,"I'm really glad the developer didn't put any piracy measures for using my old pirated save file to continue the game. I was too broke back in the day so I was forced to pirate it. It's still such a good game where you can spend 100 hours of hours without any guilt. Really glad I bought it as the constant updates keep me going and you can get the entire game for one price (no microtransactions, loot boxes and DLCs except the soundtrack which is fair).",1774091086,1774091086,True,1,0,0.5238095521926879,False,0,True,False,im really glad developer didnt put piracy measure using old pirated save file continue game broke back day forced pirate still good game spend hour hour without guilt really glad bought constant update keep going get entire game one price microtransactions loot box dlcs except soundtrack fair,0.8137,1
221226354,english,"Stardew Valley is such a relaxing game, perfect for a chill day. You can manage your farm, your time, and honestly just do whatever you feel like.. farming, fishing, or exploring. It’s not competitive at all since everyone plays differently. You set your own goals, and even if you mess up, there’s always another year to try again… kind of like real life, but softer.",1774062968,1774062968,True,1,0,0.5238095521926879,False,0,True,False,stardew valley relaxing game perfect chill day manage farm time honestly whatever feel like farming fishing exploring competitive since everyone play differently set goal even mess there always another year try kind like real life softer,0.6751,1
220984933,english,"I'm so addicted to this game it's not even funny. As a gay loser in college, not only is the farming, decorating, animal care, etc fun, but the romance options are also real pretty. Fishing kinda sucks(because I suck at it), but otherwise I love it.",1773847428,1773847428,True,1,0,0.5238095521926879,False,0,True,False,im addicted game even funny gay loser college farming decorating animal care etc fun romance option also real pretty fishing kinda sucksbecause suck otherwise love,0.9315,1
220821572,english,"I've always disregarded/ignored farming sims and the like. I've been familiar with SDV for years and finally picked it up on sale....and I was hooked from the opening of the game! I had to force myself to delete the game at around 170 hours as I was finding every excuse in the book to spend my free time playing it. I wouldn't consider myself a newfound fan of the genre and I may never play another farming sim in my lifetime (unless it's more SDV ha ha). But Stardew is a special, lovingly crafted game in my opinion. Anyone that hasn't played this and is looking for a change of pace in their gaming diet should give this one a hard look first.",1773668765,1773669087,True,1,0,0.5238095521926879,False,0,True,False,ive always disregardedignored farming sims like ive familiar sdv year finally picked saleand hooked opening game force delete game around hour finding every excuse book spend free time playing wouldnt consider newfound fan genre may never play another farming sim lifetime unless sdv ha ha stardew special lovingly crafted game opinion anyone hasnt played looking change pace gaming diet give one hard look first,0.9171,1
220797936,english,"Hours Played: 160+

Expectation: peaceful farming game.

Reality:  
• running a massive wine empire  
• committing daily cave expeditions for iridium  
• bribing villagers with gifts so they love me
• Your real-life responsibilities will suffer

10/10 farming simulator.",1773632515,1773632515,True,1,0,0.5238095521926879,False,0,True,False,hour played expectation peaceful farming game reality running massive wine empire committing daily cave expedition iridium bribing villager gift love reallife responsibility suffer farming simulator,0.7832,1
220460701,english,"I liked it. It looks like an old game from my childhood and it makes the game more atmospheric. Also, I can play with my friends and develop our farm together that’s great. I think I’ll play this game again",1773275837,1773275837,True,1,0,0.5238095521926879,False,0,True,False,liked look like old game childhood make game atmospheric also play friend develop farm together thats great think ill play game,0.946,1
220394225,english,best little game ever! not since skyrim have i played a game so much & enjoyed myself. would highly recomend,1773195759,1773195759,True,1,0,0.5238095521926879,False,0,True,False,best little game ever since skyrim played game much enjoyed would highly recomend,0.8878,1
220323321,english,"It's funny. I followed the development of this game for two years before it was released. It's been 10 years since it released. That means I've known about this game and been excited for it for 12 years now. Until just this week though, I have not truly played the game. I would pick it up for an hour here and there and man, the years sure went by...so glad after all this time to actually start a real playthrough. An amazing game, top three right next to the greats like Minecraft and Terraria.",1773113404,1773113404,True,1,0,0.5238095521926879,False,0,True,False,funny followed development game two year released year since released mean ive known game excited year week though truly played game would pick hour man year sure went byso glad time actually start real playthrough amazing game top three right next great like minecraft terrarium,0.9225,1
220300136,english,This is one of my all time favorite games!! There is so many different ways to play and its great with friends. i love the in depth character stories. i recommend this game constantly to my friend groups.,1773087088,1773087088,True,1,0,0.5238095521926879,False,0,True,False,one time favorite game many different way play great friend love depth character story recommend game constantly friend group,0.9722,1
220264556,english,This is one of the most fun games I've ever played and quickly becoming an addiction for me. I recommend!,1773054152,1773054152,True,1,0,0.5238095521926879,False,0,True,False,one fun game ive ever played quickly becoming addiction recommend,0.831,1
220207350,english,"Great game if you want something calm and chill, also has cute romance",1772993774,1772993774,True,1,0,0.5238095521926879,False,0,True,False,great game want something calm chill also cute romance,0.9231,1
220201083,english,I love this game all the time it olmst never gets boring (after 100hours of expirience),1772989363,1776262563,True,1,0,0.5238095521926879,False,0,True,True,love game time olmst never get boring hour expirience,0.7321,1
220135720,english,stardew valley changed the trajectory of my life and helped me discover my passion in routine. this game never gets old and I can pick it up at any time and immediately get sucked into it.,1772930267,1772930267,True,1,0,0.5238095521926879,False,0,True,False,stardew valley changed trajectory life helped discover passion routine game never get old pick time immediately get sucked,0.0,1
220020165,english,"I love this game, its my favorite past time. It's very cozy, I love building my lil farm while my bf slays monsters in the mines.",1772833070,1772833070,True,1,0,0.5238095521926879,False,0,True,False,love game favorite past time cozy love building lil farm bf slays monster mine,0.9081,1
220019522,english,its fun for players who like farming games but its super boring without money,1772832566,1772832566,True,1,0,0.5238095521926879,False,0,True,True,fun player like farming game super boring without money,0.743,1
220011371,english,"Seriously one of my favourite games i have ever played. You can relax or grind, my favourite thing to do. Plus the creator is amazing and really looks out for the games fanbase! My friend bought me it for my switch and after almost 400 hours of play time, in a very short time, i decided i want to play with mods so i bought it on the PC. I love this lil farm simulator. There are so many aspects to the game that make it fun, you dont even have to farm if you dont want to! Theres tons of exploring to do in the game, mining, fishing, marriage, kids, islands!! The games so good i even bought it for my friend knowing she would love it as much as i did! I highly reccomend this game for single player or co-op!",1772826409,1772826409,True,1,0,0.5238095521926879,False,0,True,False,seriously one favourite game ever played relax grind favourite thing plus creator amazing really look game fanbase friend bought switch almost hour play time short time decided want play mod bought pc love lil farm simulator many aspect game make fun dont even farm dont want there ton exploring game mining fishing marriage kid island game good even bought friend knowing would love much highly reccomend game single player coop,0.9889,1
219955248,english,"the best game i ever played its so relaxing game 
if you love terraria and minecraft you should love this game
this game is about (farming), raising animals, fighting diffrenet monsters, fishing, and esploration
هذي افضل لعبة لعبتها في حياتي لعبة حقت رايقين
اذا تحب تيراريا وماينكرافت اتوقع انك رح تحب هذي اللعبه
اللعبه هذي تتمحور عن الزراعه, وتربية الحيوانات, وقتال وحوش كثيرة, ,والصيد, والاستكشاف",1772778739,1772778739,True,1,0,0.5238095521926879,False,0,True,True,best game ever played relaxing game love terrarium minecraft love game game farming raising animal fighting diffrenet monster fishing esploration,0.9516,1
219913375,english,"I think what separates Stardew Valley from other games of the genre is that it has so much damn heart & soul to it. You can tell just from playing it; from the way the seasons, holidays and events are represented, from the coversations and relationships you encounter with the townsfolk and other creatures, to the insanely good sound track - all of it culminates into this incredibly rewarding, emotional and memorable experience that you will remember and come back to for years. There is nothing else like SDV, a lot of people have tried, but I don't think anything matches up to it and there's a good chance never will.",1772741588,1772741640,True,1,0,0.5238095521926879,False,0,True,False,think separate stardew valley game genre much damn heart soul tell playing way season holiday event represented coversations relationship encounter townsfolk creature insanely good sound track culminates incredibly rewarding emotional memorable experience remember come back year nothing else like sdv lot people tried dont think anything match there good chance never,0.8671,1
219869282,english,"I used to wonder what people meant when they said Stardew Valley is a relaxing and fun game. When I first started out it seemed boring. But after pushing through the first few boring parts of the game, the fun suddenly escalates. All the content in this game is bound to occupy u for hours at a time and playing with friends only makes it better. Marrying. mining, farming, exploring, going to ginger island, going to all the different areas in the game is exhilarating in a good way. The game has tons of dialogues based on situations u find urself in. Decorating and making sheds full of production facilities could not be more satisfying. Hands down the best farming simulator on mobile and pc. Across Minecraft mods and Roblox games this is the best one. Furthermore the game is still updating and new content is still being added. There is also a bunch of endgame content too, leaving u with options even after finishing the ""main/most"" part. Going for perfection. Even so, u can always start new playthroughs with a different farm though I recommend starting with the standard one first. And try new options and routes u didn't do before like marrying a different spouse or going with bat cave instead of mushroom cave. Plus, mods are always there. Especially the extended Stardew Valley mod. I myself have not finished my first playthrough. I'm at the end of year 2 with 75hrs played. That's longer than I spent on my first Terraria playthrough. I definitely recommend purchasing and playing this game. You need not play it everyday at every moment to enjoy it. So take your time. I also recommend playing with minimal help from the wiki. Only checking if u want stuff like what are the NPCs favorite gifts and which are the best dialogue choices. Other than that I suggest you refrain from camping the wiki. Watch videos too, but don't watch tutorials preferably. Have fun playing Stardew Valley :D",1772703914,1772703914,True,1,0,0.5238095521926879,False,0,True,False,used wonder people meant said stardew valley relaxing fun game first started seemed boring pushing first boring part game fun suddenly escalates content game bound occupy u hour time playing friend make better marrying mining farming exploring going ginger island going different area game exhilarating good way game ton dialogue based situation u find urself decorating making shed full production facility could satisfying hand best farming simulator mobile pc across minecraft mod roblox game best one furthermore game still updating new content still added also bunch endgame content leaving u option even finishing mainmost part going perfection even u always start new playthroughs different farm though recommend starting standard one first try new option route u didnt like marrying different spouse going bat cave instead mushroom cave plus mod always especially extended stardew valley mod finished first playthrough im end year hr played thats longer spent first terrarium playthrough definitely recommend purchasing playing game need play everyday every moment enjoy take time also recommend playing minimal help wiki checking u want stuff like npc favorite gift best dialogue choice suggest refrain camping wiki watch video dont watch tutorial preferably fun playing stardew valley,0.9979,1
219825835,english,"Stardew Valley is an amazing farming game. You can make money, build relationships, and explore mines. There is always something to do. I love the freedom in this game!",1772654058,1772654058,True,1,0,0.5238095521926879,False,1,True,False,stardew valley amazing farming game make money build relationship explore mine always something love freedom game,0.9259,1
219702636,english,a cute and cozy game that is also quite simple and not too difficult to understand. it's easy to get lost in and i can find myself playing for hours at a time :) it's also more than simply just farming!,1772538528,1772538528,True,1,0,0.5238095521926879,False,0,True,False,cute cozy game also quite simple difficult understand easy get lost find playing hour time also simply farming,0.869,1
224104155,english,"Finally a game like sword art online fractured daydream. 

Loved marrying every single character in the town and then divorcing them. Just how my wife left me.

My kid wouldn’t stop crying while  grinded to get my first ancient fruit.

Would definitely buy again!!!

2/10",1777167445,1777167445,False,1,1,0.5004332661628723,False,0,True,False,finally game like sword art online fractured daydream loved marrying every single character town divorcing wife left kid wouldnt stop cry grinded get first ancient fruit would definitely buy,0.6884,0
224247413,english,"It's a cute and cozy game that makes you feel comfortable. The music and overall design of the game are perfect and the characters have interesting personalities unlike any other game that would be similar to stardew valley. The only ""bad thing"" I have to say is it's too addicting! :D Everytime I want to stop playing, there's another thing I want to do, so I keep telling myself ""only one more day"" and play for a few more hours without noticing! So far I've played 3 years in my world and it seems there is endless content. There is always something new to discover. Absolutely recommend.",1777332453,1777332453,True,0,0,0.5,False,0,True,False,cute cozy game make feel comfortable music overall design game perfect character interesting personality unlike game would similar stardew valley bad thing say addicting everytime want stop playing there another thing want keep telling one day play hour without noticing far ive played year world seems endless content always something new discover absolutely recommend,0.9688,1
224246953,english,"One of my absolute favorite games!!! Cozy and is so fun to play multiple times with different farm types. SO easy to sink many hours into. As someone who was obsessed with rune factory/harvest moon as a kid, it is an extremely nostalgic type of game for me.",1777331828,1777331828,True,0,0,0.5,False,0,True,False,one absolute favorite game cozy fun play multiple time different farm type easy sink many hour someone obsessed rune factoryharvest moon kid extremely nostalgic type game,0.9326,1
224244114,english,"10/10. Challenging game, fun both alone and with friends. I like that you can focus on the parts of the game you like the most without it ruining too much. If I get bored of fishing I can do mining or farming. Cute animals!! I love it all",1777328050,1777328050,True,0,0,0.5,False,0,True,False,challenging game fun alone friend like focus part game like without ruining much get bored fishing mining farming cute animal love,0.9564,1
224240116,english,"I struggle to think of any other farming game I've played that can even come close to this one. Even without mods, easy you can go hundreds of hours. And then you throw mods on and realize thousands of hours is more than possible. Oh what's that? Multiplayer too (and you can stack mods for Multiplayer)?! It is astounding that even at full price you are getting 100x your money's worth. If you plan on getting this on discount, then just know you really can't go wrong with it (it's almost devious how good a deal that would be since the game is so content packed).

Seriously, Stardew Valley might be the definition of a good game to just relax to. I feel like there's a little something for everyone and the pace at which you go is yours to control.",1777323149,1777323149,True,0,0,0.5,False,0,True,False,struggle think farming game ive played even come close one even without mod easy go hundred hour throw mod realize thousand hour possible oh whats multiplayer stack mod multiplayer astounding even full price getting x money worth plan getting discount know really cant go wrong almost devious good deal would since game content packed seriously stardew valley might definition good game relax feel like there little something everyone pace go control,0.927,1
224236775,english,"Very cool game with many different aspects such as farming, fishing, wildlife and many more that they put much effort into this. high recommend this if you want to chill",1777319828,1777319828,True,0,0,0.5,False,0,True,False,cool game many different aspect farming fishing wildlife many put much effort high recommend want chill,0.659,1
224230644,english,"fun game very fun simulator esc game. very customisable lots of dialogue and no lag considering I'm on a low end device. I recommend the game to pretty much anyone, only downside is no crossplay which I am upset about and hope to see it come soon
Other than that I catch myself saying that I'll hop off after this day and end up playing 5 more days before realising I've just crunched another 2 hrs into the game.
9.5/10",1777313725,1777313725,True,0,0,0.5,False,0,True,False,fun game fun simulator esc game customisable lot dialogue lag considering im low end device recommend game pretty much anyone downside crossplay upset hope see come soon catch saying ill hop day end playing day realising ive crunched another hr game,0.6705,1
224227985,english,"Overall great game. Itis very good at telling stories such as,

SPOILERS:
Linus being homeless and people not treating him right.
Shane being alcoholic and dealing with those struggles.
Willy's shop not getting visited and maybe going out of buisness.

Anyways, I love this game and have played it for maybe 6 years.",1777311004,1777311004,True,0,0,0.5,False,0,True,False,overall great game itis good telling story spoiler linus homeless people treating right shane alcoholic dealing struggle willys shop getting visited maybe going buisness anyways love game played maybe year,0.908,1
224226993,english,I truly love this game. Definetly recommending it for everyone. I play this game on my phone on the mornings and it just gets me zoned out of the world. Getting addicted for a while is easy and the in-game story is just unbeatable. In my Top 5 of all time definetly.,1777309985,1777309985,True,0,0,0.5,False,0,True,False,truly love game definetly recommending everyone play game phone morning get zoned world getting addicted easy ingame story unbeatable top time definetly,0.9217,1
224226436,english,"Reject corporate greed, become the egoistical farmer that you’re always meant to be, Embrace the individual greed and take over the valley!",1777309453,1777309453,True,0,0,0.5,False,0,True,False,reject corporate greed become egoistical farmer youre always meant embrace individual greed take valley,-0.7263,1
224200937,english,"Amazing game, super lovable and entertaining. 12/10 stars, a great game.",1777276691,1777276691,True,0,0,0.5,False,0,True,False,amazing game super lovable entertaining star great game,0.9623,1
224196416,english,Played for a couple years on Switch and finally got a PC to play it on too. Love it on either!,1777267977,1777267977,True,0,0,0.5,False,0,True,False,played couple year switch finally got pc play love either,0.8516,1
224188698,english,"Stardew Valley is one of my absolute favorite games. I learn knew details about the game every time I play and it is so incredibly relaxing. There is something for everyone, farming, mining, fighting monsters, building relationships, fishing and more.",1777255687,1777255687,True,0,0,0.5,False,0,True,False,stardew valley one absolute favorite game learn knew detail game every time play incredibly relaxing something everyone farming mining fighting monster building relationship fishing,0.7698,1
224185476,english,"This game is charming, fun, restful and has so many great activities. The deep lore is fascinating. Its a game you will replay for years, and enjoy every time.",1777251074,1777251074,True,0,0,0.5,False,0,True,False,game charming fun restful many great activity deep lore fascinating game replay year enjoy every time,0.9669,1
224185071,english,"My fav casual game apart from maybe a certain gacha slop game. I play stardew so casually when im feeling down, up, maybe got a new job, or when I graduated. Its oddly comforting, despite I dont think that is the intent. I love stardew, and has to be one of the top games OAT",1777250492,1777250492,True,0,0,0.5,False,0,True,False,fav casual game apart maybe certain gacha slop game play stardew casually im feeling maybe got new job graduated oddly comforting despite dont think intent love stardew one top game oat,0.9552,1
224184502,english,"Starting your farm is a bit slow but after that it becomes super fun. I enjoy having a routine of having to water crops, feeding animals, collecting eggs, etc. The only issue I have with the game is that the days aren't that long. I wish there was a little bit more time in a day or the ability to stay up past 2am. I haven't been able to explore the mines as much as I would like as time during the day limits it, especially if you have to do farm chores prior to going into the mines. Overall, this game has been so much fun to wind down at night with. I love how cozy and easy it is (besides fishing). I highly recommend this game! :)",1777249755,1777249755,True,0,0,0.5,False,0,True,False,starting farm bit slow becomes super fun enjoy routine water crop feeding animal collecting egg etc issue game day arent long wish little bit time day ability stay past havent able explore mine much would like time day limit especially farm chore prior going mine overall game much fun wind night love cozy easy besides fishing highly recommend game,0.992,1
224183310,english,"this game is genuinely the best ive ever played, the co op mode is my favorite, however i wish you could romance gus, and i also wish that the traveling cart lady was romanceable aswell, other than that, the game is a 100/10",1777248181,1777248181,True,0,0,0.5,False,0,True,False,game genuinely best ive ever played co op mode favorite however wish could romance gu also wish traveling cart lady romanceable aswell game,0.9559,1
224180409,english,"Endless amazing content for cheap, buy it and enjoy it for years to come",1777244476,1777244476,True,0,0,0.5,False,0,True,False,endless amazing content cheap buy enjoy year come,0.7906,1
224179953,english,*The* farm sim in my head. Fun to play in short bursts with a satisfying gameplay loop.,1777243926,1777243926,True,0,0,0.5,False,0,True,False,farm sim head fun play short burst satisfying gameplay loop,0.8271,1
224178218,english,"I love this game, it's satisfying, low-stress, and very pretty in every way. I wonder how many of the features I see on other peoples play-thru involves cheats or paying for upgrades, versus my own incompetence knowing how to level up and unlock some of the accomplishments. I love this game, and I will continue to play. I just am overwhelmed by what I see others playing and my version.",1777241894,1777241894,True,0,0,0.5,False,0,True,False,love game satisfying lowstress pretty every way wonder many feature see people playthru involves cheat paying upgrade versus incompetence knowing level unlock accomplishment love game continue play overwhelmed see others playing version,0.9216,1
224177998,english,"The ultimate cooldown game. Great music, character arcs and ability to customise your farm to your heart's desire.",1777241649,1777241649,True,0,0,0.5,False,0,True,False,ultimate cooldown game great music character arc ability customise farm heart desire,0.8442,1
224177053,english,"One of the greatest games of all time, it means so much to me. Thanks, ConcernedApe!",1777240525,1777240525,True,0,0,0.5,False,0,True,False,one greatest game time mean much thanks concernedape,0.8122,1
224171325,english,"I keep coming back to Stardew whenever there is an update, when I'm looking to lose myself in a cozy world, when I want to challenge myself with one of a million challenge runs created by YouTube content creators, or when I want to socialize with friends. Between the joys of playing and the wholesome community and developer, we couldn't ask for anything more. It's no wonder the genre has come back in full force - Stardew Valley paved the way.",1777234924,1777234924,True,0,0,0.5,False,0,True,False,keep coming back stardew whenever update im looking lose cozy world want challenge one million challenge run created youtube content creator want socialize friend joy playing wholesome community developer couldnt ask anything wonder genre come back full force stardew valley paved way,0.7287,1
224169626,english,"It's sooo much fun, I really feel addicted to this game. Got it yesterday and I already played for 9 hours.",1777233391,1777233391,True,0,0,0.5,False,0,True,False,sooo much fun really feel addicted game got yesterday already played hour,0.6908,1
224166009,english,"No game is perfect, but Stardew Valley is the closest yet. I love this game and it's community. I can't wait to see what's next from ConcernedApe",1777230337,1777230337,True,0,0,0.5,False,0,True,False,game perfect stardew valley closest yet love game community cant wait see whats next concernedape,0.8201,1
224156344,english,"Hello farmers, girlfriend downloaded the game and a bunch of mods on it aswell, dont get to see my girlfriend or my computer anymore, but sometimes she lets me do skull cavern runs because shes scared of the green flying thingies and the mummies, overall very cool except having to search up a villagers top5 gifts or layouts for iridium sprinklers every 30 seconds. ""I can get a mod for this"" she says as i write this, yet she never does.. She spent like 30 minutes looking for a saves folder so she could transfer her SV save from her iphone to the computer. Atleast shes developing IT skills from all those polyamory mods shes downloading. 10/10 would recommend!",1777222426,1777222426,True,0,0,0.5,False,0,True,False,hello farmer girlfriend downloaded game bunch mod aswell dont get see girlfriend computer anymore sometimes let skull cavern run shes scared green flying thingies mummy overall cool except search villager top gift layout iridium sprinkler every second get mod say write yet never spent like minute looking save folder could transfer sv save iphone computer atleast shes developing skill polyamory mod shes downloading would recommend,0.8917,1
224137730,english,"Very good for people that don't want to stress (you will still stress a huge amount, probably more than other games) Very very good",1777207070,1777207070,True,0,0,0.5,False,0,True,False,good people dont want stress still stress huge amount probably game good,0.9028,1
224131526,english,"Relaxing easy game for people who like simulations and easy fighting. Lots to do, and no 'correct order' to do it all in! Get there in your own time. My go to game to destress!",1777200954,1777200954,True,0,0,0.5,False,0,True,False,relaxing easy game people like simulation easy fighting lot correct order get time go game destress,0.8118,1
224131506,english,"Beautiful, kind, interesting and attractive game",1777200932,1777200932,True,0,0,0.5,False,0,True,False,beautiful kind interesting attractive game,0.9169,1
224128988,english,"the best game i have ever played, especially you can marry the woman you want and according to your taste, i am very happy to be able to play a game like this",1777198257,1777198427,True,0,0,0.5,False,0,True,False,best game ever played especially marry woman want according taste happy able play game like,0.9412,1
224125880,english,"Insanely fun and whimsical - will always be in my top 3 games oat and in have a special place in my heart.

*May be addicted (It will force you to drop school/work to make sure you water your crops daily)",1777194715,1777194715,True,0,0,0.5,False,0,True,False,insanely fun whimsical always top game oat special place heart may addicted force drop schoolwork make sure water crop daily,0.8074,1
224116907,english,"its a fun little game to play and get lost in,  hunt for achievement's goals and play with a few friends.",1777183568,1777183568,True,0,0,0.5,False,0,True,False,fun little game play get lost hunt achievement goal play friend,0.8112,1
224109054,english,"one of the best games, bought for any device that could play it over the years. So many hours put into this game and so many ways to go about playing each playthrough. 10/10",1777173522,1777173522,True,0,0,0.5,False,0,True,False,one best game bought device could play year many hour put game many way go playing playthrough,0.8126,1
224102921,english,"I absolutely love this game! It is so adorable and very fun! The quests aren't so challenging that they're frustrating, but they're also not all so easy it's boring. I am hooked!",1777165853,1777165853,True,0,0,0.5,False,0,True,False,absolutely love game adorable fun quest arent challenging theyre frustrating theyre also easy boring hooked,0.8351,1
224095384,english,A fun and mostly simple game with plenty of complicated extras to have fun with. I love it.,1777156728,1777156728,True,0,0,0.5,False,0,True,False,fun mostly simple game plenty complicated extra fun love,0.8957,1
224090719,english,"One of my all time favorite games. I've bought it on 3 different platforms, including Steam, and have logged over 300 hours. This game is a classic in farm sims for a reason. Once you get used to the time restrictions, it's addictive, and it feels very rewarding to see your farm flourish. This is my comfort game on bad days. 
Sebastian will always be my husband, no matter how much I try to choose someone else on a different playthrough. I just can't do it. The silly emo boi won my heart. Together we have kids, a cat, a frog named Toad, a toad named Frog, and the weirdest little farm because I can't do aesthetic layouts to save my life. I'll feed my emo husband as much sashimi and pumpkin soup as his little pixel heart can handle, and we'll live happily in every playthrough until the farm fields are razed by time. 
10/10, would highly recommend Stardew Valley.",1777152143,1777152143,True,0,0,0.5,False,0,True,False,one time favorite game ive bought different platform including steam logged hour game classic farm sims reason get used time restriction addictive feel rewarding see farm flourish comfort game bad day sebastian always husband matter much try choose someone else different playthrough cant silly emo boi heart together kid cat frog named toad toad named frog weirdest little farm cant aesthetic layout save life ill feed emo husband much sashimi pumpkin soup little pixel heart handle well live happily every playthrough farm field razed time would highly recommend stardew valley,0.944,1
224090367,english,"I get the hype. It's a fun, simple game that you can play even when you're running on empty.",1777151851,1777151851,True,0,0,0.5,False,0,True,False,get hype fun simple game play even youre running empty,0.5994,1
224088131,english,"This game is so long, but there is so much variety in gameplay that I can play it for hours on end. I love it. Especially when playing with friends.",1777149816,1777149816,True,0,0,0.5,False,0,True,False,game long much variety gameplay play hour end love especially playing friend,0.9491,1
224084166,english,"a very good game, at first it may seem difficult but once you get the hang of it, it plays well
I highly recommend it",1777146423,1777146423,True,0,0,0.5,False,0,True,False,good game first may seem difficult get hang play well highly recommend,0.8476,1
224083011,english,"when games are actual mental therapy. a game that wields feelings and emotions with the technical grace of an e-sports champion.  one of the best examples in gaming history of ""the whole is greater than the sum of its parts.""",1777145492,1777145492,True,0,0,0.5,False,0,True,False,game actual mental therapy game wields feeling emotion technical grace esports champion one best example gaming history whole greater sum part,0.9246,1
224082872,english,"amazing game
i reacomend everyone to try this game realy fun when you know a bit what you are doing
probaly my moast played games over 1000 hours combined with my xbox accout
",1777145369,1777145369,True,0,0,0.5,False,0,True,False,amazing game reacomend everyone try game realy fun know bit probaly moast played game hour combined xbox accout,0.8591,1
224082050,english,The ultimate cozy and creative farm/social sim. So much content and just visually attractive,1777144706,1777144706,True,0,0,0.5,False,0,True,False,ultimate cozy creative farmsocial sim much content visually attractive,0.7003,1
224079396,english,I'll probably play this game until I die or lose feeling in my hands. It's a life long favourite that is cozy on a whole other level. I'll beg you to give this a try if you are looking for a warm hearted break from the current reality.,1777142548,1777142548,True,0,0,0.5,False,0,True,False,ill probably play game die lose feeling hand life long favourite cozy whole level ill beg give try looking warm hearted break current reality,-0.4215,1
224076472,english,"Great game for single and cross play. A bit hard at the beginning, as no standard of ""explanation"" on how to play, but it's even more realistic",1777140153,1777140153,True,0,0,0.5,False,0,True,False,great game single cross play bit hard beginning standard explanation play even realistic,0.4854,1
224070811,english,I have 50+ hours on my computer and 200+ hours on my Switch. It is one of my favorite games ever. It is a super relaxing game and I love every part of it. Highly recommend.,1777135685,1777135685,True,0,0,0.5,False,0,True,False,hour computer hour switch one favorite game ever super relaxing game love every part highly recommend,0.9524,1
224067523,english,"Chill game... which can be not so chill, if you make it so. 
Farm. Rear animals. Kill monsters. Do anything you like.",1777133036,1777133036,True,0,0,0.5,False,0,True,False,chill game chill make farm rear animal kill monster anything like,-0.4939,1
224059572,english,"Stardew Valley is an incredibly charming and relaxing game that offers a perfect escape from the stress of everyday life. From the moment you arrive at your grandfather’s old farm, the game draws you into a peaceful world full of possibilities. Whether you enjoy farming, fishing, mining, or building relationships with the townspeople, there is always something meaningful to do.

One of the best aspects of Stardew Valley is its freedom. You can play at your own pace without feeling rushed, which makes the experience very enjoyable and personal. The pixel art style is simple yet beautiful, and the music perfectly matches the calm atmosphere of the game.

The characters in the game are also surprisingly deep and interesting. As you get to know them, you uncover their stories, struggles, and personalities, which makes the town feel alive. This emotional connection adds a lot to the overall experience.

Overall, Stardew Valley is more than just a farming game — it’s a heartfelt and immersive experience that anyone can enjoy. It’s definitely one of the best indie games ever made.",1777126556,1777126556,True,0,0,0.5,False,0,True,False,stardew valley incredibly charming relaxing game offer perfect escape stress everyday life moment arrive grandfather old farm game draw peaceful world full possibility whether enjoy farming fishing mining building relationship townspeople always something meaningful one best aspect stardew valley freedom play pace without feeling rushed make experience enjoyable personal pixel art style simple yet beautiful music perfectly match calm atmosphere game character game also surprisingly deep interesting get know uncover story struggle personality make town feel alive emotional connection add lot overall experience overall stardew valley farming game heartfelt immersive experience anyone enjoy definitely one best indie game ever made,0.996,1
224059567,english,"It actually not better than harvest moon, but its nostalgic to farming simulator tho, nostalgia with some new mechanic and gameplay, who can refuse to it!",1777126551,1777126551,True,0,0,0.5,False,0,True,False,actually better harvest moon nostalgic farming simulator tho nostalgia new mechanic gameplay refuse,-0.5852,1
223137160,english,This game stressed me out so much. The days are far too short. I got lost or wanted to explore and it's already getting dark.,1776026017,1776026017,False,6,5,0.4707784354686737,False,2,True,False,game stressed much day far short got lost wanted explore already getting dark,-0.5719,0
223745084,english,"​Stardew Valley is, at its core, a masterpiece of the cozy-farming genre. Whether you’re meticulously planning your crop rotations, delving into the mines, or wooing the local villagers, the game offers a level of charm and depth that is rarely matched. It shines brightest when played with a partner or friends—sharing the workload of a growing farm makes the experience feel truly collaborative and rewarding.
​The Breaking Point: ""Connecting to Online Services...""
However, the current technical state of the game has made it nearly impossible to recommend for those looking for that specific multiplayer magic. Recently, many players (myself included) have hit a literal brick wall: the co-op menu often hangs indefinitely on the message ""connecting to online services."" This isn't just a minor lag spike; it’s a total service failure that prevents the multiplayer menu from even loading, effectively stripping away the game’s best feature. While the single-player experience remains intact, the lack of a reliable fix for these server-side handshake issues makes the ""Co-op"" button feel like a decorative ornament rather than a functional feature.",1776735908,1776735908,False,0,0,0.4702194333076477,False,0,True,False,stardew valley core masterpiece cozyfarming genre whether youre meticulously planning crop rotation delving mine wooing local villager game offer level charm depth rarely matched shine brightest played partner friendssharing workload growing farm make experience feel truly collaborative rewarding breaking point connecting online service however current technical state game made nearly impossible recommend looking specific multiplayer magic recently many player included hit literal brick wall coop menu often hang indefinitely message connecting online service isnt minor lag spike total service failure prevents multiplayer menu even loading effectively stripping away game best feature singleplayer experience remains intact lack reliable fix serverside handshake issue make coop button feel like decorative ornament rather functional feature,0.9832,0
223888582,english,"You found a Stardrop! It's strange, but the taste reminds you that happiness can be found everywhere! Especially here!! :)",1776918383,1776918383,True,3,0,0.56521737575531,False,0,True,False,found stardrop strange taste reminds happiness found everywhere especially,0.9019,1
224229087,english,chilling and adictive at the same time!! it is just surreal to know that one single person did this... beautiful,1777312162,1777312162,True,0,0,0.5,False,0,True,False,chilling adictive time surreal know one single person beautiful,0.658,1
224186790,english,"Okay with friends.
Amazing by yourself.
This game is my top game of all time!",1777252977,1777252977,True,0,0,0.5,False,0,True,False,okay friend amazing game top game time,0.8718,1
224045322,english,IF YOU PLAY THIS GAME YOU WILL EITHER A) BECOME YOUR LIFE OR B) DO GET INTO IT. ITS A DANGEROUS GAME TO START.,1777111941,1777111941,True,0,0,0.5,False,0,True,False,play game either become life b get dangerous game start,-0.1779,1
223953397,english,Yessssssssssssssssssss Clint Haley Alex Sam Elliot Jodi Pam Pierre Harvey Maru Demetrius Robin Leah Marnie Jas Vincent Penny Emily Gus Gunther Sebastian Abigail Wizard Linus George Evelyn Willy Caroline,1777000673,1777000673,True,0,0,0.5,False,0,True,False,yessssssssssssssssssss clint haley alex sam elliot jodi pam pierre harvey maru demetrius robin leah marnie jas vincent penny emily gu gunther sebastian abigail wizard linus george evelyn willy caroline,0.0,1
223948315,english,"A marvel of a game, let alone one made by a single developer. 10 years on, it is as joyful, warm, and incredibly fun as ever. A remarkable achievement and an undeniable modern classic.",1776992977,1776992977,True,0,0,0.5,False,0,True,False,marvel game let alone one made single developer year joyful warm incredibly fun ever remarkable achievement undeniable modern classic,0.9299,1
223931456,english,I suck at fishing but everything else is so good!! farmimg is so cozy i could do it for hours,1776972128,1776972128,True,0,0,0.5,False,0,True,False,suck fishing everything else good farmimg cozy could hour,0.6952,1
223880985,english,"This game is laid-back, but sometimes it requires grinding.",1776906605,1776906605,True,0,0,0.5,False,0,True,False,game laidback sometimes requires grinding,0.0,1
223865247,english,"I get the hype. You can make it as leisurely or as stressful as you want. You can interact with the towns people and follow the story line or be a hermit. You can have a partner and a baby, or not. You can decorate and be whimsical, or not. The animals are cute, the sounds are nice. I just wish there was more time in a day, it's difficult to make is around town and back in time, or farm anything fast enough. It took way too long to craft things to gain speed and I wish they also made you chop wood faster.  It would be fun if each year or season brought more/new challenges or side quests. I'm on year 5 and starting to feel like I'm on a hampster wheel a bit. But overall I really like the game to distract from life for a bit. It's easy to hop in and out of.",1776886484,1776886484,True,0,0,0.5,False,0,True,False,get hype make leisurely stressful want interact town people follow story line hermit partner baby decorate whimsical animal cute sound nice wish time day difficult make around town back time farm anything fast enough took way long craft thing gain speed wish also made chop wood faster would fun year season brought morenew challenge side quest im year starting feel like im hampster wheel bit overall really like game distract life bit easy hop,0.9109,1
223847827,english,"90 hours on Xbox, starting on PC for mods, good game",1776869446,1776869446,True,0,0,0.5,False,0,True,False,hour xbox starting pc mod good game,0.4404,1
223826354,english,Very relaxing and enjoyable! great way to wind down and manage stress,1776838747,1776838747,True,0,0,0.5,False,0,True,False,relaxing enjoyable great way wind manage stress,0.85,1
223822749,english,"Fishing, farming, and giving mayo and emeralds to my future wife. I can't ask for anything more, 10/10.",1776832202,1776832202,True,0,1,0.5,False,2,True,False,fishing farming giving mayo emerald future wife cant ask anything,0.34,1
222942711,english,"Incredible amazing all the good things. I've played over a hundred hours in the past two weeks tho oops

(Update: wish there was a warning for Shane's six heart event)",1775827361,1776880249,True,0,0,0.5,False,0,True,False,incredible amazing good thing ive played hundred hour past two week tho oops update wish warning shanes six heart event,0.8555,1
224147484,english,Very fun and healing! I love this game and cannot stop playing,1777215417,1777215417,True,1,0,0.5238095521926879,False,0,True,False,fun healing love game stop playing,0.8549,1
